wrote 120 frames
FRAME 0 54
0.281335 0.031948 -0.055001
0.252432 0.034986 -0.044230
0.252236 0.040875 -0.044474
0.238557 0.095135 -0.044942
0.228202 0.135635 -0.048121
0.224442 0.121562 -0.044374
0.214343 0.054976 -0.033096
0.208431 0.170855 -0.049649
-0.119866 0.229345 -0.045650
-0.108673 0.223929 -0.042132
-0.141693 0.217609 -0.045977
-0.135698 0.213070 -0.043434
-0.207536 0.202038 -0.057658
-0.269422 -0.024658 -0.050046
-0.252094 -0.040960 -0.044429
-0.210692 -0.147808 -0.045138
-0.233380 -0.168069 -0.056817
0.097663 -0.271308 -0.057126
0.100627 -0.270418 -0.057202
0.032630 -0.269508 -0.050402
0.079336 -0.260483 -0.050719
0.040397 -0.254230 -0.045156
0.085780 -0.243133 -0.045302
0.242520 -0.296763 -0.104298
0.172077 -0.251986 -0.064286
0.185586 -0.207361 -0.053058
0.038996 0.045042 -0.002350
0.157163 0.243970 -0.057895
0.153824 0.246407 -0.058008
0.082162 0.183391 -0.027186
0.067052 0.206897 -0.031947
-0.096524 0.106553 -0.013791
-0.082036 0.082818 -0.009038
-0.211751 0.168648 -0.050106
-0.224214 0.134455 -0.046624
-0.223839 0.122262 -0.044304
-0.271636 0.101779 -0.057841
-0.269585 0.090628 -0.055514
-0.244541 0.054958 -0.042739
-0.169649 -0.190328 -0.044271
-0.120858 -0.227713 -0.045293
-0.106058 -0.190510 -0.032112
-0.069020 -0.245892 -0.044427
-0.061373 -0.250255 -0.045247
-0.057226 -0.248866 -0.044414
0.003999 -0.137067 -0.012535
0.031167 -0.126271 -0.011267
0.056632 -0.047234 -0.003604
0.268709 -0.128162 -0.061059
0.233719 -0.109195 -0.045356
0.245301 -0.071437 -0.044461
0.178072 -0.048514 -0.022865
0.255323 -0.032685 -0.045151
0.114400 0.360390 -0.101302
FRAME 1 60
0.252432 0.034986 -0.044230
0.252236 0.040875 -0.044474
0.238565 0.095135 -0.044945
0.235264 0.086959 -0.042802
0.231801 0.108103 -0.044561
0.224442 0.121562 -0.044374
0.209851 0.007933 -0.029740
0.215391 0.213442 -0.063451
0.202330 0.238264 -0.067617
-0.119866 0.229345 -0.045650
-0.126359 0.223710 -0.044979
-0.141693 0.217609 -0.045977
-0.244514 0.236220 -0.080723
-0.207536 0.202038 -0.057658
-0.254254 -0.076778 -0.048169
-0.252094 -0.040960 -0.044429
-0.210700 -0.147808 -0.045140
-0.233383 -0.168022 -0.056807
0.129416 -0.323734 -0.085153
0.100002 -0.270594 -0.057180
0.032630 -0.269508 -0.050402
0.079336 -0.260483 -0.050719
0.040405 -0.254237 -0.045159
0.085789 -0.243133 -0.045303
0.038768 -0.240543 -0.040321
0.216107 -0.278696 -0.087258
0.165616 0.064440 -0.021175
0.047372 0.057269 -0.003661
0.036144 0.133952 -0.012835
0.028696 0.091532 -0.006108
0.157155 0.243971 -0.057894
0.153824 0.246407 -0.058008
0.144190 0.260689 -0.061145
0.047571 0.288211 -0.058689
-0.027435 0.069374 -0.003688
-0.096937 0.041170 -0.007369
-0.126168 0.030392 -0.011218
-0.223839 0.122262 -0.044304
-0.271629 0.101779 -0.057838
-0.191954 0.096588 -0.031169
-0.179732 0.070885 -0.025094
-0.207059 0.061903 -0.031535
-0.221387 0.028356 -0.033684
-0.167311 -0.013353 -0.018859
-0.169650 -0.190320 -0.044269
-0.152124 -0.245204 -0.057212
-0.120849 -0.227713 -0.045292
-0.069012 -0.245892 -0.044426
-0.061373 -0.250255 -0.045247
-0.057234 -0.248866 -0.044415
0.110610 -0.140768 -0.021494
0.005810 -0.132019 -0.011634
0.233742 -0.109202 -0.045364
0.255323 -0.032693 -0.045152
0.368544 0.085919 -0.101484
-0.052240 0.378868 -0.103827
-0.050400 0.367982 -0.097483
0.033769 -0.384242 -0.105755
-0.368089 0.038507 -0.096741
-0.068877 -0.394140 -0.114505
FRAME 2 67
0.252432 0.034986 -0.044230
0.252236 0.040875 -0.044474
0.244908 -0.000822 -0.040751
0.238557 0.095135 -0.044942
0.224442 0.121562 -0.044374
0.255323 0.171070 -0.065261
0.241718 0.216518 -0.073158
-0.118235 0.288886 -0.067420
-0.089472 0.266552 -0.054206
-0.108666 0.265827 -0.056644
-0.001269 0.245008 -0.040786
-0.119866 0.229345 -0.045650
-0.104972 0.225351 -0.042026
-0.141693 0.217609 -0.045977
-0.207536 0.202038 -0.057658
-0.299733 0.005523 -0.061951
-0.272914 -0.076313 -0.055098
-0.252094 -0.040960 -0.044429
-0.234129 -0.022656 -0.037509
-0.218614 0.000925 -0.032285
-0.210692 -0.147808 -0.045138
-0.209586 -0.134070 -0.042095
-0.233381 -0.168046 -0.056812
0.097654 -0.271315 -0.057128
0.100627 -0.270418 -0.057202
0.032638 -0.269507 -0.050403
0.079335 -0.260491 -0.050722
0.040397 -0.254238 -0.045159
0.085780 -0.243133 -0.045302
0.166506 -0.204023 -0.047328
0.230166 -0.196819 -0.063280
0.157155 0.243971 -0.057894
0.153824 0.246407 -0.058008
0.113473 0.278240 -0.062256
0.096764 0.202287 -0.034007
0.027106 0.308454 -0.066291
-0.090444 0.170048 -0.024936
-0.079067 0.046890 -0.005607
-0.040777 0.038766 -0.002096
-0.215336 0.147222 -0.046408
-0.223839 0.122262 -0.044304
-0.271636 0.101779 -0.057841
-0.269557 0.052673 -0.051633
-0.157397 -0.138311 -0.029604
-0.169649 -0.190328 -0.044271
-0.152158 -0.245172 -0.057209
-0.120858 -0.227713 -0.045293
-0.069020 -0.245892 -0.044427
-0.061373 -0.250255 -0.045247
-0.057226 -0.248866 -0.044414
-0.030750 -0.259993 -0.046759
0.082622 -0.140979 -0.017863
0.116023 -0.127544 -0.019916
0.105679 -0.101661 -0.014352
0.143912 -0.030009 -0.014425
0.176044 -0.137457 -0.033732
0.233727 -0.109186 -0.045357
0.284981 -0.091883 -0.061797
0.170633 -0.094070 -0.025530
0.255323 -0.032693 -0.045152
0.252223 -0.025155 -0.043741
-0.169006 0.376821 -0.122711
0.457539 0.016048 -0.154310
0.087571 -0.361522 -0.097799
0.135244 0.373195 -0.112541
0.070411 0.355650 -0.092563
0.341843 -0.082794 -0.086763
FRAME 3 62
0.252432 0.035003 -0.044230
0.252236 0.040875 -0.044474
0.238558 0.095127 -0.044941
0.224434 0.121562 -0.044372
-0.119341 0.266353 -0.058586
-0.066324 0.235147 -0.040551
-0.119866 0.229345 -0.045650
-0.141693 0.217617 -0.045979
-0.076337 0.212605 -0.034523
-0.217498 0.298559 -0.096340
-0.207536 0.202030 -0.057656
-0.260391 -0.088351 -0.051757
-0.254515 -0.036789 -0.045062
-0.252109 -0.040960 -0.044434
-0.210693 -0.147800 -0.045136
-0.309172 -0.257353 -0.115852
-0.267517 -0.186714 -0.073978
-0.233380 -0.168069 -0.056817
0.093458 -0.288724 -0.063556
0.097671 -0.271307 -0.057127
0.100627 -0.270418 -0.057202
0.032638 -0.269507 -0.050403
0.079336 -0.260483 -0.050719
0.040405 -0.254237 -0.045159
0.085789 -0.243133 -0.045303
0.232381 -0.229027 -0.073998
0.283880 -0.190656 -0.081724
0.157155 0.243971 -0.057894
0.153824 0.246407 -0.058008
0.076356 0.302239 -0.067234
-0.094440 0.156204 -0.022358
-0.052616 0.125910 -0.012413
-0.081982 0.103626 -0.011632
-0.162496 0.144846 -0.032004
-0.223831 0.122262 -0.044302
-0.271636 0.101779 -0.057841
-0.292847 0.069922 -0.062512
-0.149221 -0.124582 -0.025408
-0.169649 -0.190328 -0.044271
-0.152103 -0.245176 -0.057198
-0.120865 -0.227720 -0.045297
-0.117319 -0.226328 -0.044259
-0.094424 -0.177889 -0.027308
-0.086607 -0.220692 -0.038119
-0.079439 -0.275955 -0.056637
-0.069021 -0.245869 -0.044419
-0.063876 -0.250267 -0.045472
-0.061365 -0.250255 -0.045246
-0.057193 -0.248859 -0.044409
0.225005 -0.173157 -0.055315
0.230534 -0.130576 -0.047926
0.164134 -0.120720 -0.027962
0.233727 -0.109186 -0.045357
0.180165 -0.068675 -0.024990
0.165098 -0.048954 -0.019865
0.255315 -0.032685 -0.045149
-0.378407 -0.202313 -0.133509
-0.056480 -0.447497 -0.149219
0.067226 0.351723 -0.090145
0.113409 0.337850 -0.089227
0.025006 0.332416 -0.077430
0.384760 -0.070427 -0.109005
FRAME 4 69
0.332713 0.016226 -0.077309
0.252432 0.034986 -0.044230
0.252236 0.040875 -0.044474
0.238565 0.095135 -0.044945
0.224442 0.121562 -0.044374
0.254383 0.260448 -0.093392
-0.119866 0.229345 -0.045650
-0.008255 0.230903 -0.036157
-0.141693 0.217609 -0.045977
-0.243574 0.278405 -0.096639
-0.207536 0.202030 -0.057656
-0.252109 -0.040960 -0.044434
-0.210692 -0.147808 -0.045138
-0.233381 -0.168046 -0.056812
0.030354 -0.310299 -0.067255
-0.006404 -0.299691 -0.061941
0.113160 -0.294593 -0.068986
0.136159 -0.281348 -0.067610
0.071023 -0.275876 -0.055701
0.097662 -0.271315 -0.057129
0.100627 -0.270418 -0.057202
0.032630 -0.269508 -0.050402
0.079335 -0.260491 -0.050722
0.040397 -0.254238 -0.045159
0.085780 -0.243141 -0.045305
0.037591 -0.220413 -0.033808
0.187105 -0.263295 -0.072445
0.089284 0.111690 -0.013640
0.080335 0.127176 -0.015110
0.157155 0.243971 -0.057894
0.157453 0.209247 -0.046783
0.153824 0.246407 -0.058008
0.071475 0.253577 -0.047371
-0.091684 0.163290 -0.023551
-0.028660 0.158164 -0.017279
-0.012760 0.075306 -0.003867
-0.223839 0.122262 -0.044304
-0.271636 0.101779 -0.057841
-0.181448 -0.053655 -0.024052
-0.036695 -0.041595 -0.002037
-0.169649 -0.190328 -0.044271
-0.158200 -0.197887 -0.043697
-0.152095 -0.245177 -0.057196
-0.120865 -0.227727 -0.045299
-0.103272 -0.239117 -0.046266
-0.089193 -0.263144 -0.052887
-0.071666 -0.241556 -0.043205
-0.069021 -0.245869 -0.044419
-0.061373 -0.250255 -0.045247
-0.057234 -0.248866 -0.044415
0.142989 -0.138928 -0.026750
-0.004789 -0.096900 -0.006248
0.185237 -0.157774 -0.040210
0.274915 -0.150587 -0.068015
0.233727 -0.109186 -0.045357
0.241556 -0.095520 -0.046006
0.213394 -0.048074 -0.032323
0.255323 -0.032685 -0.045151
0.260847 -0.022532 -0.046764
0.223952 -0.371882 -0.136993
0.019965 -0.392691 -0.110246
0.140429 0.410536 -0.136839
0.165835 0.365031 -0.115018
-0.098999 -0.398736 -0.121320
-0.073370 -0.340262 -0.084862
-0.105250 -0.337644 -0.087787
-0.024194 -0.321741 -0.072276
0.315232 -0.267492 -0.123000
0.399435 -0.094951 -0.121141
FRAME 5 100
0.300642 0.086852 -0.067779
0.300337 0.029725 -0.062827
0.300045 0.032750 -0.062837
0.252432 0.034986 -0.044230
0.252236 0.040875 -0.044474
0.238581 0.095109 -0.044947
0.240140 0.036214 -0.040052
0.224442 0.121562 -0.044374
0.257988 0.191454 -0.071626
0.249503 0.247441 -0.086589
0.236560 0.215171 -0.070931
0.004722 0.259770 -0.046027
-0.119866 0.229345 -0.045650
-0.141693 0.217609 -0.045977
-0.243611 0.261151 -0.089633
-0.211407 0.218907 -0.063929
-0.207529 0.202031 -0.057654
-0.285158 -0.034901 -0.056688
-0.252094 -0.040960 -0.044429
-0.242806 -0.137136 -0.053286
-0.238182 -0.090339 -0.044192
-0.210669 -0.147810 -0.045131
-0.246137 -0.222576 -0.076692
-0.234187 -0.172671 -0.058209
-0.233404 -0.168044 -0.056819
0.117223 -0.325081 -0.083566
0.051137 -0.320444 -0.073152
0.064427 -0.308784 -0.068919
0.097655 -0.271308 -0.057125
0.100626 -0.270426 -0.057204
0.032638 -0.269507 -0.050403
0.079269 -0.260515 -0.050723
0.040397 -0.254238 -0.045159
0.085780 -0.243133 -0.045302
0.246968 -0.260566 -0.090640
0.217227 -0.258439 -0.079534
0.279283 -0.223591 -0.089968
0.166815 0.142515 -0.032523
0.115826 0.053749 -0.010857
0.099305 0.144447 -0.020594
0.094021 0.077577 -0.009887
0.077107 -0.002035 -0.003944
0.034725 0.101746 -0.007680
0.165174 0.298258 -0.081207
0.161394 0.287337 -0.075580
0.157154 0.243978 -0.057896
0.153824 0.246407 -0.058008
0.149354 0.176994 -0.036330
0.135980 0.222004 -0.046220
0.084498 0.190662 -0.029321
0.082118 0.256502 -0.049580
0.049659 0.280513 -0.055702
0.045379 0.269404 -0.051068
0.043599 0.180278 -0.023095
0.039112 0.247198 -0.042610
-0.055650 0.093248 -0.007836
-0.021520 0.080851 -0.004642
-0.073225 0.070795 -0.006890
-0.039193 0.058300 -0.003270
-0.151703 0.036322 -0.016262
-0.223847 0.122261 -0.044306
-0.251103 0.104088 -0.050536
-0.271629 0.101779 -0.057838
-0.224589 0.071828 -0.037697
-0.238278 0.058582 -0.040911
-0.277388 0.023596 -0.053101
-0.129383 -0.044720 -0.012492
-0.039157 -0.091735 -0.006606
-0.030933 -0.127169 -0.011410
-0.180442 -0.188484 -0.046438
-0.169649 -0.190328 -0.044271
-0.152116 -0.245205 -0.057211
-0.120866 -0.227705 -0.045292
-0.088467 -0.257057 -0.050548
-0.072811 -0.209826 -0.033347
-0.069020 -0.245892 -0.044427
-0.061373 -0.250262 -0.045250
-0.057226 -0.248866 -0.044414
0.016229 -0.164351 -0.018252
0.051363 -0.083322 -0.006361
0.012763 -0.082065 -0.004574
0.150891 -0.051192 -0.016975
0.021810 -0.024504 -0.000712
0.299393 -0.156742 -0.079701
0.196927 -0.125778 -0.037002
0.304803 -0.106661 -0.072408
0.233727 -0.109186 -0.045357
0.274316 -0.107800 -0.059794
0.253260 -0.047809 -0.045270
0.223672 -0.043368 -0.035134
0.255345 -0.032710 -0.045160
0.189994 -0.353520 -0.115272
0.004199 0.359114 -0.090710
0.078770 -0.359625 -0.095652
0.176593 0.318056 -0.093242
0.128349 0.397003 -0.125502
0.107993 0.322224 -0.080652
-0.398312 0.045363 -0.114988
-0.038029 -0.356400 -0.090324
0.317290 -0.131305 -0.082448
FRAME 6 106
0.337302 0.039365 -0.080528
0.306812 -0.005600 -0.065051
0.299752 -0.000064 -0.061937
0.286412 0.041997 -0.057591
0.256062 0.070213 -0.048138
0.252432 0.034986 -0.044230
0.252236 0.040875 -0.044474
0.248997 0.092580 -0.048190
0.238557 0.095135 -0.044942
0.237452 0.143957 -0.052821
0.224434 0.121562 -0.044372
0.250169 0.163300 -0.061506
-0.101012 0.328436 -0.082566
-0.119866 0.229345 -0.045650
-0.044048 0.223136 -0.035009
-0.141693 0.217609 -0.045977
-0.190856 0.212082 -0.055882
-0.257564 0.201823 -0.074450
-0.207536 0.202038 -0.057658
-0.301659 -0.094519 -0.069235
-0.286758 -0.051340 -0.058357
-0.275179 -0.027565 -0.052377
-0.255947 -0.032190 -0.045353
-0.252109 -0.040960 -0.044434
-0.241480 -0.020240 -0.039873
-0.227582 -0.138817 -0.048538
-0.228974 -0.077359 -0.039658
-0.224212 -0.054606 -0.036066
-0.210692 -0.147808 -0.045138
-0.240253 -0.283323 -0.097515
0.014765 -0.327112 -0.074560
0.118999 -0.278032 -0.063099
0.097654 -0.271315 -0.057128
0.100635 -0.270411 -0.057200
0.032630 -0.269500 -0.050400
0.079336 -0.260483 -0.050719
0.040405 -0.254237 -0.045159
0.085789 -0.243133 -0.045303
-0.000764 -0.233448 -0.036931
0.220022 -0.228190 -0.069634
0.276527 -0.219469 -0.087452
0.168503 0.092754 -0.024867
0.079516 0.098291 -0.010642
0.034749 0.108463 -0.008625
0.164384 0.169772 -0.037867
0.157155 0.243971 -0.057894
0.153824 0.246407 -0.058008
0.129549 0.254866 -0.056121
0.076204 0.246942 -0.045524
0.069185 0.221344 -0.036432
0.053074 0.264407 -0.049715
0.038794 0.212863 -0.031611
0.022917 0.255971 -0.045003
-0.027018 0.179197 -0.022033
-0.045157 0.126835 -0.012080
-0.015805 0.094255 -0.006063
0.005190 0.024533 -0.000416
-0.214220 0.152456 -0.047176
-0.223839 0.122270 -0.044305
-0.271629 0.101779 -0.057838
-0.200124 0.097519 -0.033506
-0.253625 0.031311 -0.044482
-0.287259 0.024152 -0.057094
-0.185034 -0.030711 -0.023627
-0.154915 -0.107403 -0.023868
-0.110258 -0.066134 -0.011009
-0.080898 -0.066638 -0.007298
-0.051632 -0.065822 -0.004641
-0.169650 -0.190320 -0.044269
-0.152173 -0.174802 -0.036385
-0.120858 -0.227697 -0.045288
-0.111172 -0.273570 -0.060031
-0.088139 -0.200558 -0.032423
-0.069021 -0.245869 -0.044419
-0.063255 -0.309299 -0.069042
-0.061373 -0.250255 -0.045247
-0.057234 -0.248873 -0.044417
0.130823 -0.177550 -0.032870
-0.009134 -0.179604 -0.021692
-0.001467 -0.160461 -0.017220
0.032599 -0.111595 -0.008989
0.079406 -0.093877 -0.010062
0.282061 -0.116587 -0.064318
0.289659 -0.110117 -0.066400
0.233727 -0.109186 -0.045357
0.295615 -0.093430 -0.066464
0.300823 -0.076353 -0.066614
0.194726 -0.077219 -0.029589
0.203636 -0.072945 -0.031592
0.206250 -0.043675 -0.029978
0.255345 -0.032710 -0.045160
-0.168983 0.362579 -0.114450
-0.092698 0.370853 -0.103716
-0.055895 0.397358 -0.115228
-0.373714 -0.040960 -0.100060
0.090220 -0.422666 -0.135651
0.076916 0.409451 -0.125091
-0.358985 0.029823 -0.091295
-0.333962 0.024849 -0.078183
-0.259256 -0.345997 -0.135765
-0.228477 -0.324671 -0.112578
-0.068641 -0.384624 -0.108732
-0.117465 -0.363411 -0.103517
-0.024577 -0.352207 -0.087467
-0.078078 -0.343024 -0.086801
0.318266 -0.229101 -0.109608
FRAME 7 128
0.302618 0.036799 -0.064159
0.269786 0.105857 -0.057730
0.259741 0.100325 -0.053121
0.252432 0.034986 -0.044230
0.252236 0.040875 -0.044474
0.251229 0.011168 -0.043033
0.238557 0.095135 -0.044942
0.239080 0.089145 -0.044342
0.229316 0.027577 -0.036131
0.224442 0.121562 -0.044374
0.229035 0.292334 -0.097457
0.190949 0.296971 -0.087467
-0.024424 0.327806 -0.075171
-0.031965 0.302068 -0.063679
-0.045410 0.236961 -0.039517
-0.119875 0.229337 -0.045649
-0.078431 0.230504 -0.040264
-0.141685 0.217610 -0.045975
-0.289038 0.256578 -0.106211
-0.180473 0.219829 -0.055518
-0.207536 0.202038 -0.057658
-0.243655 0.199880 -0.068789
-0.234311 0.196406 -0.064553
-0.306008 -0.083269 -0.069703
-0.284986 -0.041965 -0.057006
-0.284283 -0.013574 -0.055594
-0.280861 -0.109467 -0.062669
-0.276886 -0.051575 -0.054399
-0.264514 -0.122944 -0.058512
-0.252094 -0.040960 -0.044429
-0.227820 -0.122574 -0.045622
-0.212543 -0.117248 -0.040012
-0.210669 -0.147810 -0.045131
-0.270032 -0.219521 -0.084821
-0.242096 -0.256561 -0.087303
-0.233381 -0.168046 -0.056812
0.047187 -0.305202 -0.065926
0.097663 -0.271308 -0.057126
0.100628 -0.270404 -0.057196
0.032630 -0.269508 -0.050402
0.144940 -0.261130 -0.061466
0.079336 -0.260483 -0.050719
0.040405 -0.254237 -0.045159
0.085789 -0.243133 -0.045303
0.015307 -0.226488 -0.034871
0.254091 -0.222151 -0.079486
0.157847 -0.215979 -0.048891
0.176716 0.099491 -0.027697
0.124621 0.146008 -0.024766
0.058764 0.008326 -0.002332
0.161561 0.270264 -0.068662
0.159042 0.220240 -0.050474
0.157155 0.243971 -0.057894
0.153816 0.246415 -0.058009
0.150653 0.173973 -0.035864
0.083585 0.213900 -0.035710
0.075606 0.230927 -0.040097
0.068305 0.281620 -0.057719
0.067573 0.238017 -0.041617
0.031747 0.247407 -0.042317
0.030054 0.204203 -0.028709
-0.085703 0.121455 -0.014752
-0.103442 0.096833 -0.013392
-0.099481 0.079385 -0.010786
-0.080266 0.071598 -0.007687
-0.180497 0.175222 -0.043062
-0.216588 0.164984 -0.050708
-0.223839 0.122262 -0.044304
-0.271636 0.101779 -0.057841
-0.303356 0.095576 -0.070129
-0.172476 0.093084 -0.025836
-0.272888 0.077286 -0.055194
-0.274336 0.069615 -0.054956
-0.238136 0.069450 -0.041836
-0.237500 0.043390 -0.039571
-0.267955 0.026303 -0.049548
-0.162546 -0.108658 -0.025710
-0.157252 -0.072661 -0.020106
-0.155684 -0.067400 -0.019272
-0.150934 -0.155852 -0.031787
-0.126366 -0.127888 -0.021680
-0.113809 0.006049 -0.008637
-0.098718 -0.112508 -0.014959
-0.087886 -0.085060 -0.009955
-0.076718 -0.107417 -0.011608
-0.169649 -0.190328 -0.044271
-0.135330 -0.233780 -0.049884
-0.124671 -0.270733 -0.061209
-0.120866 -0.227712 -0.045294
-0.101063 -0.166541 -0.025519
-0.078022 -0.265423 -0.052416
-0.069021 -0.245869 -0.044419
-0.061373 -0.250255 -0.045247
-0.060965 -0.256634 -0.047489
-0.057226 -0.248866 -0.044414
-0.046944 -0.304740 -0.065706
-0.041525 -0.237009 -0.039297
0.056884 -0.180907 -0.024161
0.023170 -0.169465 -0.019595
0.101475 -0.148103 -0.021617
0.128438 -0.119351 -0.020604
0.076894 -0.063744 -0.006624
0.294755 -0.121316 -0.070448
0.268732 -0.121366 -0.059849
0.253142 -0.115649 -0.053068
0.290386 -0.108661 -0.066475
0.233720 -0.109187 -0.045354
0.164317 -0.110813 -0.026430
0.232527 -0.099177 -0.043499
0.223270 -0.074843 -0.037593
0.244569 -0.046716 -0.042161
0.207427 -0.042628 -0.030251
0.255323 -0.032685 -0.045151
0.253905 -0.351749 -0.136787
-0.045317 0.412987 -0.124335
-0.368466 -0.077121 -0.100346
-0.293287 0.368676 -0.164648
0.104252 0.412126 -0.130780
0.068530 0.344638 -0.086584
-0.181034 -0.363823 -0.118451
-0.197439 -0.349885 -0.115528
-0.022011 -0.384987 -0.105692
-0.042229 -0.367823 -0.096820
-0.060951 -0.350694 -0.089000
0.394337 -0.188611 -0.139116
0.326252 -0.290057 -0.138710
0.336712 -0.097827 -0.086191
0.326017 -0.103138 -0.081714
FRAME 8 134
0.259478 0.088881 -0.051487
0.252424 0.034994 -0.044227
0.252228 0.040876 -0.044471
0.238557 0.095135 -0.044942
0.239144 0.040424 -0.039944
0.224449 0.121562 -0.044376
0.215595 0.018234 -0.031609
0.253584 0.189371 -0.069405
0.238610 0.291971 -0.100702
0.230256 0.177868 -0.058206
0.203880 0.200570 -0.056161
-0.058436 0.328214 -0.077440
0.006524 0.295690 -0.060229
-0.123837 0.271691 -0.061434
-0.110589 0.234007 -0.045666
-0.119900 0.229336 -0.045653
-0.141693 0.217609 -0.045977
-0.201921 0.293625 -0.089215
-0.163533 0.257232 -0.064145
-0.167136 0.218613 -0.051840
-0.260880 0.208806 -0.077822
-0.207536 0.202038 -0.057658
-0.276409 -0.129864 -0.064401
-0.272918 -0.026463 -0.051456
-0.252102 -0.040960 -0.044431
-0.212626 -0.140841 -0.044300
-0.210669 -0.147810 -0.045131
-0.233374 -0.168046 -0.056809
-0.222764 -0.261802 -0.082634
0.049080 -0.304315 -0.065667
0.019845 -0.302342 -0.063346
0.079214 -0.294178 -0.064075
0.098056 -0.287978 -0.063881
0.052884 -0.281218 -0.056221
0.003424 -0.274879 -0.051729
0.110335 -0.271566 -0.059114
0.099993 -0.270602 -0.057182
0.032638 -0.269507 -0.050403
0.079335 -0.260491 -0.050722
0.040397 -0.254238 -0.045159
0.138412 -0.249025 -0.055715
0.085780 -0.243133 -0.045302
0.057620 -0.234470 -0.039575
0.187228 -0.320247 -0.097226
0.207362 -0.308676 -0.097733
0.187926 -0.216163 -0.056337
0.179344 0.083404 -0.026321
0.149698 0.024865 -0.015380
0.111277 0.082974 -0.012847
0.051423 0.010114 -0.001818
0.043997 0.046128 -0.002691
0.038010 0.102960 -0.008006
0.174009 0.183898 -0.043634
0.157163 0.243970 -0.057895
0.152485 0.282961 -0.071704
0.153825 0.246400 -0.058005
0.135456 0.163331 -0.030377
0.122949 0.255283 -0.055083
0.093227 0.207142 -0.034919
0.084672 0.234326 -0.042219
0.078437 0.252952 -0.047884
0.071919 0.263917 -0.051200
0.062404 0.251123 -0.045643
0.024916 0.297658 -0.061484
-0.100900 0.163925 -0.024906
-0.024333 0.140000 -0.013469
-0.090386 0.114944 -0.014270
-0.149636 0.102047 -0.022008
-0.050959 0.097643 -0.008063
-0.133438 0.029464 -0.012448
-0.267591 0.168378 -0.069252
-0.210096 0.153270 -0.046118
-0.223839 0.122270 -0.044305
-0.271628 0.101787 -0.057839
-0.261957 0.070132 -0.050290
-0.256469 0.064690 -0.047760
-0.181522 0.035701 -0.022975
-0.153966 -0.025661 -0.016283
-0.133513 -0.140766 -0.025308
-0.060460 -0.020831 -0.002708
-0.169649 -0.190328 -0.044271
-0.152095 -0.245177 -0.057196
-0.145813 -0.285795 -0.071427
-0.128717 -0.273718 -0.063118
-0.133045 -0.184230 -0.034948
-0.120865 -0.227720 -0.045297
-0.104574 -0.189770 -0.031702
-0.092114 -0.292433 -0.064933
-0.069021 -0.245862 -0.044416
-0.061374 -0.250247 -0.045245
-0.057226 -0.248866 -0.044414
-0.054462 -0.286842 -0.058628
0.078949 -0.151380 -0.019523
0.112995 -0.122537 -0.018596
0.102436 -0.099220 -0.013567
0.115456 -0.076522 -0.012792
0.130542 -0.065962 -0.014277
0.036196 -0.053132 -0.002737
0.240381 -0.124795 -0.050160
0.288509 -0.110917 -0.066046
0.233728 -0.109178 -0.045356
0.293815 -0.094230 -0.065804
0.242971 -0.078915 -0.044452
0.189909 -0.066258 -0.027236
0.282071 -0.056960 -0.056885
0.255323 -0.032685 -0.045151
0.269271 -0.022475 -0.049916
0.372286 0.196076 -0.127851
0.405416 0.185504 -0.145385
-0.261205 0.356000 -0.142274
-0.185495 0.394848 -0.138499
-0.155228 0.405107 -0.136797
-0.366901 -0.207315 -0.128291
-0.367243 -0.194921 -0.124533
-0.368733 -0.191720 -0.124421
0.213016 -0.372491 -0.133511
0.176727 -0.350163 -0.109659
0.161438 -0.380959 -0.123213
0.410229 -0.004056 -0.120936
-0.130553 0.400078 -0.127901
-0.043208 0.393933 -0.112141
-0.370336 -0.054228 -0.099108
0.119041 -0.396119 -0.123125
0.088278 -0.361265 -0.097752
-0.006216 -0.388560 -0.107475
0.102711 0.476331 -0.177896
-0.168164 -0.472790 -0.190453
0.151539 0.388251 -0.125199
0.042527 0.343958 -0.084083
-0.407851 0.034620 -0.120336
-0.173458 -0.374042 -0.122268
-0.224780 -0.342931 -0.120798
0.310268 -0.197035 -0.095315
0.409505 -0.036792 -0.121522
FRAME 9 64
0.285948 -0.000158 -0.056140
0.260529 -0.007047 -0.046324
0.256412 0.119954 -0.054977
0.252432 0.034986 -0.044230
0.252236 0.040875 -0.044474
0.238557 0.095135 -0.044942
0.224442 0.121562 -0.044374
0.222663 0.126035 -0.044593
0.261398 0.177258 -0.069102
-0.051771 0.296072 -0.062289
-0.080380 0.243305 -0.044730
-0.119866 0.229345 -0.045650
-0.141693 0.217609 -0.045977
-0.207536 0.202038 -0.057658
-0.286559 -0.014521 -0.056540
-0.252094 -0.040960 -0.044429
-0.218762 -0.086833 -0.037556
-0.212096 -0.153361 -0.046733
-0.210669 -0.147810 -0.045131
-0.233381 -0.168046 -0.056812
-0.226414 -0.186412 -0.059179
-0.216456 -0.222256 -0.066561
0.097663 -0.271308 -0.057126
0.100627 -0.270411 -0.057199
0.032630 -0.269508 -0.050402
0.056805 -0.266784 -0.050899
0.079335 -0.260491 -0.050722
0.040397 -0.254238 -0.045159
0.085780 -0.243133 -0.045302
0.058043 -0.231097 -0.038515
0.220482 -0.268798 -0.084641
0.098427 0.061877 -0.008989
0.094849 0.061342 -0.008483
0.172424 0.191511 -0.045256
0.157155 0.243971 -0.057894
0.153824 0.246407 -0.058008
0.143033 0.253515 -0.058258
0.131771 0.175270 -0.032486
-0.165161 0.175388 -0.039396
-0.222247 0.161029 -0.051555
-0.223839 0.122262 -0.044304
-0.271636 0.101779 -0.057841
-0.208527 0.089743 -0.034876
-0.265473 0.073690 -0.051968
-0.148726 -0.003789 -0.014777
-0.146281 -0.134192 -0.026516
-0.113515 -0.133439 -0.020570
-0.114395 -0.005606 -0.008722
-0.169649 -0.190328 -0.044271
-0.152124 -0.245204 -0.057212
-0.120858 -0.227713 -0.045293
-0.119421 -0.217892 -0.041981
-0.081178 -0.266781 -0.053286
-0.069020 -0.245892 -0.044427
-0.061373 -0.250255 -0.045247
-0.057226 -0.248866 -0.044414
0.127045 -0.148007 -0.025586
0.215974 -0.162676 -0.049984
0.187823 -0.146977 -0.038588
0.233180 -0.119515 -0.046840
0.233727 -0.109186 -0.045357
0.289116 -0.058364 -0.059883
0.255323 -0.032685 -0.045151
0.338725 -0.059802 -0.082743
FRAME 10 112
0.318755 0.126796 -0.082276
0.283413 0.124726 -0.066292
0.281307 0.032611 -0.055020
0.261027 0.069040 -0.049838
0.252447 0.034994 -0.044235
0.252236 0.040875 -0.044474
0.245703 0.071415 -0.044598
0.238557 0.095135 -0.044942
0.224442 0.121562 -0.044374
0.216652 0.142286 -0.045802
0.261379 0.254170 -0.093677
0.258340 0.231059 -0.084093
0.243187 0.272883 -0.094193
-0.062176 0.334674 -0.080935
-0.072028 0.276986 -0.056242
-0.133269 0.258203 -0.058044
-0.074747 0.253912 -0.047829
-0.129544 0.245856 -0.052906
-0.075936 0.241996 -0.043796
-0.130946 0.234133 -0.049175
-0.119866 0.229345 -0.045650
-0.141693 0.217609 -0.045977
-0.171944 0.318311 -0.092143
-0.175432 0.295094 -0.082405
-0.178762 0.272147 -0.073680
-0.209749 0.225062 -0.065400
-0.207536 0.202038 -0.057658
-0.310668 -0.080801 -0.071503
-0.306283 -0.126530 -0.076468
-0.286422 -0.079943 -0.060914
-0.265055 -0.022592 -0.048327
-0.263823 -0.051036 -0.049347
-0.252109 -0.040960 -0.044434
-0.210646 -0.147803 -0.045123
-0.213952 -0.038311 -0.031906
-0.206799 -0.138526 -0.042133
-0.233372 -0.168070 -0.056814
0.132089 -0.313015 -0.080604
0.009428 -0.303437 -0.063604
0.097663 -0.271308 -0.057126
0.100634 -0.270432 -0.057208
0.091431 -0.271606 -0.056399
0.032630 -0.269508 -0.050402
0.079335 -0.260491 -0.050722
0.029081 -0.257767 -0.045877
0.040397 -0.254238 -0.045159
0.085780 -0.243133 -0.045302
0.026071 -0.241180 -0.039960
0.023316 -0.224782 -0.034553
0.085457 -0.210585 -0.034953
0.020510 -0.207815 -0.029401
0.162337 -0.306303 -0.084127
0.151538 0.145022 -0.029667
0.147528 0.134476 -0.026820
0.119562 0.125975 -0.020212
0.086561 0.067494 -0.008008
0.161940 0.253888 -0.062537
0.160251 0.242280 -0.058009
0.157147 0.243971 -0.057892
0.153824 0.246407 -0.058008
0.124307 0.200616 -0.037766
0.122681 0.188656 -0.034255
0.091078 0.169466 -0.024879
0.002804 0.170612 -0.019500
-0.082346 0.155439 -0.020741
-0.055736 0.139582 -0.015085
-0.091796 0.123148 -0.015761
-0.028344 0.123684 -0.010721
-0.084685 0.104294 -0.012028
-0.112416 0.080222 -0.012716
-0.100835 0.030947 -0.007391
-0.239979 0.137947 -0.052474
-0.223839 0.122262 -0.044304
-0.190740 0.111079 -0.032926
-0.271636 0.101779 -0.057841
-0.216606 0.098902 -0.038463
-0.165494 0.083436 -0.023060
-0.221535 0.057056 -0.035427
-0.165802 0.043845 -0.019702
-0.191773 0.031567 -0.025399
-0.126223 -0.158348 -0.027614
-0.100444 -0.146036 -0.021062
-0.090463 -0.116398 -0.014506
-0.078434 -0.130013 -0.015399
-0.074395 -0.133340 -0.015574
-0.169649 -0.190328 -0.044271
-0.158904 -0.283300 -0.073305
-0.145242 -0.180131 -0.036267
-0.120857 -0.227720 -0.045296
-0.111543 -0.253176 -0.052418
-0.089828 -0.224024 -0.039547
-0.074778 -0.307096 -0.069212
-0.073158 -0.307386 -0.069166
-0.069021 -0.245869 -0.044419
-0.066617 -0.194996 -0.028613
-0.061373 -0.250255 -0.045247
-0.057234 -0.248858 -0.044412
0.091731 -0.057362 -0.007778
0.003219 -0.056729 -0.002137
0.047953 -0.053584 -0.003426
0.152716 -0.042954 -0.016825
0.030676 -0.032817 -0.001335
0.107106 -0.024280 -0.008016
0.179769 -0.173275 -0.042403
0.192258 -0.125495 -0.035690
0.205948 -0.114000 -0.037565
0.233727 -0.109186 -0.045357
0.187893 -0.080557 -0.028154
0.255315 -0.032685 -0.045149
0.060178 -0.384133 -0.107600
0.325565 -0.094489 -0.080231
0.321169 -0.049831 -0.073396
FRAME 11 41
0.252447 0.034994 -0.044235
0.252236 0.040875 -0.044474
0.238557 0.095135 -0.044942
0.224442 0.121562 -0.044374
0.214663 0.120061 -0.041111
-0.027519 0.282508 -0.055285
-0.119866 0.229345 -0.045650
-0.106586 0.223568 -0.041704
-0.141693 0.217609 -0.045977
-0.207536 0.202038 -0.057658
-0.252094 -0.040960 -0.044429
-0.210669 -0.147810 -0.045131
-0.233381 -0.168046 -0.056812
0.097662 -0.271315 -0.057129
0.100627 -0.270418 -0.057202
0.032630 -0.269508 -0.050402
0.079336 -0.260483 -0.050719
0.040397 -0.254238 -0.045159
0.085780 -0.243133 -0.045302
0.112450 -0.236300 -0.046717
0.200644 -0.244718 -0.069390
0.157155 0.243971 -0.057894
0.153824 0.246407 -0.058008
0.100608 0.299373 -0.069100
-0.029730 0.110922 -0.008769
-0.034415 0.093669 -0.006612
-0.161290 0.146322 -0.032031
-0.223839 0.122262 -0.044304
-0.271636 0.101779 -0.057841
-0.271020 0.062966 -0.053040
-0.169649 -0.190328 -0.044271
-0.120857 -0.227720 -0.045296
-0.069020 -0.245892 -0.044427
-0.061382 -0.250254 -0.045248
-0.057226 -0.248866 -0.044414
0.119641 -0.160517 -0.026978
0.115706 -0.149710 -0.024051
0.267152 -0.142512 -0.063256
0.233727 -0.109186 -0.045357
0.205398 -0.092583 -0.034337
0.255323 -0.032685 -0.045151
FRAME 12 77
0.278301 0.140517 -0.067247
0.252447 0.034994 -0.044235
0.252236 0.040875 -0.044474
0.238557 0.095135 -0.044942
0.224442 0.121562 -0.044374
-0.140618 0.330013 -0.090486
-0.130902 0.256544 -0.056986
-0.007988 0.249787 -0.042484
-0.031638 0.238703 -0.039355
-0.119866 0.229345 -0.045650
-0.141693 0.217609 -0.045977
-0.049905 0.216425 -0.033348
-0.246858 0.300042 -0.107434
-0.212032 0.293002 -0.092084
-0.196733 0.208081 -0.056308
-0.207536 0.202038 -0.057658
-0.296406 -0.144717 -0.075718
-0.289251 -0.093662 -0.063803
-0.259943 -0.089813 -0.051776
-0.252109 -0.040960 -0.044434
-0.210692 -0.147808 -0.045138
-0.298605 -0.276248 -0.118716
-0.233380 -0.168069 -0.056817
-0.203079 -0.209743 -0.058620
0.052876 -0.316400 -0.071401
0.099993 -0.270602 -0.057182
0.032630 -0.269500 -0.050400
0.079360 -0.260504 -0.050729
0.040397 -0.254238 -0.045159
0.085789 -0.243133 -0.045303
0.195530 -0.241431 -0.066757
0.219363 -0.230329 -0.070138
0.272175 -0.221675 -0.086396
0.157155 0.243971 -0.057894
0.153824 0.246407 -0.058008
0.150483 0.226172 -0.050473
0.116536 0.291828 -0.068371
0.055828 0.184101 -0.024877
-0.132365 0.145501 -0.026027
-0.126683 0.134621 -0.022939
-0.028737 0.058227 -0.002792
-0.105589 0.032097 -0.008095
-0.185541 0.130136 -0.034754
-0.223839 0.122270 -0.044305
-0.271636 0.101779 -0.057841
-0.168735 0.097435 -0.025530
-0.162935 0.086325 -0.022822
-0.280816 0.075193 -0.058103
-0.275316 0.064054 -0.054810
-0.269761 0.053496 -0.051774
-0.264071 0.042159 -0.048854
-0.258271 0.031239 -0.046152
-0.287944 0.027444 -0.057497
-0.108209 -0.150924 -0.023154
-0.053964 -0.073611 -0.005528
-0.169649 -0.190328 -0.044271
-0.120865 -0.227720 -0.045297
-0.099297 -0.307281 -0.072408
-0.069020 -0.245892 -0.044427
-0.061373 -0.250255 -0.045247
-0.057226 -0.248866 -0.044414
-0.051574 -0.277760 -0.054745
-0.039071 -0.237655 -0.039373
0.104235 -0.097401 -0.013577
0.291201 -0.133774 -0.071248
0.233727 -0.109195 -0.045358
0.255323 -0.032693 -0.045152
0.298914 -0.024518 -0.062009
-0.022809 0.387196 -0.107031
-0.399218 -0.001892 -0.113951
0.240238 0.328398 -0.118780
0.035413 0.387046 -0.107507
0.070639 0.376937 -0.104442
-0.286933 -0.300867 -0.124525
-0.136124 -0.365836 -0.108515
-0.058454 -0.332560 -0.079560
0.372994 -0.131895 -0.111730
FRAME 13 59
0.261144 0.119202 -0.056596
0.252432 0.034986 -0.044230
0.252236 0.040875 -0.044474
0.238550 0.095127 -0.044939
0.224442 0.121554 -0.044373
-0.131710 0.248642 -0.054289
-0.119875 0.229344 -0.045651
-0.141685 0.217618 -0.045977
-0.067271 0.218521 -0.035389
-0.207536 0.202038 -0.057658
-0.291607 -0.001352 -0.058479
-0.276903 -0.122075 -0.063182
-0.275734 -0.124375 -0.063124
-0.267886 -0.040140 -0.050173
-0.267634 -0.042483 -0.050214
-0.252087 -0.040943 -0.044425
-0.210692 -0.147808 -0.045138
-0.301687 -0.170146 -0.083971
-0.233404 -0.168044 -0.056819
0.101650 -0.307614 -0.072903
0.131849 -0.270426 -0.062415
0.097622 -0.271310 -0.057121
0.100611 -0.270419 -0.057200
0.032630 -0.269500 -0.050400
0.079327 -0.260483 -0.050718
0.125524 -0.256348 -0.055929
0.040397 -0.254238 -0.045159
0.085780 -0.243133 -0.045302
0.011038 -0.228320 -0.035371
0.169932 -0.270271 -0.070686
0.221092 -0.250278 -0.077721
0.175212 -0.215642 -0.052887
0.157163 0.243970 -0.057895
0.153824 0.246407 -0.058008
0.122108 0.219007 -0.042776
-0.086668 0.158996 -0.021998
-0.012372 0.129158 -0.011213
-0.223839 0.122262 -0.044304
-0.214860 0.116350 -0.040557
-0.271629 0.101779 -0.057838
-0.232464 0.093005 -0.042647
-0.170277 -0.140576 -0.032951
-0.169649 -0.190328 -0.044271
-0.152158 -0.245172 -0.057209
-0.120865 -0.227727 -0.045299
-0.091468 -0.294845 -0.065872
-0.085660 -0.198876 -0.031661
-0.069003 -0.245900 -0.044428
-0.061374 -0.250247 -0.045245
-0.057226 -0.248858 -0.044412
-0.055275 -0.287080 -0.058790
0.233734 -0.109203 -0.045362
0.192056 -0.052149 -0.026653
0.305996 -0.035439 -0.065575
0.255323 -0.032693 -0.045152
0.006105 0.368135 -0.095672
0.037946 -0.359918 -0.092214
0.093848 0.324182 -0.079477
-0.021961 -0.355055 -0.088884
FRAME 14 55
0.252432 0.034986 -0.044230
0.252236 0.040875 -0.044474
0.238557 0.095135 -0.044942
0.224442 0.121562 -0.044374
0.224756 0.110045 -0.042602
-0.100003 0.273606 -0.058353
-0.119866 0.229345 -0.045650
-0.141693 0.217609 -0.045977
-0.207536 0.202038 -0.057658
-0.266786 -0.006738 -0.048649
-0.252094 -0.040960 -0.044429
-0.210692 -0.147808 -0.045138
-0.233381 -0.168046 -0.056812
0.103599 -0.281310 -0.061950
0.097663 -0.271308 -0.057126
0.100636 -0.270404 -0.057197
0.032630 -0.269508 -0.050402
0.079335 -0.260491 -0.050722
0.040405 -0.254237 -0.045159
0.085780 -0.243133 -0.045302
0.158892 0.019564 -0.017138
0.156899 0.110595 -0.024766
0.099501 0.143495 -0.020434
0.157155 0.243971 -0.057894
0.153824 0.246407 -0.058008
0.072330 0.274398 -0.055255
0.061999 0.241607 -0.042317
0.060034 0.296385 -0.063088
0.051068 0.236269 -0.039670
-0.014739 0.145354 -0.014245
-0.094887 0.131479 -0.017585
-0.013305 0.086154 -0.005041
-0.246968 0.159240 -0.059421
-0.223839 0.122270 -0.044305
-0.271636 0.101779 -0.057841
-0.221224 0.055588 -0.035218
-0.280155 0.047668 -0.055421
-0.161273 -0.032578 -0.018113
-0.148839 -0.123561 -0.025157
-0.169649 -0.190328 -0.044271
-0.149499 -0.301900 -0.079176
-0.152095 -0.245177 -0.057196
-0.120866 -0.227712 -0.045294
-0.079561 -0.288265 -0.061632
-0.069020 -0.245892 -0.044427
-0.061382 -0.250254 -0.045248
-0.057226 -0.248866 -0.044414
0.001112 -0.064286 -0.002738
0.137571 -0.023525 -0.012989
0.233720 -0.109187 -0.045354
0.160568 -0.077227 -0.021287
0.255323 -0.032685 -0.045151
-0.360574 -0.213347 -0.126648
0.393104 0.052798 -0.112349
0.328647 -0.239529 -0.118642
FRAME 15 46
0.252432 0.034986 -0.044230
0.252236 0.040875 -0.044474
0.238557 0.095135 -0.044942
0.224442 0.121562 -0.044374
-0.126150 0.281457 -0.065750
-0.119866 0.229345 -0.045650
-0.141693 0.217609 -0.045977
-0.207536 0.202038 -0.057658
-0.252094 -0.040960 -0.044429
-0.210669 -0.147810 -0.045131
-0.259495 -0.222854 -0.081771
-0.241351 -0.203631 -0.069077
-0.233381 -0.168046 -0.056812
0.097662 -0.271315 -0.057129
0.100627 -0.270418 -0.057202
0.032638 -0.269507 -0.050403
0.079336 -0.260483 -0.050719
0.040405 -0.254237 -0.045159
0.085780 -0.243133 -0.045302
0.173706 -0.293583 -0.081299
0.157155 0.243971 -0.057894
0.153824 0.246407 -0.058008
0.034613 0.249759 -0.043270
0.027071 0.259224 -0.046328
-0.078241 0.132259 -0.015776
-0.163690 0.159361 -0.035329
-0.223839 0.122262 -0.044304
-0.271629 0.101779 -0.057838
-0.046811 -0.133040 -0.013266
-0.035713 -0.053305 -0.002727
-0.169649 -0.190328 -0.044271
-0.152158 -0.245172 -0.057209
-0.120858 -0.227713 -0.045293
-0.101262 -0.291692 -0.065900
-0.069020 -0.245892 -0.044427
-0.061373 -0.250255 -0.045247
-0.057226 -0.248866 -0.044414
-0.051486 -0.186331 -0.025123
-0.026871 -0.258007 -0.045877
0.109623 -0.050023 -0.009661
0.281263 -0.133578 -0.067069
0.233727 -0.109186 -0.045357
0.195666 -0.071578 -0.029264
0.226085 -0.067013 -0.037701
0.233852 -0.049372 -0.038758
0.255323 -0.032685 -0.045151
FRAME 16 60
0.267429 0.003064 -0.048866
0.252447 0.034994 -0.044235
0.252236 0.040875 -0.044474
0.238557 0.095135 -0.044942
0.224442 0.121562 -0.044374
0.216580 0.185572 -0.055838
-0.114712 0.332915 -0.086972
-0.131829 0.295476 -0.072702
0.003930 0.269570 -0.049684
-0.074005 0.256076 -0.048530
-0.119866 0.229345 -0.045650
-0.141693 0.217609 -0.045977
-0.207536 0.202038 -0.057658
-0.252109 -0.040960 -0.044434
-0.210692 -0.147808 -0.045138
-0.233381 -0.168046 -0.056812
0.097663 -0.271308 -0.057126
0.100627 -0.270418 -0.057202
0.032638 -0.269500 -0.050400
0.079335 -0.260491 -0.050722
0.040405 -0.254237 -0.045159
0.085789 -0.243133 -0.045303
-0.004336 -0.223097 -0.033667
0.176518 0.061874 -0.023495
0.031457 0.147601 -0.015210
0.157155 0.243971 -0.057894
0.153824 0.246407 -0.058008
0.113773 0.246153 -0.050287
0.100954 0.179184 -0.028501
0.071102 0.202876 -0.031196
0.037862 0.264188 -0.048655
-0.011944 0.063677 -0.002780
-0.223839 0.122262 -0.044304
-0.271636 0.101779 -0.057841
-0.086114 -0.117627 -0.014183
-0.081630 -0.142354 -0.018017
-0.028890 -0.003922 -0.000562
-0.169649 -0.190328 -0.044271
-0.152093 -0.245206 -0.057206
-0.142941 -0.251903 -0.057656
-0.125164 -0.199574 -0.037624
-0.120857 -0.227720 -0.045296
-0.069036 -0.245899 -0.044431
-0.061373 -0.250255 -0.045247
-0.057226 -0.248866 -0.044414
-0.044330 -0.199510 -0.028138
0.024386 -0.151890 -0.015811
0.245311 -0.168737 -0.061073
0.183145 -0.144722 -0.036923
0.290273 -0.120309 -0.068363
0.233720 -0.109187 -0.045354
0.223918 -0.089369 -0.039457
0.288863 -0.056180 -0.059599
0.195252 -0.039632 -0.026714
0.255323 -0.032685 -0.045151
-0.361470 -0.238369 -0.136211
0.192535 0.320683 -0.098970
0.148417 0.358102 -0.106896
0.156407 0.317092 -0.087734
0.319740 -0.138503 -0.085052
FRAME 17 69
0.293245 0.138913 -0.073145
0.252447 0.034994 -0.044235
0.252228 0.040876 -0.044471
0.238565 0.095135 -0.044945
0.224442 0.121562 -0.044374
0.246491 0.154782 -0.058249
0.240914 0.155364 -0.056434
-0.119891 0.229336 -0.045651
-0.099068 0.225152 -0.041120
-0.141685 0.217610 -0.045975
-0.207529 0.202031 -0.057654
-0.263556 -0.060181 -0.049967
-0.263795 -0.005893 -0.047521
-0.252102 -0.040943 -0.044430
-0.237945 -0.008866 -0.038460
-0.210676 -0.147817 -0.045135
-0.293896 -0.195427 -0.087402
-0.233402 -0.168068 -0.056824
0.018965 -0.309208 -0.066357
0.099993 -0.270609 -0.057184
0.032638 -0.269507 -0.050403
0.079336 -0.260476 -0.050716
0.040405 -0.254237 -0.045159
0.119553 -0.244198 -0.050563
0.085780 -0.243133 -0.045302
0.114126 -0.235513 -0.046723
0.098505 0.133374 -0.018399
0.087149 0.056565 -0.007170
0.053108 0.139527 -0.014881
0.157155 0.243971 -0.057894
0.153824 0.246407 -0.058008
0.126634 0.298826 -0.073177
0.120228 0.300599 -0.072797
0.115092 0.169072 -0.028180
0.075541 0.302934 -0.067450
0.053106 0.308455 -0.067804
0.029336 0.274783 -0.052294
-0.223831 0.122262 -0.044302
-0.271643 0.101778 -0.057843
-0.176693 0.028819 -0.021495
-0.298464 0.021531 -0.061717
-0.143132 -0.071971 -0.017163
-0.100227 -0.154728 -0.022813
-0.049098 -0.033786 -0.002352
-0.169641 -0.190328 -0.044270
-0.156482 -0.287169 -0.074363
-0.152084 -0.245214 -0.057207
-0.120842 -0.227690 -0.045284
-0.077052 -0.253798 -0.048035
-0.069021 -0.245869 -0.044419
-0.061382 -0.250247 -0.045245
-0.057226 -0.248866 -0.044414
0.089085 -0.171608 -0.025133
0.017133 -0.158360 -0.016963
0.148321 -0.107730 -0.022553
0.093700 -0.066692 -0.008796
0.023058 -0.066284 -0.003263
0.179506 -0.147818 -0.036635
0.233727 -0.109195 -0.045358
0.191451 -0.097635 -0.031176
0.255323 -0.032685 -0.045151
0.360408 0.020619 -0.091716
0.002947 0.370811 -0.097148
0.050692 -0.372678 -0.100151
0.056245 0.341842 -0.084012
0.061229 0.336580 -0.081796
0.041232 0.328458 -0.076296
0.321006 -0.044883 -0.072976
0.317005 -0.044268 -0.071071
FRAME 18 74
0.252432 0.034978 -0.044229
0.252243 0.040875 -0.044476
0.238557 0.095135 -0.044942
0.224442 0.121562 -0.044374
0.218479 0.071267 -0.035760
0.260595 0.176167 -0.068516
0.252588 0.186028 -0.068126
0.244086 0.195506 -0.067685
0.205276 0.228853 -0.065302
0.000529 0.260878 -0.046418
-0.119866 0.229345 -0.045650
-0.141693 0.217609 -0.045977
-0.207536 0.202038 -0.057658
-0.306010 -0.099692 -0.071895
-0.280179 -0.064658 -0.056793
-0.252094 -0.040960 -0.044429
-0.210692 -0.147808 -0.045138
-0.252318 -0.287636 -0.103926
-0.233381 -0.168046 -0.056812
0.087734 -0.307733 -0.071031
0.014098 -0.304489 -0.064145
0.097662 -0.271315 -0.057129
0.100635 -0.270425 -0.057205
0.032638 -0.269507 -0.050403
0.022832 -0.263990 -0.047937
0.079336 -0.260483 -0.050719
0.040405 -0.254237 -0.045159
0.085780 -0.243133 -0.045302
0.075807 -0.235688 -0.041671
0.097971 -0.216713 -0.038367
0.253540 -0.290715 -0.105767
0.239355 -0.228317 -0.076174
0.123985 0.101726 -0.017200
0.024369 0.014591 -0.000534
0.158005 0.289042 -0.075506
0.157155 0.243971 -0.057894
0.153824 0.246407 -0.058008
0.007738 0.073976 -0.003666
-0.135226 0.036937 -0.013105
-0.170196 0.174094 -0.040259
-0.214015 0.166946 -0.050384
-0.223839 0.122262 -0.044304
-0.271636 0.101779 -0.057841
-0.138673 -0.012596 -0.012929
-0.108446 -0.142243 -0.021456
-0.093595 -0.020871 -0.006104
-0.053257 -0.087290 -0.006944
-0.169649 -0.190328 -0.044271
-0.152101 -0.245206 -0.057208
-0.139556 -0.202077 -0.040983
-0.134361 -0.240254 -0.051874
-0.120858 -0.227713 -0.045293
-0.085315 -0.272408 -0.055939
-0.069037 -0.245876 -0.044423
-0.061382 -0.250254 -0.045248
-0.057226 -0.248873 -0.044417
-0.037388 -0.231459 -0.037260
0.028098 -0.079140 -0.004677
0.120500 -0.078414 -0.013790
0.033488 -0.038886 -0.001743
0.158498 -0.175209 -0.037850
0.233727 -0.109186 -0.045357
0.224111 -0.108122 -0.042105
0.255323 -0.032693 -0.045152
0.422078 0.056076 -0.131242
0.026087 -0.397141 -0.113191
0.284479 0.327430 -0.136742
0.146405 0.337781 -0.095649
-0.308757 0.255979 -0.115102
-0.359942 0.067243 -0.094552
-0.188216 -0.350059 -0.112853
-0.144070 -0.358712 -0.106253
0.364526 -0.086276 -0.099286
0.328887 -0.074529 -0.079344
FRAME 19 74
0.325734 0.058335 -0.076237
0.266477 0.115834 -0.058043
0.252447 0.034994 -0.044235
0.252236 0.040875 -0.044474
0.238565 0.095135 -0.044945
0.224442 0.121562 -0.044374
0.306984 0.226399 -0.103234
0.246451 0.254611 -0.088149
-0.057230 0.319947 -0.073402
-0.083115 0.302519 -0.068140
-0.119875 0.229344 -0.045651
-0.141693 0.217609 -0.045977
-0.207536 0.202038 -0.057658
-0.274697 -0.115218 -0.061133
-0.252124 -0.040959 -0.044439
-0.242800 -0.021081 -0.040343
-0.210669 -0.147810 -0.045131
-0.253034 -0.271677 -0.097395
-0.233317 -0.168105 -0.056804
-0.221051 -0.175492 -0.054638
-0.209981 -0.181386 -0.052739
0.139335 -0.300196 -0.076257
0.097655 -0.271308 -0.057125
0.100627 -0.270418 -0.057202
0.032630 -0.269500 -0.050400
0.079335 -0.260491 -0.050722
0.040397 -0.254238 -0.045159
0.085789 -0.243133 -0.045303
0.111234 -0.204314 -0.036666
0.176153 -0.288372 -0.079689
0.155952 0.137475 -0.029135
0.140724 0.113248 -0.021888
0.083875 0.017648 -0.004873
0.074067 -0.000586 -0.003636
0.047535 0.005652 -0.001516
0.157163 0.243970 -0.057895
0.153824 0.246407 -0.058008
0.102514 0.249105 -0.049598
0.066570 0.286019 -0.059341
0.051225 0.263005 -0.049056
-0.135006 0.174460 -0.032887
-0.008728 0.167018 -0.018724
0.003679 0.165786 -0.018403
-0.014504 0.113950 -0.008774
-0.015785 0.100840 -0.006919
-0.135475 0.044356 -0.013556
-0.214083 0.153594 -0.047380
-0.223839 0.122262 -0.044304
-0.196503 0.111133 -0.034479
-0.271636 0.101779 -0.057841
-0.230551 0.100545 -0.043049
-0.225143 0.035124 -0.035143
-0.301704 0.033764 -0.063606
-0.089198 -0.034035 -0.006050
-0.084843 -0.138780 -0.017699
-0.045986 -0.136452 -0.013834
-0.169649 -0.190328 -0.044271
-0.148911 -0.242090 -0.055437
-0.120858 -0.227713 -0.045293
-0.069036 -0.245899 -0.044431
-0.061374 -0.250247 -0.045245
-0.057226 -0.248866 -0.044414
0.057800 -0.029940 -0.002806
0.275300 -0.159742 -0.070237
0.212683 -0.133075 -0.042824
0.233727 -0.109186 -0.045357
0.164468 -0.081891 -0.022656
0.304631 -0.054571 -0.066218
0.255315 -0.032685 -0.045149
0.394296 0.188026 -0.138912
-0.396014 0.146072 -0.128744
-0.341065 0.139780 -0.095901
-0.044527 -0.356369 -0.090711
0.335233 -0.103642 -0.086324
FRAME 20 72
0.252447 0.034994 -0.044235
0.252236 0.040875 -0.044474
0.249813 0.124927 -0.053465
0.238557 0.095135 -0.044942
0.224442 0.121562 -0.044374
0.224189 0.025901 -0.034456
0.203900 0.278013 -0.083155
-0.075341 0.324405 -0.077274
-0.125929 0.287970 -0.068400
-0.042614 0.258683 -0.046894
-0.119866 0.229345 -0.045650
-0.141693 0.217609 -0.045977
-0.233806 0.229082 -0.074503
-0.207535 0.202045 -0.057660
-0.337274 -0.082026 -0.084356
-0.279268 -0.083491 -0.058425
-0.255833 -0.028144 -0.045141
-0.252109 -0.040960 -0.044434
-0.236556 -0.047896 -0.039545
-0.210692 -0.147808 -0.045138
-0.233406 -0.168021 -0.056814
0.100017 -0.270615 -0.057190
0.032630 -0.269508 -0.050402
0.079336 -0.260483 -0.050719
0.040405 -0.254237 -0.045159
0.085789 -0.243133 -0.045303
0.129220 -0.228641 -0.047064
0.036623 -0.224827 -0.035119
0.151898 -0.296429 -0.077295
0.189087 -0.212589 -0.055556
0.158927 0.133653 -0.029066
0.097301 0.082035 -0.010785
0.063056 0.071779 -0.006059
0.028050 -0.004359 -0.000533
0.157155 0.243971 -0.057894
0.153816 0.246408 -0.058006
0.124084 0.296289 -0.071606
0.041969 0.226327 -0.035880
-0.068873 0.145290 -0.017289
-0.090002 0.121375 -0.015248
-0.149670 0.099241 -0.021630
0.004317 0.084318 -0.004727
-0.075258 0.060437 -0.006184
-0.110985 0.059426 -0.010552
-0.068796 0.026936 -0.003617
-0.203578 0.132415 -0.040051
-0.223839 0.122262 -0.044304
-0.271636 0.101779 -0.057841
-0.218092 0.080170 -0.036579
-0.156551 -0.032966 -0.017115
-0.151741 -0.151904 -0.031117
-0.040859 -0.060803 -0.003556
-0.033731 -0.137424 -0.013355
-0.169649 -0.190328 -0.044271
-0.152129 -0.245145 -0.057193
-0.120857 -0.227720 -0.045296
-0.097916 -0.229711 -0.042412
-0.069021 -0.245869 -0.044419
-0.061995 -0.279227 -0.056172
-0.061348 -0.250278 -0.045253
-0.057217 -0.248866 -0.044414
-0.042689 -0.226176 -0.035875
-0.033838 -0.223312 -0.034513
0.044939 -0.052932 -0.003194
0.285636 -0.128310 -0.067868
0.233727 -0.109195 -0.045358
0.305181 -0.096011 -0.070999
0.264819 -0.088383 -0.053413
0.195939 -0.059562 -0.028254
0.255323 -0.032685 -0.045151
0.376812 -0.004256 -0.100567
0.348165 -0.109131 -0.093833
FRAME 21 167
0.319183 0.066268 -0.073862
0.313907 0.091007 -0.074266
0.268668 0.057672 -0.051685
0.252439 0.035003 -0.044233
0.252236 0.040875 -0.044474
0.238565 0.095135 -0.044945
0.224442 0.121562 -0.044374
0.220027 0.097068 -0.039253
0.215061 0.144390 -0.045744
0.311278 0.159038 -0.085626
0.299213 0.193628 -0.089239
0.257772 0.248589 -0.090156
0.253723 0.229064 -0.081656
0.223444 0.231023 -0.071689
-0.076215 0.323055 -0.076729
-0.076456 0.305100 -0.068507
-0.043558 0.275811 -0.053433
-0.046332 0.266473 -0.050017
-0.085032 0.264629 -0.052929
0.009019 0.250533 -0.042758
-0.122608 0.246709 -0.051962
-0.119867 0.229337 -0.045648
-0.093862 0.221500 -0.039280
-0.064782 0.220131 -0.035651
-0.141693 0.217609 -0.045977
-0.118548 0.209006 -0.039186
-0.077209 0.206165 -0.032750
-0.195666 0.260281 -0.073688
-0.260956 0.216162 -0.080159
-0.207529 0.202023 -0.057652
-0.304244 -0.065483 -0.066998
-0.268927 -0.035961 -0.050343
-0.252094 -0.040960 -0.044429
-0.242413 -0.028653 -0.040475
-0.238579 -0.105694 -0.046442
-0.221881 -0.014331 -0.033421
-0.210692 -0.147808 -0.045138
-0.211021 -0.135631 -0.042812
-0.287465 -0.231139 -0.096050
-0.233376 -0.168023 -0.056804
-0.209642 -0.235883 -0.068986
0.121727 -0.326571 -0.085089
0.062586 -0.292600 -0.061708
0.040020 -0.277108 -0.053733
0.097623 -0.271295 -0.057115
0.100627 -0.270411 -0.057199
0.123408 -0.269148 -0.060369
0.032630 -0.269508 -0.050402
0.079335 -0.260491 -0.050722
0.018003 -0.260979 -0.046683
0.087721 -0.256684 -0.050319
0.040405 -0.254237 -0.045159
0.085789 -0.243133 -0.045303
0.052376 -0.243131 -0.042063
0.036421 -0.239839 -0.039961
0.025421 -0.234184 -0.037619
0.011911 -0.219013 -0.032503
0.085008 -0.211764 -0.035245
0.207793 -0.321116 -0.103845
0.175992 -0.317298 -0.092719
0.158228 -0.292338 -0.076967
0.165583 -0.265408 -0.067728
0.185773 -0.214415 -0.055226
0.179647 0.128436 -0.032960
0.167336 0.085020 -0.023661
0.153911 0.108621 -0.023836
0.146327 0.147408 -0.029080
0.142186 0.142818 -0.027344
0.058382 0.141875 -0.015724
0.049672 0.117098 -0.010773
0.157155 0.243971 -0.057894
0.153824 0.246407 -0.058008
0.152471 0.188035 -0.039790
0.104260 0.303898 -0.071635
0.033069 0.192689 -0.025706
-0.093734 0.083970 -0.010543
-0.117840 0.073446 -0.012856
-0.137118 0.051333 -0.014307
-0.005861 0.024857 -0.000431
-0.156912 0.162540 -0.034532
-0.274875 0.132027 -0.064200
-0.170334 0.132495 -0.031440
-0.223847 0.122261 -0.044306
-0.271636 0.101770 -0.057840
-0.278452 0.093715 -0.059398
-0.208796 0.088052 -0.034745
-0.236653 0.083978 -0.042904
-0.274112 0.046096 -0.052931
-0.168442 0.047582 -0.020533
-0.276171 0.045589 -0.053704
-0.223354 0.027650 -0.034262
-0.145630 0.005116 -0.014171
-0.140730 -0.006437 -0.013237
-0.135532 -0.063422 -0.014951
-0.130556 -0.029345 -0.011932
-0.116738 -0.117116 -0.018299
-0.115836 -0.006752 -0.008954
-0.069508 -0.123814 -0.013448
-0.059429 -0.022392 -0.002671
-0.040949 -0.076540 -0.004998
-0.030970 -0.121413 -0.010452
-0.029748 -0.157491 -0.017178
-0.175701 -0.246473 -0.063212
-0.169650 -0.190320 -0.044269
-0.152095 -0.245177 -0.057196
-0.149939 -0.178139 -0.036734
-0.141632 -0.259169 -0.060051
-0.130692 -0.236428 -0.049892
-0.120858 -0.227705 -0.045291
-0.097766 -0.267680 -0.055743
-0.069021 -0.245869 -0.044419
-0.061373 -0.250255 -0.045247
-0.057226 -0.248866 -0.044414
-0.037783 -0.297399 -0.061954
-0.028246 -0.214282 -0.031541
0.138945 -0.177668 -0.034415
0.019664 -0.173031 -0.020322
0.044445 -0.172959 -0.021385
0.103460 -0.164700 -0.025438
0.113389 -0.164443 -0.026854
0.041643 -0.093439 -0.006950
0.079891 -0.067710 -0.007286
0.101084 -0.047398 -0.008286
0.074965 -0.037719 -0.004670
0.179183 -0.175865 -0.042889
0.207535 -0.134793 -0.041632
0.256330 -0.121162 -0.055154
0.199138 -0.119723 -0.036578
0.233720 -0.109187 -0.045354
0.251842 -0.102324 -0.050541
0.303474 -0.078180 -0.067982
0.232740 -0.070175 -0.040131
0.267618 -0.055758 -0.051132
0.169845 -0.052942 -0.021222
0.255323 -0.032685 -0.045151
0.350616 0.224553 -0.124924
-0.203412 0.382754 -0.136531
-0.191344 0.362466 -0.120692
-0.388803 -0.190511 -0.136196
0.170465 -0.359637 -0.113188
0.375064 0.073357 -0.103662
0.360529 0.053127 -0.093588
-0.080486 0.367081 -0.099974
-0.041829 0.369049 -0.097480
-0.033444 0.434935 -0.138477
-0.015551 0.391603 -0.109465
0.005237 0.362348 -0.092472
0.101330 -0.433349 -0.144800
-0.021728 -0.447648 -0.147095
0.214189 0.343898 -0.117670
0.271361 0.331500 -0.133032
0.166066 0.370635 -0.118301
0.069896 0.336958 -0.082828
-0.317566 0.290381 -0.134350
-0.304976 0.270165 -0.119126
-0.305600 0.220517 -0.100578
-0.208638 -0.318736 -0.102948
-0.109467 -0.380280 -0.111788
-0.099311 -0.328909 -0.082544
-0.146299 -0.321607 -0.087602
-0.143210 -0.316620 -0.084561
0.363702 -0.210505 -0.127492
0.361824 -0.212485 -0.127075
0.338396 -0.220854 -0.117001
0.392655 -0.090813 -0.116326
0.369186 -0.118702 -0.106991
0.341875 -0.026870 -0.082215
FRAME 22 232
0.297522 0.145726 -0.076421
0.280135 0.043761 -0.055158
0.278472 0.082403 -0.057978
0.276712 0.119590 -0.062673
0.277050 0.064443 -0.055529
0.268184 0.068628 -0.052483
0.267682 0.085280 -0.054115
0.255316 0.081626 -0.049093
0.252447 0.034994 -0.044235
0.252236 0.040875 -0.044474
0.251689 0.010207 -0.043181
0.244675 0.030174 -0.041308
0.242253 -0.001297 -0.039849
0.238558 0.095118 -0.044940
0.239446 0.098445 -0.045692
0.238179 0.100970 -0.045620
0.238222 0.073852 -0.042307
0.236485 0.099668 -0.044871
0.224442 0.121562 -0.044374
0.217114 0.112479 -0.040618
0.216888 0.129739 -0.043476
0.266336 0.154874 -0.065598
0.215801 0.164578 -0.050372
-0.068068 0.331324 -0.079852
-0.105421 0.307702 -0.073514
-0.019393 0.292794 -0.059245
-0.033122 0.289625 -0.058439
-0.092519 0.264154 -0.053696
-0.070255 0.258145 -0.048900
-0.033123 0.247906 -0.042552
-0.005138 0.239312 -0.038879
-0.003022 0.237591 -0.038295
-0.119866 0.229345 -0.045650
-0.054046 0.230432 -0.037989
-0.131313 0.223482 -0.045805
-0.141693 0.217609 -0.045977
-0.127811 0.213285 -0.042042
-0.163545 0.262890 -0.066277
-0.205991 0.254310 -0.074476
-0.168976 0.255951 -0.064978
-0.249454 0.244902 -0.085639
-0.187284 0.218921 -0.057023
-0.207535 0.202045 -0.057660
-0.327581 -0.048642 -0.076363
-0.291200 -0.085953 -0.063620
-0.268533 -0.143456 -0.063985
-0.263928 -0.013437 -0.047673
-0.253593 -0.123745 -0.054610
-0.256349 -0.051192 -0.046613
-0.254103 -0.099213 -0.050907
-0.251645 -0.040950 -0.044269
-0.238840 -0.015977 -0.038881
-0.234011 -0.024517 -0.037532
-0.226482 -0.069985 -0.038109
-0.221159 -0.088106 -0.038445
-0.210692 -0.147808 -0.045138
-0.212884 -0.079109 -0.034904
-0.243648 -0.180648 -0.063485
-0.243335 -0.160290 -0.058385
-0.233404 -0.168044 -0.056819
0.134218 -0.286325 -0.069282
0.041841 -0.278797 -0.054508
0.099985 -0.270616 -0.057186
0.005516 -0.271628 -0.050483
0.032638 -0.269507 -0.050403
0.079335 -0.260491 -0.050722
0.040397 -0.254230 -0.045156
0.085781 -0.243126 -0.045299
0.127806 -0.240987 -0.050906
0.146439 -0.233233 -0.051922
0.011892 -0.227749 -0.035204
0.046516 -0.224835 -0.035692
0.018124 -0.218837 -0.032579
0.026509 -0.211728 -0.030725
0.200112 -0.288200 -0.086310
0.182776 -0.230211 -0.059460
0.167146 -0.229667 -0.055368
0.177643 -0.210587 -0.051966
0.177353 -0.004882 -0.021105
0.160609 0.023920 -0.017637
0.159267 0.063063 -0.019654
0.142375 0.002961 -0.013528
0.128149 0.114441 -0.019774
0.104116 -0.000448 -0.007201
0.099299 0.115669 -0.015523
0.095727 0.141480 -0.019544
0.077681 0.079060 -0.008166
0.061498 0.111405 -0.010782
0.042820 0.090206 -0.006621
0.039519 0.121093 -0.010804
0.164592 0.219971 -0.051663
0.163672 0.200758 -0.045738
0.155686 0.275412 -0.069350
0.157155 0.243971 -0.057894
0.153824 0.246407 -0.058008
0.156313 0.182861 -0.039280
0.137319 0.241998 -0.053043
0.112163 0.193746 -0.033893
0.109785 0.195756 -0.034070
0.104298 0.292142 -0.066542
0.108327 0.166175 -0.026477
0.104451 0.236142 -0.045443
0.098279 0.196274 -0.032554
0.089051 0.267874 -0.054656
0.088402 0.225831 -0.039937
0.073600 0.184554 -0.026565
0.069853 0.162757 -0.021031
0.068128 0.225415 -0.037595
0.066223 0.283818 -0.058409
0.060230 0.267203 -0.051342
0.060458 0.192185 -0.027328
0.049974 0.221799 -0.034983
0.040096 0.208501 -0.030415
0.031311 0.214741 -0.031803
0.028951 0.215310 -0.031874
0.026914 0.269990 -0.050346
0.023945 0.272432 -0.051177
-0.085353 0.176185 -0.025777
-0.023291 0.175497 -0.021012
0.003905 0.167023 -0.018684
-0.070437 0.162638 -0.021060
-0.041783 0.154376 -0.017103
-0.061108 0.132933 -0.014286
-0.019214 0.127698 -0.011106
-0.082684 0.124982 -0.014995
-0.033240 0.124528 -0.011063
-0.153921 0.112415 -0.024411
-0.115231 0.111286 -0.017161
-0.004264 0.100038 -0.006657
-0.053018 0.069714 -0.005089
-0.057537 0.040562 -0.003283
-0.009390 0.037918 -0.001010
-0.048468 0.026130 -0.002007
-0.145435 0.022474 -0.014455
-0.177892 0.162323 -0.039365
-0.214248 0.160482 -0.048957
-0.197324 0.147751 -0.041301
-0.160869 0.140026 -0.030694
-0.175945 0.129889 -0.032309
-0.223839 0.122262 -0.044304
-0.271636 0.101779 -0.057841
-0.194954 0.102359 -0.032763
-0.196847 0.095636 -0.032356
-0.185570 0.072627 -0.026725
-0.217027 0.054835 -0.033886
-0.224493 0.051505 -0.035925
-0.160560 0.049847 -0.018922
-0.289962 0.034826 -0.058661
-0.203223 0.031136 -0.028481
-0.178740 -0.032591 -0.022148
-0.170543 -0.154375 -0.035832
-0.161008 -0.061582 -0.019908
-0.145636 -0.031337 -0.014816
-0.132699 -0.111966 -0.020199
-0.127978 -0.053932 -0.012860
-0.127188 -0.055691 -0.012854
-0.110147 -0.004728 -0.008079
-0.109984 -0.071948 -0.011507
-0.100688 -0.025118 -0.007153
-0.098652 -0.153110 -0.022260
-0.093569 -0.000312 -0.005810
-0.090422 -0.095322 -0.011500
-0.085095 -0.109679 -0.012849
-0.054568 -0.088704 -0.007205
-0.037135 -0.160125 -0.018078
-0.029083 0.003551 -0.000568
-0.178485 -0.163506 -0.039781
-0.172570 -0.232952 -0.057771
-0.170757 -0.234231 -0.057753
-0.169657 -0.190335 -0.044275
-0.158569 -0.260286 -0.064131
-0.152124 -0.245204 -0.057212
-0.152518 -0.250581 -0.059207
-0.150737 -0.251450 -0.059133
-0.122458 -0.259840 -0.056673
-0.120858 -0.227705 -0.045291
-0.117088 -0.281269 -0.064080
-0.087203 -0.179345 -0.026765
-0.083716 -0.188598 -0.028693
-0.075242 -0.205641 -0.032394
-0.072624 -0.166823 -0.022212
-0.069020 -0.245892 -0.044427
-0.061382 -0.250247 -0.045245
-0.057226 -0.248866 -0.044414
-0.026962 -0.307384 -0.065808
0.105986 -0.176000 -0.028439
0.109465 -0.173620 -0.028383
-0.007727 -0.163903 -0.018014
0.108034 -0.157186 -0.024445
0.148897 -0.136340 -0.027444
0.057564 -0.134964 -0.014369
0.136708 -0.129362 -0.023793
0.141555 -0.071416 -0.016806
0.031423 -0.051744 -0.002427
-0.006293 -0.048023 -0.001552
0.139914 -0.023766 -0.013434
0.159055 -0.138176 -0.029940
0.250691 -0.111778 -0.051566
0.275956 -0.108305 -0.060521
0.233720 -0.109187 -0.045354
0.269461 -0.090238 -0.055416
0.205993 -0.088711 -0.034021
0.216316 -0.072614 -0.035242
0.234736 -0.051463 -0.039194
0.305226 -0.049137 -0.066073
0.244397 -0.047333 -0.042143
0.274876 -0.046014 -0.053224
0.204628 -0.046571 -0.029699
0.255330 -0.032685 -0.045154
0.228624 -0.025975 -0.035851
0.222609 -0.025155 -0.033941
0.163337 -0.367644 -0.115870
0.411475 0.050611 -0.123751
-0.019689 0.390183 -0.108719
-0.369390 -0.055043 -0.098644
-0.367071 -0.035289 -0.095994
0.133507 -0.362918 -0.106333
0.095163 -0.398022 -0.120286
0.210966 0.362827 -0.127141
0.170354 0.367444 -0.117586
0.249710 0.336412 -0.126647
0.032178 0.402329 -0.116701
0.112368 0.380880 -0.112643
0.152314 0.333946 -0.095035
-0.335827 0.187501 -0.105105
-0.360310 0.118181 -0.101929
-0.333287 0.070040 -0.081019
-0.261942 -0.334393 -0.130553
-0.027930 -0.369332 -0.096903
-0.158063 -0.333195 -0.096006
0.334258 -0.101608 -0.085526
0.323709 -0.162610 -0.092401
FRAME 23 82
0.281698 0.005168 -0.054438
0.252447 0.034986 -0.044235
0.252236 0.040875 -0.044474
0.238557 0.095135 -0.044942
0.224442 0.121562 -0.044374
0.218918 0.096523 -0.038840
0.307017 0.189093 -0.091488
-0.102190 0.296846 -0.068237
-0.119866 0.229345 -0.045650
-0.141693 0.217609 -0.045977
-0.202616 0.245072 -0.070095
-0.280289 0.214745 -0.087485
-0.247609 0.199645 -0.070135
-0.207535 0.202045 -0.057660
-0.252094 -0.040960 -0.044429
-0.210669 -0.147810 -0.045131
-0.230419 -0.236048 -0.075727
-0.233381 -0.168046 -0.056812
-0.221452 -0.234459 -0.072211
0.039367 -0.290458 -0.059110
0.001506 -0.274372 -0.051525
0.099994 -0.270594 -0.057179
0.032638 -0.269507 -0.050403
0.079335 -0.260491 -0.050722
0.040397 -0.254238 -0.045159
0.085780 -0.243133 -0.045302
0.098719 -0.227393 -0.041781
0.008493 -0.208512 -0.029361
0.277233 -0.276873 -0.109404
0.166314 -0.227320 -0.054406
0.024872 0.041353 -0.001541
0.157163 0.243970 -0.057895
0.153816 0.246408 -0.058006
0.039018 0.248133 -0.042929
0.037859 0.217896 -0.033058
-0.013870 0.143064 -0.013784
0.002218 0.060138 -0.002398
-0.092655 0.044732 -0.007031
-0.155361 0.041613 -0.017300
-0.174303 0.160685 -0.038116
-0.223839 0.122270 -0.044305
-0.271629 0.101779 -0.057838
-0.285907 0.093181 -0.062351
-0.273581 0.039300 -0.052312
-0.176401 -0.148204 -0.035947
-0.169155 -0.053313 -0.021090
-0.122684 -0.022776 -0.010364
-0.072103 -0.034651 -0.004243
-0.049565 -0.053588 -0.003531
-0.169649 -0.190328 -0.044271
-0.152124 -0.245204 -0.057212
-0.138391 -0.252439 -0.056934
-0.129388 -0.279159 -0.065417
-0.131207 -0.186185 -0.035113
-0.120858 -0.227713 -0.045293
-0.069020 -0.245892 -0.044427
-0.061373 -0.250255 -0.045247
-0.057226 -0.248866 -0.044414
-0.053411 -0.234060 -0.039116
-0.039769 -0.174456 -0.021471
0.035507 -0.164335 -0.018924
0.061742 -0.040574 -0.003617
0.238056 -0.163929 -0.057410
0.283607 -0.144728 -0.070289
0.296772 -0.141564 -0.075215
0.265169 -0.125467 -0.059211
0.233720 -0.109187 -0.045354
0.243133 -0.101031 -0.047308
0.254493 -0.096136 -0.050622
0.265702 -0.091236 -0.054111
0.255323 -0.032693 -0.045152
0.364321 0.052535 -0.095618
-0.129247 0.367150 -0.107850
-0.012016 0.391784 -0.109499
-0.002060 0.402396 -0.115937
0.005302 0.433858 -0.136840
-0.001098 -0.365563 -0.094217
0.202206 0.372597 -0.129981
0.082096 0.413064 -0.128105
-0.194203 -0.314961 -0.096697
-0.139103 -0.348334 -0.099562
-0.086749 -0.320201 -0.076641
FRAME 24 219
0.309260 -0.006530 -0.066151
0.299669 0.112394 -0.071058
0.296294 0.035261 -0.061349
0.280331 0.144092 -0.068810
0.258340 0.070792 -0.049024
0.252439 0.034986 -0.044232
0.252236 0.040875 -0.044474
0.250845 0.051396 -0.044664
0.241819 0.021965 -0.040038
0.238558 0.095127 -0.044941
0.238037 0.114109 -0.047563
0.230512 0.124538 -0.046832
0.224442 0.121562 -0.044374
0.227350 0.002575 -0.034985
0.210949 0.085891 -0.035111
0.283666 0.191568 -0.081892
0.281973 0.179775 -0.077947
0.193799 0.259675 -0.072925
-0.005050 0.291054 -0.058265
-0.041558 0.285072 -0.057017
-0.109518 0.277258 -0.061229
-0.111284 0.265531 -0.056944
-0.055225 0.260768 -0.048528
-0.056841 0.248909 -0.044398
-0.077219 0.244502 -0.044790
-0.081448 0.243583 -0.044946
-0.114648 0.241917 -0.048965
-0.058502 0.237055 -0.040498
-0.116282 0.229933 -0.045245
-0.119874 0.229352 -0.045654
-0.141685 0.217610 -0.045975
-0.005003 0.216146 -0.031561
-0.096241 0.211085 -0.036459
-0.180793 0.327600 -0.099046
-0.244805 0.304520 -0.108744
-0.262015 0.294767 -0.110970
-0.168711 0.301675 -0.083604
-0.263968 0.282676 -0.106372
-0.176100 0.280935 -0.076554
-0.178417 0.268974 -0.072333
-0.180050 0.257234 -0.068257
-0.204060 0.244592 -0.070352
-0.181714 0.245185 -0.064307
-0.270829 0.235022 -0.090412
-0.182953 0.233431 -0.060578
-0.271665 0.223611 -0.086833
-0.184521 0.221374 -0.057060
-0.207529 0.202031 -0.057654
-0.312065 -0.089402 -0.073209
-0.302705 -0.028911 -0.063823
-0.285342 -0.125677 -0.067260
-0.274697 -0.091433 -0.057607
-0.271288 -0.021617 -0.050661
-0.261454 -0.091029 -0.052492
-0.252371 -0.077055 -0.047525
-0.252095 -0.040943 -0.044428
-0.223260 -0.010417 -0.033779
-0.218067 -0.050193 -0.033862
-0.210645 -0.147819 -0.045126
-0.266735 -0.284337 -0.108229
-0.233381 -0.168046 -0.056812
-0.201290 -0.254111 -0.072999
-0.201165 -0.208506 -0.057696
0.038687 -0.326387 -0.075150
0.014900 -0.307150 -0.065339
0.101938 -0.300996 -0.070005
-0.008534 -0.287435 -0.056801
0.097662 -0.271315 -0.057129
0.100635 -0.270418 -0.057203
0.032638 -0.269507 -0.050403
0.079336 -0.260483 -0.050719
0.040397 -0.254238 -0.045159
0.085780 -0.243133 -0.045302
0.013569 -0.236694 -0.038120
0.193657 -0.322798 -0.100336
0.249859 -0.283062 -0.100985
0.268676 -0.271774 -0.103657
0.178088 -0.276390 -0.075210
0.165437 -0.276606 -0.072114
0.243519 -0.264019 -0.090730
0.169538 -0.228885 -0.055687
0.243859 -0.218921 -0.074687
0.093508 0.141380 -0.019240
0.060905 0.031125 -0.003099
0.060576 0.082400 -0.006947
0.041856 0.086546 -0.006135
0.035247 0.058609 -0.003099
0.028759 0.078051 -0.004588
0.159625 0.278183 -0.071373
0.157147 0.243971 -0.057892
0.153824 0.246407 -0.058008
0.133432 0.227496 -0.047476
0.122410 0.272591 -0.061534
0.112841 0.287870 -0.066091
0.110554 0.177372 -0.029453
0.090420 0.197017 -0.031732
0.062986 0.199342 -0.029467
0.049508 0.250345 -0.044354
0.047067 0.293520 -0.060871
0.041234 0.284829 -0.056898
0.037740 0.176539 -0.021862
0.027178 0.177307 -0.021580
0.026466 0.205410 -0.028910
-0.148671 0.172103 -0.035004
-0.149121 0.131990 -0.026689
-0.108784 0.130535 -0.019336
-0.094353 0.115307 -0.014821
-0.143108 0.111968 -0.022152
-0.038930 0.094359 -0.006920
-0.085971 0.093018 -0.010682
-0.007318 0.091847 -0.005633
-0.121850 0.065506 -0.012760
-0.129986 0.049283 -0.012886
-0.145231 0.043830 -0.015370
-0.028533 0.034462 -0.001325
-0.200293 0.172275 -0.047643
-0.299547 0.161186 -0.080814
-0.160451 0.146646 -0.031910
-0.261116 0.139285 -0.060305
-0.223839 0.122262 -0.044304
-0.227962 0.122339 -0.045627
-0.271636 0.101779 -0.057841
-0.252855 0.084863 -0.048591
-0.176217 0.082160 -0.025419
-0.265084 0.072073 -0.051654
-0.219458 0.063425 -0.035325
-0.231528 0.050774 -0.038103
-0.243652 0.037899 -0.041326
-0.175339 -0.079812 -0.024948
-0.147534 -0.081692 -0.019042
-0.115555 -0.014866 -0.009028
-0.098424 -0.127528 -0.017355
-0.063480 0.004182 -0.002680
-0.062596 -0.088766 -0.007840
-0.062168 -0.148248 -0.017282
-0.045631 0.005707 -0.001399
-0.179643 -0.181952 -0.044533
-0.180442 -0.188484 -0.046438
-0.178501 -0.194699 -0.047625
-0.178287 -0.206485 -0.050915
-0.169649 -0.190328 -0.044271
-0.160480 -0.258783 -0.064008
-0.156876 -0.271780 -0.068175
-0.135270 -0.302608 -0.076505
-0.134595 -0.257668 -0.058101
-0.120866 -0.227705 -0.045292
-0.106427 -0.281162 -0.062317
-0.100575 -0.276328 -0.059509
-0.088861 -0.308556 -0.071547
-0.069028 -0.245884 -0.044425
-0.061373 -0.250255 -0.045247
-0.057226 -0.248866 -0.044414
-0.038143 -0.280990 -0.055172
0.015597 -0.170484 -0.019630
0.110541 -0.157655 -0.024921
0.075135 -0.151073 -0.019061
0.017332 -0.112982 -0.008688
0.126020 -0.075298 -0.014384
0.011739 -0.073370 -0.003659
0.090357 -0.068833 -0.008579
0.156197 -0.065398 -0.019201
0.068172 -0.037138 -0.003995
0.200217 -0.173703 -0.047971
0.199507 -0.161524 -0.044895
0.257331 -0.147746 -0.060641
0.270758 -0.123516 -0.061013
0.273128 -0.114297 -0.060363
0.233727 -0.109186 -0.045357
0.272173 -0.101760 -0.058047
0.198482 -0.076264 -0.030505
0.257621 -0.065531 -0.048255
0.274333 -0.054110 -0.053588
0.255323 -0.032685 -0.045151
0.344613 0.259463 -0.135082
-0.352746 -0.225006 -0.126273
-0.371874 -0.159446 -0.117334
0.425522 0.074435 -0.135509
0.372555 0.065058 -0.101349
0.379691 -0.002676 -0.102222
0.004051 0.470254 -0.163985
-0.013218 0.384851 -0.105373
-0.491062 -0.009339 -0.181181
-0.419823 -0.014047 -0.127378
-0.408956 -0.012681 -0.120230
0.124409 -0.393376 -0.122447
0.122982 -0.360142 -0.102722
0.076833 -0.400175 -0.119160
0.056119 -0.447474 -0.149168
0.033584 -0.367043 -0.095889
0.008114 -0.368582 -0.095942
-0.004819 -0.368831 -0.096049
-0.292310 0.378998 -0.170717
0.222124 0.359289 -0.128954
0.255875 0.340683 -0.131437
0.184336 0.338919 -0.105804
0.226898 0.312577 -0.106066
0.115490 0.378897 -0.112025
0.038748 0.344208 -0.083983
0.041422 0.335233 -0.079621
0.083301 0.326766 -0.079339
0.134306 0.318424 -0.083575
-0.413705 0.079311 -0.128168
-0.402854 0.080947 -0.121361
-0.370226 0.095835 -0.103813
-0.347687 0.109821 -0.093696
-0.336320 0.122228 -0.090012
-0.336318 0.031993 -0.079648
-0.334390 0.083163 -0.083056
-0.312337 0.148103 -0.083618
-0.196393 -0.348535 -0.114471
-0.199764 -0.333429 -0.107524
-0.095331 -0.337571 -0.086264
0.341022 -0.201704 -0.112087
0.323454 -0.212227 -0.106432
0.353281 -0.070818 -0.091343
0.332398 -0.171335 -0.098921
0.335377 -0.103569 -0.086385
0.324413 -0.134145 -0.086410
0.320080 -0.055677 -0.073336
FRAME 25 124
0.320597 0.113563 -0.080792
0.313307 0.035808 -0.068880
0.298230 0.050510 -0.063120
0.252447 0.034994 -0.044235
0.252236 0.040875 -0.044474
0.238558 0.095127 -0.044941
0.224449 0.121562 -0.044376
0.205422 0.146839 -0.043397
0.251095 0.284133 -0.101922
0.232739 0.248942 -0.081133
-0.021442 0.296520 -0.060882
-0.143716 0.253265 -0.058308
-0.110496 0.249532 -0.050953
-0.119842 0.229346 -0.045646
-0.141685 0.217610 -0.045975
-0.249984 0.308651 -0.112690
-0.186698 0.260286 -0.071183
-0.200071 0.224816 -0.062456
-0.207536 0.202038 -0.057658
-0.228272 0.196617 -0.062597
-0.313456 -0.061126 -0.070735
-0.298083 -0.095676 -0.067836
-0.292602 -0.145493 -0.074240
-0.274103 -0.039882 -0.052548
-0.262497 -0.005991 -0.047040
-0.252102 -0.040943 -0.044430
-0.210692 -0.147808 -0.045138
-0.233381 -0.168046 -0.056812
0.083691 -0.306525 -0.069985
0.056424 -0.280315 -0.056136
0.097647 -0.271308 -0.057124
0.100619 -0.270412 -0.057198
0.032630 -0.269508 -0.050402
0.079336 -0.260476 -0.050716
0.040397 -0.254238 -0.045159
0.085789 -0.243133 -0.045303
0.145136 -0.224986 -0.048976
0.151077 -0.310451 -0.083406
0.171917 0.078736 -0.024019
0.072267 0.052632 -0.005303
0.061198 0.046620 -0.003923
0.050495 0.118862 -0.011107
0.050172 0.040494 -0.002753
0.032423 0.125085 -0.011121
0.166351 0.209222 -0.048809
0.157155 0.243971 -0.057894
0.153816 0.246408 -0.058006
0.133771 0.250802 -0.055447
0.130626 0.180641 -0.033600
-0.087573 0.159447 -0.022204
-0.032267 0.138428 -0.013477
0.006079 0.094878 -0.005999
-0.127996 0.047063 -0.012397
-0.216637 0.151200 -0.047641
-0.223839 0.122262 -0.044304
-0.250563 0.105782 -0.050596
-0.271629 0.101779 -0.057838
-0.228666 0.067221 -0.038537
-0.196544 0.064675 -0.028854
-0.180576 0.058157 -0.024180
-0.289877 0.034828 -0.058626
-0.195417 0.034103 -0.026479
-0.184525 -0.066222 -0.025851
-0.178822 -0.049692 -0.023127
-0.129436 -0.086827 -0.016234
-0.121856 -0.013272 -0.009999
-0.082079 -0.027867 -0.004984
-0.062352 -0.101639 -0.009459
-0.056477 -0.084848 -0.006900
-0.169649 -0.190328 -0.044271
-0.152124 -0.245204 -0.057212
-0.120867 -0.227697 -0.045290
-0.112759 -0.245762 -0.049988
-0.091376 -0.191105 -0.030270
-0.069020 -0.245892 -0.044427
-0.061399 -0.250239 -0.045244
-0.057226 -0.248858 -0.044412
-0.041068 -0.233821 -0.038225
0.020153 -0.176775 -0.021226
0.100675 -0.169965 -0.026254
0.049044 -0.093027 -0.007347
0.076485 -0.092802 -0.009622
0.066097 -0.070310 -0.006182
0.228542 -0.139991 -0.049079
0.233742 -0.109202 -0.045364
0.280892 -0.050412 -0.055908
0.259067 -0.035086 -0.046622
0.255315 -0.032685 -0.045149
0.243331 -0.029945 -0.040840
-0.161231 0.406209 -0.139056
-0.150651 0.412441 -0.140517
-0.366931 -0.178668 -0.119566
-0.373891 -0.175367 -0.122704
0.262768 -0.391792 -0.165162
0.418047 0.107612 -0.135294
0.418167 0.029341 -0.126803
-0.083631 0.470714 -0.170275
-0.067084 0.420567 -0.131308
-0.010614 0.376880 -0.100678
-0.366502 -0.123583 -0.106381
-0.428067 -0.096477 -0.140311
-0.380757 -0.013241 -0.102970
0.086544 -0.404506 -0.123152
0.034839 -0.449811 -0.149301
0.031843 -0.379435 -0.102843
0.010046 -0.363859 -0.093355
-0.005173 -0.370648 -0.097070
-0.341328 -0.316271 -0.160096
0.109843 0.460673 -0.166634
0.043963 0.452491 -0.151891
0.154516 0.434087 -0.156562
0.038716 0.389477 -0.109152
0.149530 0.371229 -0.114567
0.089249 0.329002 -0.081183
0.051251 0.321256 -0.073542
-0.402965 0.104025 -0.124802
-0.358156 0.054656 -0.092427
-0.330521 0.032941 -0.076843
-0.120280 -0.399962 -0.125781
0.316076 -0.236564 -0.111223
0.406091 -0.082846 -0.123673
0.333827 -0.158792 -0.096500
0.323600 -0.109540 -0.081559
0.318395 -0.098665 -0.077418
FRAME 26 83
0.268683 0.148841 -0.065181
0.252432 0.034986 -0.044230
0.252228 0.040876 -0.044471
0.238557 0.095135 -0.044942
0.224449 0.121562 -0.044376
0.321573 0.157190 -0.090062
0.247779 0.260531 -0.090928
0.206225 0.244206 -0.070862
0.002341 0.284071 -0.055380
-0.119876 0.229314 -0.045642
-0.141693 0.217617 -0.045979
-0.160937 0.316548 -0.088552
-0.260079 0.232599 -0.085295
-0.207529 0.202031 -0.057654
-0.249563 -0.149270 -0.058140
-0.252094 -0.040960 -0.044429
-0.218462 -0.110128 -0.040663
-0.210669 -0.147810 -0.045131
-0.317702 -0.154127 -0.087494
-0.233403 -0.168052 -0.056820
0.097663 -0.271308 -0.057126
0.100636 -0.270404 -0.057197
0.032638 -0.269507 -0.050403
0.143457 -0.262458 -0.061659
0.127642 -0.261331 -0.058157
0.079327 -0.260491 -0.050721
0.141919 -0.256031 -0.058949
0.040397 -0.254238 -0.045159
0.142460 -0.245614 -0.055323
0.085780 -0.243133 -0.045302
0.083299 -0.242928 -0.044937
0.082043 -0.231267 -0.040916
0.227669 -0.277182 -0.090472
0.163658 -0.280580 -0.073305
0.171731 -0.267661 -0.070110
0.169474 -0.248151 -0.062261
0.251714 -0.236245 -0.083382
0.169398 -0.228760 -0.055612
0.189374 -0.225945 -0.059826
0.141621 0.036651 -0.014283
0.157162 0.243977 -0.057898
0.153840 0.246414 -0.058013
0.088297 0.304419 -0.069625
0.071507 0.303747 -0.067377
0.057602 0.306970 -0.067503
0.039617 0.214798 -0.032227
-0.089693 0.140511 -0.018600
-0.197666 0.132363 -0.038388
-0.223839 0.122262 -0.044304
-0.271607 0.101780 -0.057830
-0.292235 0.074007 -0.062677
-0.298282 0.050625 -0.063151
-0.291701 0.049163 -0.060251
-0.138108 -0.001219 -0.012718
-0.099975 -0.128416 -0.017718
-0.180442 -0.188484 -0.046438
-0.169649 -0.190328 -0.044271
-0.152129 -0.245145 -0.057193
-0.120867 -0.227689 -0.045287
-0.069036 -0.245899 -0.044431
-0.061373 -0.250255 -0.045247
-0.057243 -0.248858 -0.044413
-0.041111 -0.295202 -0.061206
0.073353 -0.170613 -0.023156
0.298881 -0.128294 -0.073511
0.233735 -0.109186 -0.045359
0.248539 -0.047920 -0.043613
0.255323 -0.032685 -0.045151
0.358763 0.088799 -0.096455
-0.075182 0.400064 -0.118893
-0.003309 0.360329 -0.091362
0.128907 -0.358511 -0.102967
0.014580 -0.381051 -0.103170
-0.001715 -0.364060 -0.093391
-0.002771 -0.384012 -0.104749
0.081686 0.360520 -0.096494
0.038688 0.346090 -0.084946
0.084227 0.340091 -0.086050
0.052683 0.321606 -0.073816
-0.090573 -0.420187 -0.134021
-0.022080 -0.350388 -0.086426
0.354599 -0.051238 -0.090248
0.325653 -0.042390 -0.075019
FRAME 27 110
0.265158 0.099263 -0.054995
0.258282 0.132493 -0.057926
0.254034 0.080224 -0.048471
0.252447 0.034994 -0.044235
0.252236 0.040875 -0.044474
0.239973 0.136970 -0.052281
0.238565 0.095135 -0.044945
0.230940 0.145336 -0.050939
0.224434 0.121562 -0.044372
0.224894 0.005833 -0.034234
-0.125336 0.301684 -0.074194
-0.054935 0.280110 -0.055935
-0.132633 0.236554 -0.050296
-0.119866 0.229345 -0.045650
-0.146466 0.219037 -0.047385
-0.141693 0.217609 -0.045977
-0.123888 0.216544 -0.042332
-0.146502 0.211201 -0.045018
-0.090185 0.210076 -0.035380
-0.296052 0.209025 -0.092483
-0.207535 0.202045 -0.057660
-0.261228 -0.125621 -0.057752
-0.252356 -0.035338 -0.044220
-0.252094 -0.040960 -0.044429
-0.231429 -0.133350 -0.048734
-0.220173 -0.144444 -0.047322
-0.210669 -0.147810 -0.045131
-0.256696 -0.246765 -0.089063
-0.233383 -0.168022 -0.056807
0.139425 -0.302238 -0.077180
0.034464 -0.294721 -0.060640
0.077815 -0.278253 -0.057365
0.100001 -0.270608 -0.057185
0.000916 -0.271660 -0.050474
0.032630 -0.269508 -0.050402
0.079344 -0.260483 -0.050720
0.055836 -0.256843 -0.047142
0.040397 -0.254238 -0.045159
0.136160 -0.246759 -0.054473
0.085789 -0.243133 -0.045303
0.098075 -0.238154 -0.045206
0.068740 -0.230011 -0.039111
0.102170 -0.226891 -0.042107
0.047627 -0.227231 -0.036517
0.143783 0.054794 -0.015818
0.097880 0.033162 -0.007094
0.093521 0.013943 -0.005934
0.045254 0.151740 -0.016762
0.175096 0.202224 -0.048884
0.157155 0.243971 -0.057894
0.153825 0.246400 -0.058005
0.122557 0.163153 -0.028048
0.105964 0.299585 -0.069997
0.087197 0.276334 -0.057711
0.043820 0.258990 -0.047079
0.039138 0.305502 -0.065556
-0.105665 0.138816 -0.020396
-0.041647 0.112571 -0.009585
-0.064397 0.053755 -0.004666
-0.118696 0.051729 -0.011166
-0.107252 0.037568 -0.008586
-0.124044 0.026003 -0.010695
-0.160319 0.171762 -0.037422
-0.258239 0.160867 -0.063895
-0.162886 0.141423 -0.031415
-0.223839 0.122270 -0.044305
-0.180717 0.118249 -0.031491
-0.283320 0.112057 -0.064084
-0.271629 0.101779 -0.057838
-0.203938 0.068921 -0.031283
-0.257917 0.052991 -0.047314
-0.178714 -0.125954 -0.032292
-0.115732 0.002255 -0.008911
-0.104238 -0.005551 -0.007238
-0.060534 -0.113590 -0.011033
-0.169641 -0.190328 -0.044270
-0.167660 -0.215231 -0.050924
-0.152095 -0.245177 -0.057196
-0.120857 -0.227720 -0.045296
-0.069021 -0.245869 -0.044419
-0.061373 -0.250255 -0.045247
-0.057226 -0.248866 -0.044414
-0.055733 -0.261996 -0.049022
0.069758 -0.177612 -0.024468
0.100096 -0.156811 -0.023237
0.097206 -0.102022 -0.013244
0.107685 -0.094721 -0.013722
0.066853 -0.092835 -0.008702
0.034498 -0.088753 -0.006018
0.025757 -0.080705 -0.004760
0.073190 -0.074228 -0.007218
0.172457 -0.127427 -0.031034
0.280302 -0.114790 -0.063303
0.233720 -0.109187 -0.045354
0.170909 -0.064094 -0.022357
0.255323 -0.032685 -0.045151
0.161163 -0.416930 -0.146228
-0.079176 0.391893 -0.114317
0.031289 -0.403918 -0.117659
-0.359469 0.046255 -0.092498
-0.324853 0.093622 -0.079768
-0.042057 -0.373328 -0.099910
-0.081083 -0.320358 -0.076016
-0.042609 -0.321523 -0.073074
0.373581 -0.277969 -0.160345
0.325034 -0.192817 -0.101193
0.347553 -0.048781 -0.086361
0.341855 -0.074594 -0.085806
0.324732 -0.109779 -0.082142
0.320019 -0.154822 -0.088761
FRAME 28 60
0.252447 0.034994 -0.044235
0.252236 0.040875 -0.044474
0.238690 0.127571 -0.050083
0.238565 0.095135 -0.044945
0.232882 0.019058 -0.037000
0.224442 0.121562 -0.044374
-0.119866 0.229345 -0.045650
-0.141693 0.217609 -0.045977
-0.194175 0.280465 -0.081299
-0.207536 0.202038 -0.057658
-0.252109 -0.040960 -0.044434
-0.239343 -0.086664 -0.044124
-0.219322 -0.031429 -0.033182
-0.210692 -0.147808 -0.045138
-0.233404 -0.168044 -0.056819
0.097663 -0.271308 -0.057126
0.100628 -0.270404 -0.057196
0.032630 -0.269508 -0.050402
0.079335 -0.260491 -0.050722
0.067296 -0.256711 -0.048091
0.040405 -0.254237 -0.045159
0.085780 -0.243133 -0.045302
0.214906 -0.267971 -0.082507
0.241313 -0.251699 -0.085177
0.204538 -0.245165 -0.070699
0.180127 -0.231501 -0.059197
0.157571 0.100020 -0.023390
0.151642 0.090621 -0.020921
0.139048 0.079012 -0.017103
0.079308 0.120185 -0.013834
0.027898 0.071607 -0.003914
0.157155 0.243971 -0.057894
0.153824 0.246407 -0.058008
0.074369 0.284291 -0.059422
0.059331 0.209614 -0.032054
0.051822 0.201866 -0.029282
-0.232488 0.125870 -0.047713
-0.223839 0.122262 -0.044304
-0.271636 0.101779 -0.057841
-0.281281 0.070622 -0.057813
-0.253044 0.028360 -0.044152
-0.137887 -0.053022 -0.014568
-0.100847 -0.135457 -0.019095
-0.169649 -0.190328 -0.044271
-0.152101 -0.245206 -0.057208
-0.120866 -0.227712 -0.045294
-0.069036 -0.245899 -0.044431
-0.066418 -0.220666 -0.035963
-0.061373 -0.250255 -0.045247
-0.057226 -0.248866 -0.044414
0.110052 -0.105411 -0.015512
0.004124 -0.028422 -0.000546
0.277550 -0.155690 -0.070212
0.173284 -0.154223 -0.036454
0.233727 -0.109195 -0.045358
0.183573 -0.108010 -0.030611
0.293417 -0.093033 -0.065473
0.255323 -0.032685 -0.045151
-0.059229 -0.333122 -0.079903
-0.122918 -0.317754 -0.081086
FRAME 29 69
0.329721 0.008193 -0.075706
0.290466 0.134763 -0.071129
0.252447 0.034994 -0.044235
0.252236 0.040875 -0.044474
0.238565 0.095135 -0.044945
0.234499 0.103782 -0.044802
0.231787 0.147405 -0.051646
0.224442 0.121562 -0.044374
-0.123761 0.271416 -0.061313
-0.136336 0.249082 -0.055329
-0.119867 0.229337 -0.045648
-0.141693 0.217609 -0.045977
-0.020389 0.207567 -0.029327
-0.203819 0.251327 -0.072719
-0.207536 0.202038 -0.057658
-0.283960 -0.072713 -0.059113
-0.252102 -0.040943 -0.044430
-0.210692 -0.147808 -0.045138
-0.233402 -0.168068 -0.056824
-0.207899 -0.175443 -0.050617
0.097663 -0.271308 -0.057126
0.100627 -0.270418 -0.057202
0.032630 -0.269500 -0.050400
0.036280 -0.263746 -0.048407
0.079336 -0.260483 -0.050719
0.097642 -0.254996 -0.051010
0.040397 -0.254238 -0.045159
0.085780 -0.243133 -0.045302
0.051946 -0.225174 -0.036169
0.225048 -0.240403 -0.075454
0.212345 -0.234681 -0.069405
0.160581 -0.002292 -0.017248
0.157155 0.243971 -0.057894
0.153824 0.246407 -0.058008
0.060135 0.198939 -0.029116
0.046753 0.269935 -0.051360
-0.002632 0.130840 -0.011408
-0.041285 0.113748 -0.009743
-0.133711 0.071417 -0.015347
-0.021707 0.028994 -0.000868
-0.187395 0.127788 -0.034813
-0.223839 0.122262 -0.044304
-0.271636 0.101779 -0.057841
-0.177557 -0.188383 -0.045684
-0.169649 -0.190328 -0.044271
-0.152124 -0.245204 -0.057212
-0.151729 -0.172497 -0.035736
-0.143505 -0.173988 -0.034410
-0.120858 -0.227713 -0.045293
-0.069020 -0.245892 -0.044427
-0.061382 -0.250254 -0.045248
-0.057234 -0.248866 -0.044415
0.075867 -0.173127 -0.024001
0.089455 -0.084172 -0.010041
0.055585 -0.063608 -0.004732
0.168504 -0.121146 -0.029031
0.233727 -0.109186 -0.045357
0.169564 -0.102951 -0.026479
0.193186 -0.086326 -0.030203
0.289136 -0.077366 -0.061746
0.170477 -0.071520 -0.022943
0.255323 -0.032685 -0.045151
0.345113 0.207843 -0.116230
0.405658 0.052326 -0.120144
-0.416018 -0.046842 -0.126438
0.292185 0.299466 -0.126269
0.063164 0.345377 -0.086437
0.084607 0.327826 -0.080015
0.320059 -0.141696 -0.085871
FRAME 30 102
0.334400 0.043418 -0.079334
0.284377 0.115551 -0.065092
0.253720 0.068078 -0.047088
0.252432 0.034986 -0.044230
0.252236 0.040875 -0.044474
0.238558 0.095127 -0.044941
0.224442 0.121562 -0.044374
0.225724 0.236410 -0.074281
-0.060971 0.311460 -0.069812
0.001552 0.305005 -0.064231
-0.121847 0.240818 -0.049794
-0.123802 0.231684 -0.047085
-0.119866 0.229345 -0.045650
-0.141685 0.217610 -0.045975
-0.121037 0.215013 -0.041381
-0.233941 0.274262 -0.091437
-0.183315 0.278000 -0.077255
-0.278867 0.236813 -0.094376
-0.207536 0.202038 -0.057658
-0.252109 -0.040960 -0.044434
-0.223303 -0.041615 -0.034916
-0.210646 -0.147811 -0.045125
-0.233383 -0.168022 -0.056807
0.097654 -0.271315 -0.057128
0.100635 -0.270411 -0.057200
0.032630 -0.269500 -0.050400
0.079335 -0.260491 -0.050722
0.037132 -0.258599 -0.046555
0.040413 -0.254237 -0.045160
0.085789 -0.243133 -0.045303
0.062046 -0.243272 -0.042886
0.002538 -0.243613 -0.040314
0.114137 -0.235278 -0.046647
0.202727 -0.313050 -0.098355
0.201337 -0.301711 -0.092655
0.280383 -0.240908 -0.096497
0.215349 -0.202392 -0.060130
0.170492 0.152999 -0.035527
0.141305 0.114004 -0.022116
0.109714 0.101164 -0.014870
0.105033 0.016354 -0.007507
0.035698 0.108959 -0.008742
0.156863 0.265033 -0.065545
0.157155 0.243971 -0.057894
0.153824 0.246407 -0.058008
0.056381 0.295829 -0.062544
0.040028 0.172572 -0.021040
0.027109 0.308311 -0.066228
0.025502 0.170341 -0.019874
-0.030878 0.143118 -0.014307
-0.152810 0.109146 -0.023684
-0.031246 0.069820 -0.003878
-0.223839 0.122262 -0.044304
-0.203871 0.105604 -0.035693
-0.271636 0.101779 -0.057841
-0.177741 0.093887 -0.027202
-0.257936 0.081764 -0.050061
-0.278412 0.038369 -0.054157
-0.262757 0.033760 -0.047915
-0.120302 -0.005596 -0.009650
-0.084448 -0.156568 -0.021218
-0.050581 -0.019153 -0.001936
-0.169270 -0.253323 -0.064082
-0.169649 -0.190328 -0.044271
-0.152156 -0.245202 -0.057219
-0.134384 -0.190021 -0.036701
-0.120858 -0.227713 -0.045293
-0.114016 -0.237424 -0.047343
-0.076950 -0.207160 -0.033006
-0.069021 -0.245869 -0.044419
-0.061374 -0.250247 -0.045245
-0.057242 -0.248873 -0.044418
-0.045672 -0.264213 -0.049125
0.124592 -0.118674 -0.019833
0.014774 -0.095708 -0.006226
0.087198 -0.044121 -0.006340
0.005018 -0.028485 -0.000553
0.285805 -0.144924 -0.071243
0.233727 -0.109186 -0.045357
0.238485 -0.096978 -0.045167
0.278661 -0.094644 -0.059607
0.302044 -0.073918 -0.066883
0.295690 -0.034420 -0.061050
0.255323 -0.032685 -0.045151
0.277134 -0.025662 -0.053073
0.160097 -0.399619 -0.134476
-0.399550 -0.071582 -0.118156
0.056065 -0.415581 -0.126903
0.027325 -0.397441 -0.113427
-0.156059 -0.448544 -0.167704
0.265157 0.306522 -0.117765
0.205632 0.311448 -0.098495
0.120005 0.394237 -0.122134
0.057880 0.386677 -0.108904
0.134041 0.355501 -0.102356
-0.331482 0.186443 -0.102580
-0.321983 0.135665 -0.085545
-0.324877 0.024222 -0.073761
-0.222350 -0.349666 -0.123619
-0.210893 -0.310827 -0.099869
0.403145 -0.063231 -0.119537
0.354357 -0.082515 -0.093266
FRAME 31 55
0.310864 0.052061 -0.068809
0.252432 0.034986 -0.044230
0.252236 0.040875 -0.044474
0.238557 0.095135 -0.044942
0.224442 0.121562 -0.044374
0.219998 0.156863 -0.049911
-0.119866 0.229345 -0.045650
-0.035451 0.228719 -0.036285
-0.125858 0.218568 -0.043294
-0.141693 0.217609 -0.045977
-0.139547 0.207440 -0.042517
-0.224618 0.292554 -0.096035
-0.207536 0.202038 -0.057658
-0.252094 -0.040960 -0.044429
-0.210692 -0.147808 -0.045138
-0.233380 -0.168069 -0.056817
0.097655 -0.271308 -0.057125
0.100627 -0.270418 -0.057202
0.032630 -0.269508 -0.050402
0.079336 -0.260483 -0.050719
0.010977 -0.255412 -0.044518
0.040397 -0.254238 -0.045159
0.117197 -0.245883 -0.050753
0.085780 -0.243133 -0.045302
0.146453 -0.208656 -0.044258
0.155592 0.118537 -0.025732
0.157155 0.243971 -0.057894
0.153816 0.246408 -0.058006
-0.046625 0.180425 -0.023318
-0.024425 0.139329 -0.013346
-0.140076 0.027664 -0.013600
-0.188831 0.130549 -0.035682
-0.301705 0.120817 -0.073389
-0.223847 0.122261 -0.044306
-0.261442 0.112059 -0.055528
-0.271636 0.101779 -0.057841
-0.274614 0.094507 -0.057983
-0.247552 0.070811 -0.045178
-0.109580 -0.107393 -0.015727
-0.090149 -0.003867 -0.005402
-0.032772 -0.115080 -0.009525
-0.169649 -0.190328 -0.044271
-0.152095 -0.245177 -0.057196
-0.120858 -0.227713 -0.045293
-0.079578 -0.272747 -0.055396
-0.069020 -0.245892 -0.044427
-0.061373 -0.250255 -0.045247
-0.057226 -0.248866 -0.044414
-0.039500 -0.273984 -0.052480
-0.039988 -0.228205 -0.036360
-0.006936 -0.047684 -0.001537
0.233727 -0.109186 -0.045357
0.249318 -0.052093 -0.044179
0.255323 -0.032685 -0.045151
0.040548 -0.408710 -0.121239
FRAME 32 120
0.308288 0.138849 -0.079787
0.304300 0.122178 -0.074784
0.301621 0.071713 -0.066465
0.301716 0.033912 -0.063618
0.267384 0.046339 -0.050362
0.255747 0.072511 -0.048256
0.252417 0.034994 -0.044225
0.252236 0.040875 -0.044474
0.241254 0.115052 -0.048805
0.238720 0.133189 -0.051131
0.238557 0.095135 -0.044942
0.235068 0.085626 -0.042576
0.224442 0.121562 -0.044374
0.226718 0.167553 -0.054505
0.205983 0.258343 -0.075991
-0.080999 0.309671 -0.071075
-0.015201 0.309777 -0.066519
-0.058260 0.273623 -0.053643
-0.017688 0.257613 -0.045446
-0.134203 0.235504 -0.050242
-0.119875 0.229344 -0.045651
-0.141693 0.217609 -0.045977
-0.015257 0.211064 -0.030208
-0.171835 0.291777 -0.080039
-0.188641 0.234282 -0.062386
-0.207536 0.202030 -0.057656
-0.321031 -0.016542 -0.071715
-0.305624 -0.084728 -0.069710
-0.252109 -0.040960 -0.044434
-0.220595 -0.122655 -0.043360
-0.210692 -0.147808 -0.045138
-0.261042 -0.185817 -0.071231
-0.241031 -0.167245 -0.059218
-0.233374 -0.168046 -0.056809
-0.211293 -0.175349 -0.051603
0.076647 -0.322071 -0.076310
0.041335 -0.306357 -0.066063
0.097662 -0.271315 -0.057129
0.100635 -0.270425 -0.057205
0.032630 -0.269500 -0.050400
0.012169 -0.264270 -0.047778
0.079351 -0.260505 -0.050729
0.040397 -0.254230 -0.045156
0.128935 -0.243367 -0.051929
0.085780 -0.243133 -0.045302
0.167656 -0.305521 -0.085078
0.201493 -0.271067 -0.079607
0.162667 -0.252522 -0.062209
0.251738 -0.207816 -0.074075
0.180749 0.081362 -0.026437
0.148561 0.004388 -0.014747
0.058914 0.145100 -0.016391
0.032642 0.065287 -0.003531
0.172777 0.201476 -0.048101
0.168682 0.239723 -0.059113
0.157155 0.243971 -0.057894
0.153824 0.246407 -0.058008
0.142766 0.267734 -0.063532
0.125655 0.226389 -0.045702
0.107785 0.284314 -0.063813
0.100379 0.170954 -0.026445
0.090940 0.243325 -0.046009
0.061254 0.259863 -0.048692
0.061794 0.243716 -0.043016
0.032358 0.243467 -0.040991
-0.100280 0.042223 -0.007868
-0.271992 0.166448 -0.070512
-0.248677 0.165257 -0.061433
-0.223839 0.122262 -0.044304
-0.286341 0.113860 -0.065623
-0.207017 0.116365 -0.038252
-0.271636 0.101770 -0.057840
-0.225883 0.090641 -0.040233
-0.195444 0.029501 -0.026285
-0.227164 0.022326 -0.035267
-0.088306 -0.137996 -0.017958
-0.083821 -0.097919 -0.011065
-0.072227 -0.034570 -0.004251
-0.055977 -0.077400 -0.006056
-0.053573 -0.008632 -0.001949
-0.169650 -0.190320 -0.044269
-0.120858 -0.227705 -0.045291
-0.110156 -0.287668 -0.065573
-0.102318 -0.173274 -0.027262
-0.071600 -0.305751 -0.068274
-0.069036 -0.245899 -0.044431
-0.069497 -0.256438 -0.048204
-0.061374 -0.250247 -0.045245
-0.057226 -0.248866 -0.044414
-0.041254 -0.251167 -0.044118
0.010641 -0.172783 -0.020078
-0.005589 -0.169204 -0.019192
0.126183 -0.148194 -0.025474
0.143773 -0.069469 -0.017048
0.180013 -0.156717 -0.038647
0.237402 -0.149200 -0.053897
0.261199 -0.132656 -0.059043
0.233727 -0.109186 -0.045357
0.301879 -0.080068 -0.067498
0.258621 -0.054962 -0.047721
0.255323 -0.032693 -0.045152
-0.172891 0.382516 -0.127188
-0.350889 -0.224300 -0.124986
-0.065024 0.392107 -0.112860
-0.035166 0.384014 -0.105694
-0.012589 0.408672 -0.120045
-0.379035 -0.039239 -0.103013
0.120373 -0.466569 -0.173363
0.028715 -0.402560 -0.116681
0.003880 -0.411432 -0.121714
-0.198333 -0.450920 -0.182430
0.230954 0.380736 -0.144997
0.053096 0.375839 -0.102147
0.089281 0.351115 -0.092419
0.036123 0.352287 -0.088034
0.030638 0.350972 -0.087069
-0.361429 0.103044 -0.099991
-0.347982 0.145202 -0.100696
-0.194157 -0.405854 -0.148372
0.357919 -0.206111 -0.122736
FRAME 33 44
0.331346 0.073710 -0.080454
0.252447 0.034994 -0.044235
0.252236 0.040875 -0.044474
0.238557 0.095135 -0.044942
0.224442 0.121562 -0.044374
0.202893 0.216564 -0.060653
0.002421 0.285080 -0.055790
-0.058705 0.265483 -0.050564
-0.119866 0.229345 -0.045650
-0.141693 0.217609 -0.045977
-0.207536 0.202038 -0.057658
-0.252109 -0.040960 -0.044434
-0.210669 -0.147810 -0.045131
-0.233381 -0.168046 -0.056812
0.125267 -0.301325 -0.074023
0.041441 -0.299248 -0.062958
0.097663 -0.271308 -0.057126
0.100627 -0.270418 -0.057202
0.032630 -0.269508 -0.050402
0.079335 -0.260491 -0.050722
0.040397 -0.254230 -0.045156
0.085780 -0.243133 -0.045302
0.122487 0.007743 -0.010025
0.061443 0.083750 -0.007167
0.050145 0.046879 -0.003122
0.157155 0.243971 -0.057894
0.153824 0.246407 -0.058008
-0.109800 0.140201 -0.021264
-0.121605 0.103600 -0.017064
-0.241576 0.156950 -0.057016
-0.223839 0.122262 -0.044304
-0.271629 0.101779 -0.057838
-0.038576 -0.010016 -0.001051
-0.169649 -0.190328 -0.044271
-0.120858 -0.227713 -0.045293
-0.069020 -0.245892 -0.044427
-0.061382 -0.250254 -0.045248
-0.057226 -0.248866 -0.044414
0.241151 -0.125908 -0.050620
0.252520 -0.121191 -0.053778
0.233727 -0.109186 -0.045357
0.190386 -0.059363 -0.026766
0.255323 -0.032685 -0.045151
0.257962 -0.029615 -0.045970
FRAME 34 65
0.252447 0.034994 -0.044235
0.252236 0.040875 -0.044474
0.238557 0.095135 -0.044942
0.224442 0.121562 -0.044374
-0.010070 0.300267 -0.062233
-0.128926 0.289170 -0.069460
-0.044605 0.290548 -0.059462
-0.052364 0.256717 -0.046832
-0.119866 0.229345 -0.045650
-0.141693 0.217609 -0.045977
-0.101524 0.204280 -0.035222
-0.195832 0.316127 -0.097738
-0.207536 0.202038 -0.057658
-0.338825 -0.021234 -0.080477
-0.286350 -0.130025 -0.068486
-0.279666 -0.120025 -0.063934
-0.272800 -0.110327 -0.059595
-0.271687 -0.048114 -0.052126
-0.265782 -0.100713 -0.055438
-0.252094 -0.040960 -0.044429
-0.210692 -0.147808 -0.045138
-0.233381 -0.168046 -0.056812
0.097663 -0.271308 -0.057126
0.100636 -0.270404 -0.057197
0.032630 -0.269508 -0.050402
0.027067 -0.263092 -0.047752
0.079336 -0.260483 -0.050719
0.040397 -0.254238 -0.045159
0.085780 -0.243133 -0.045302
0.058085 -0.238276 -0.040869
0.099402 -0.218714 -0.039171
0.233346 -0.202717 -0.066049
0.165845 0.126721 -0.029370
0.119683 0.035610 -0.010379
0.106906 0.078327 -0.011702
0.163271 0.164436 -0.036374
0.157155 0.243971 -0.057894
0.153824 0.246407 -0.058008
0.087319 0.258985 -0.051110
-0.115387 0.160313 -0.026248
-0.010946 0.128528 -0.011082
-0.013171 0.042664 -0.001319
-0.115118 0.036631 -0.009711
-0.223839 0.122270 -0.044305
-0.271629 0.101779 -0.057838
-0.247400 0.029238 -0.042207
-0.169618 -0.003389 -0.019273
-0.089141 -0.049349 -0.006895
-0.059153 -0.087114 -0.007366
-0.169649 -0.190328 -0.044271
-0.120858 -0.227713 -0.045293
-0.069037 -0.245876 -0.044423
-0.061373 -0.250255 -0.045247
-0.057226 -0.248866 -0.044414
-0.040324 -0.220836 -0.034084
0.192422 -0.121462 -0.035044
0.233727 -0.109186 -0.045357
0.255323 -0.032685 -0.045151
0.363953 0.100661 -0.101016
-0.045196 0.375980 -0.101634
0.059263 0.344764 -0.085765
-0.361036 0.050871 -0.093687
-0.046142 -0.423344 -0.131286
-0.034714 -0.350939 -0.087250
0.337031 -0.085842 -0.084711
FRAME 35 94
0.263797 0.063604 -0.050357
0.252432 0.034986 -0.044230
0.252236 0.040875 -0.044474
0.238557 0.095135 -0.044942
0.226151 0.150218 -0.050410
0.224442 0.121562 -0.044374
0.218526 0.134758 -0.044909
0.215595 0.146692 -0.046377
-0.024892 0.248108 -0.042288
-0.021547 0.246358 -0.041574
-0.137231 0.230038 -0.049023
-0.119866 0.229345 -0.045650
-0.081503 0.225680 -0.039072
-0.141693 0.217609 -0.045977
-0.064056 0.208393 -0.032105
-0.168885 0.242542 -0.060138
-0.207536 0.202038 -0.057658
-0.252109 -0.040960 -0.044434
-0.235061 -0.099513 -0.044377
-0.233700 -0.112027 -0.045790
-0.232166 -0.124600 -0.047383
-0.210692 -0.147816 -0.045139
-0.286053 -0.265891 -0.108637
-0.281501 -0.164222 -0.073820
-0.233374 -0.168046 -0.056809
0.064430 -0.308682 -0.068874
0.075923 -0.303514 -0.067747
0.110794 -0.288269 -0.065926
0.097663 -0.271308 -0.057126
0.100627 -0.270418 -0.057202
0.032630 -0.269508 -0.050402
0.098500 -0.265410 -0.054983
0.079336 -0.260483 -0.050719
0.040405 -0.254237 -0.045159
0.085789 -0.243133 -0.045303
0.038343 -0.223451 -0.034781
0.071421 -0.208111 -0.032712
0.285093 -0.233472 -0.095843
0.151550 0.135138 -0.027767
0.138875 0.005600 -0.012881
0.137050 0.018045 -0.012740
0.164460 0.235698 -0.056736
0.164323 0.177751 -0.039786
0.157155 0.243971 -0.057894
0.156399 0.221114 -0.050157
0.153816 0.246408 -0.058006
-0.060384 0.136476 -0.014870
-0.072427 0.069738 -0.006713
-0.138883 0.047817 -0.014400
-0.007880 0.047649 -0.001544
-0.273555 0.124129 -0.062218
-0.223839 0.122262 -0.044304
-0.230816 0.107499 -0.044150
-0.271636 0.101779 -0.057841
-0.177508 -0.150077 -0.036607
-0.108469 -0.089082 -0.013139
-0.080308 -0.127426 -0.015150
-0.075478 -0.060297 -0.006195
-0.066690 -0.135017 -0.015144
-0.035026 -0.093448 -0.006613
-0.033710 -0.105928 -0.008214
-0.032519 -0.060034 -0.003088
-0.169650 -0.190320 -0.044269
-0.152101 -0.245206 -0.057208
-0.128604 -0.290568 -0.069989
-0.120866 -0.227705 -0.045292
-0.090889 -0.299220 -0.067680
-0.082634 -0.237903 -0.043163
-0.069021 -0.245869 -0.044419
-0.061373 -0.250255 -0.045247
-0.057226 -0.248866 -0.044414
-0.052849 -0.295961 -0.062323
-0.046286 -0.220554 -0.034356
0.008366 -0.167419 -0.018810
0.147559 -0.161730 -0.032380
0.099021 -0.127958 -0.017510
0.051612 -0.121752 -0.011651
0.027677 -0.118675 -0.009882
0.049228 -0.096364 -0.007781
0.012000 -0.085947 -0.004995
0.213693 -0.149884 -0.046469
0.287620 -0.122868 -0.067701
0.233727 -0.109195 -0.045358
0.303341 -0.065149 -0.066568
0.193895 -0.063832 -0.028069
0.255323 -0.032685 -0.045151
0.255878 -0.028646 -0.045177
0.040356 0.475491 -0.169554
0.106050 0.377264 -0.109449
0.039620 0.365022 -0.095104
-0.347973 0.022183 -0.085171
-0.344477 0.074158 -0.087101
0.316363 -0.207495 -0.101433
0.348612 -0.089275 -0.091101
FRAME 36 164
0.298918 0.131165 -0.074073
0.295723 -0.004093 -0.060224
0.289949 0.086590 -0.063175
0.290956 0.018036 -0.058439
0.284161 -0.000999 -0.055413
0.259731 0.100806 -0.053187
0.252447 0.034994 -0.044235
0.252236 0.040867 -0.044473
0.243781 0.113724 -0.049456
0.238565 0.095135 -0.044945
0.224442 0.121562 -0.044374
0.217015 0.045573 -0.033239
0.216513 0.033085 -0.032409
0.317079 0.164278 -0.089618
0.263162 0.190314 -0.073279
0.217394 0.181992 -0.055152
0.201284 0.165335 -0.046272
-0.018681 0.329991 -0.076044
-0.126479 0.312006 -0.079066
-0.040262 0.298030 -0.062364
0.003174 0.284891 -0.055716
-0.114219 0.278028 -0.062294
-0.085297 0.276853 -0.057682
-0.092605 0.255047 -0.050350
-0.129107 0.249370 -0.054063
-0.125966 0.233725 -0.048136
-0.067949 0.230704 -0.039258
-0.119858 0.229345 -0.045649
-0.044151 0.228373 -0.036657
-0.141685 0.217610 -0.045975
-0.034221 0.218212 -0.032973
-0.145324 0.214787 -0.045851
-0.251984 0.270871 -0.096661
-0.221779 0.243085 -0.075334
-0.178923 0.223641 -0.056327
-0.207536 0.202038 -0.057658
-0.338118 -0.012278 -0.079901
-0.328739 -0.024159 -0.075611
-0.324219 -0.035814 -0.073958
-0.319322 -0.047262 -0.072348
-0.314921 -0.134249 -0.081917
-0.314223 -0.058887 -0.070890
-0.310697 -0.033648 -0.067587
-0.252109 -0.040960 -0.044434
-0.249822 -0.068035 -0.045701
-0.243267 -0.127248 -0.051588
-0.230780 -0.134331 -0.048708
-0.216592 -0.026319 -0.032156
-0.210692 -0.147816 -0.045139
-0.224274 -0.259039 -0.082067
0.061782 -0.317528 -0.072670
0.134987 -0.290173 -0.071049
0.006873 -0.294421 -0.059694
0.097662 -0.271315 -0.057129
0.100627 -0.270411 -0.057199
0.005925 -0.271291 -0.050356
0.032630 -0.269508 -0.050402
0.112298 -0.264936 -0.056880
0.022159 -0.264300 -0.048031
0.079336 -0.260483 -0.050719
0.040397 -0.254238 -0.045159
0.086656 -0.248348 -0.047213
0.085780 -0.243133 -0.045302
0.074722 -0.224245 -0.037885
0.129835 -0.215471 -0.043064
0.025675 -0.208633 -0.029799
0.241069 -0.257558 -0.087315
0.222775 -0.199661 -0.061680
0.140629 0.112173 -0.021705
0.103662 0.059302 -0.009489
0.099388 0.022889 -0.006908
0.068045 0.002655 -0.003072
0.066091 0.053793 -0.004816
0.059743 0.092098 -0.008010
0.031924 0.087746 -0.005786
0.168393 0.220974 -0.052877
0.157155 0.243971 -0.057894
0.160584 0.174000 -0.038019
0.153816 0.246408 -0.058006
0.092158 0.267416 -0.054883
0.059291 0.267827 -0.051499
0.059870 0.201924 -0.029917
0.032729 0.271002 -0.050979
-0.102428 0.175453 -0.027798
-0.022722 0.150420 -0.015458
-0.117903 0.120757 -0.019071
-0.051643 0.099847 -0.008401
-0.030857 0.096872 -0.006865
-0.129037 0.075837 -0.014958
-0.145459 0.068992 -0.017333
-0.124366 0.063726 -0.013022
-0.140759 0.056519 -0.015366
-0.179716 0.155546 -0.038318
-0.223839 0.122262 -0.044304
-0.227187 0.107307 -0.042955
-0.271636 0.101770 -0.057840
-0.167353 0.099727 -0.025521
-0.234943 0.078755 -0.041745
-0.297965 0.033423 -0.061973
-0.183137 -0.135160 -0.035063
-0.170403 -0.032483 -0.020163
-0.139325 -0.075378 -0.016775
-0.102318 -0.078665 -0.011094
-0.083787 -0.135126 -0.016901
-0.169649 -0.190328 -0.044271
-0.170053 -0.186065 -0.043242
-0.152095 -0.245177 -0.057196
-0.148777 -0.169195 -0.034338
-0.148856 -0.179603 -0.036873
-0.125413 -0.302411 -0.074531
-0.120858 -0.227713 -0.045293
-0.090866 -0.181660 -0.027786
-0.086217 -0.251981 -0.048442
-0.078449 -0.259108 -0.050114
-0.074060 -0.217366 -0.035705
-0.069020 -0.245892 -0.044427
-0.061382 -0.250254 -0.045248
-0.057226 -0.248866 -0.044414
-0.040709 -0.235385 -0.038716
-0.032987 -0.242282 -0.040617
0.137040 -0.168893 -0.031948
0.060737 -0.135582 -0.014735
0.135071 -0.079149 -0.016380
0.123195 -0.075267 -0.013907
0.019248 -0.066488 -0.003174
0.018030 -0.041316 -0.001345
0.102110 -0.028345 -0.007461
0.141591 -0.026730 -0.013853
0.180146 -0.175260 -0.042983
0.232199 -0.116806 -0.046067
0.233727 -0.109195 -0.045358
0.286952 -0.097414 -0.063364
0.275778 -0.094756 -0.058476
0.246392 -0.082992 -0.046093
0.217722 -0.081331 -0.036597
0.255323 -0.032685 -0.045151
0.204514 -0.030777 -0.028827
-0.218818 0.370341 -0.134241
-0.197610 0.363375 -0.123134
-0.155411 0.391238 -0.127991
-0.367842 -0.185661 -0.122097
0.436649 0.041626 -0.140186
-0.031848 0.364293 -0.094283
0.108560 -0.376405 -0.109365
0.089268 -0.426301 -0.138004
0.056812 -0.364287 -0.095953
-0.003294 -0.362188 -0.092373
0.080522 0.458462 -0.160213
0.145022 0.444439 -0.161797
0.286422 0.313741 -0.130584
0.108776 0.379800 -0.111388
0.023064 0.372299 -0.098385
0.121486 0.345265 -0.094466
0.061695 0.343296 -0.085232
0.035986 0.338628 -0.081002
-0.347712 0.159670 -0.103925
-0.329735 0.114269 -0.085325
-0.056557 -0.372140 -0.100324
-0.039059 -0.348839 -0.086392
0.364400 -0.196193 -0.123282
0.317194 -0.243432 -0.114334
0.304646 -0.261875 -0.115517
0.392726 -0.128828 -0.122928
0.345386 -0.159669 -0.102691
FRAME 37 121
0.305344 0.082865 -0.069358
0.290104 0.048868 -0.059563
0.252454 0.034994 -0.044238
0.252236 0.040875 -0.044474
0.238565 0.095135 -0.044945
0.237067 0.132304 -0.050407
0.224442 0.121562 -0.044374
0.217096 0.020801 -0.032127
0.207119 0.063753 -0.031712
0.294347 0.185199 -0.084696
-0.036746 0.301490 -0.063664
-0.001723 0.294010 -0.059489
-0.084559 0.275456 -0.057040
-0.007895 0.258397 -0.045555
-0.016768 0.250681 -0.042950
-0.119858 0.229345 -0.045649
-0.030550 0.230658 -0.036679
-0.141693 0.217609 -0.045977
-0.188662 0.298775 -0.087621
-0.156412 0.289229 -0.075218
-0.207536 0.202038 -0.057658
-0.215782 0.197869 -0.058965
-0.291907 -0.084718 -0.063766
-0.270764 -0.027149 -0.050651
-0.252094 -0.040960 -0.044429
-0.210671 -0.147785 -0.045127
-0.233376 -0.168023 -0.056804
0.105769 -0.285427 -0.063960
0.040871 -0.274285 -0.052675
0.097663 -0.271308 -0.057126
0.100618 -0.270426 -0.057203
0.139413 -0.269161 -0.063402
0.032630 -0.269508 -0.050402
0.079344 -0.260483 -0.050720
0.040397 -0.254238 -0.045159
0.085789 -0.243133 -0.045303
0.119684 -0.222298 -0.043384
0.116327 -0.205371 -0.037773
0.150915 -0.329623 -0.092550
0.200281 -0.251857 -0.071869
0.129821 0.021103 -0.011524
0.058751 0.089237 -0.007584
0.046020 0.058160 -0.003645
0.169788 0.211863 -0.050413
0.163691 0.246643 -0.060338
0.157147 0.243971 -0.057892
0.153824 0.246407 -0.058008
0.146446 0.302085 -0.078591
0.099795 0.247744 -0.048731
0.050117 0.287084 -0.058402
-0.059523 0.037775 -0.003293
-0.143128 0.034652 -0.014476
-0.030666 0.033095 -0.001347
-0.190956 0.158981 -0.041981
-0.300946 0.124903 -0.073789
-0.288285 0.119557 -0.067396
-0.223839 0.122262 -0.044304
-0.285170 0.107036 -0.064049
-0.271629 0.101779 -0.057838
-0.222454 0.054551 -0.035517
-0.169926 0.050574 -0.021074
-0.280542 0.027816 -0.054508
-0.179928 -0.113134 -0.030479
-0.163214 -0.091912 -0.023563
-0.158702 -0.137039 -0.029647
-0.152784 -0.034409 -0.016393
-0.150079 -0.146387 -0.029638
-0.145884 -0.037976 -0.015175
-0.121184 -0.096908 -0.016088
-0.078319 -0.116752 -0.013182
-0.066629 -0.085143 -0.007767
-0.178495 -0.195159 -0.047750
-0.169657 -0.190327 -0.044273
-0.168210 -0.202936 -0.047419
-0.152124 -0.245204 -0.057212
-0.124988 -0.186655 -0.034131
-0.120858 -0.227705 -0.045291
-0.101681 -0.305181 -0.071818
-0.069020 -0.245884 -0.044424
-0.070256 -0.178716 -0.024785
-0.063058 -0.236607 -0.040737
-0.061382 -0.250247 -0.045245
-0.060321 -0.253672 -0.046369
-0.057209 -0.270475 -0.052339
-0.057193 -0.248837 -0.044401
-0.037966 -0.200230 -0.027975
-0.034735 -0.217042 -0.032645
0.058674 -0.172911 -0.022373
0.075885 -0.172397 -0.023831
0.018527 -0.169840 -0.019550
0.062244 -0.111894 -0.010917
0.097350 -0.093608 -0.012156
0.042462 -0.040839 -0.002298
0.001541 -0.028833 -0.000551
0.207947 -0.155717 -0.046018
0.204817 -0.138509 -0.041558
0.256953 -0.121261 -0.055400
0.167195 -0.112343 -0.027318
0.233727 -0.109186 -0.045357
0.197135 -0.076710 -0.030185
0.255323 -0.032685 -0.045151
0.304005 -0.032040 -0.064530
0.301801 -0.026112 -0.063317
-0.348725 -0.186640 -0.111670
0.377029 0.088423 -0.106668
-0.021832 0.377400 -0.101256
-0.390597 -0.051019 -0.110682
0.099048 -0.395571 -0.119351
0.055169 -0.358771 -0.092801
0.004174 -0.363437 -0.093060
-0.018536 -0.462940 -0.158525
0.050701 0.332116 -0.078717
0.022712 0.332023 -0.077157
0.047773 0.325981 -0.075532
-0.334885 0.077275 -0.082600
-0.316896 0.027613 -0.070148
-0.074918 -0.336220 -0.082999
-0.103170 -0.332098 -0.084692
-0.030093 -0.334050 -0.078439
0.351262 -0.164375 -0.107003
0.318257 -0.047034 -0.071836
FRAME 38 189
0.293882 0.023359 -0.059824
0.266751 0.121195 -0.059058
0.263266 0.049887 -0.049057
0.252439 0.034986 -0.044232
0.252236 0.040875 -0.044474
0.239055 0.133460 -0.051295
0.238557 0.095143 -0.044943
0.224442 0.121562 -0.044374
0.284628 0.185116 -0.080497
0.261702 0.194590 -0.073924
0.236374 0.283417 -0.096154
0.237483 0.231831 -0.076707
0.224595 0.166955 -0.053681
0.199641 0.286244 -0.085332
-0.033020 0.316494 -0.070201
-0.070196 0.314527 -0.072096
-0.004957 0.308782 -0.065924
-0.114028 0.302398 -0.072528
-0.086612 0.297073 -0.066201
0.005706 0.283726 -0.055260
-0.093179 0.280893 -0.060306
-0.149729 0.245396 -0.056763
-0.065219 0.247387 -0.044586
-0.029085 0.241039 -0.040029
-0.000708 0.240552 -0.039275
-0.073973 0.238258 -0.042331
-0.119858 0.229345 -0.045649
-0.045830 0.230861 -0.037556
-0.028967 0.229092 -0.036114
-0.095841 0.220159 -0.039129
-0.141693 0.217609 -0.045977
-0.097350 0.218177 -0.038727
-0.216295 0.307821 -0.100210
-0.241160 0.287832 -0.099805
-0.208099 0.267315 -0.080114
-0.184736 0.263450 -0.071861
-0.238122 0.239644 -0.079647
-0.158319 0.210666 -0.047396
-0.271749 0.200202 -0.079497
-0.207536 0.202038 -0.057658
-0.319050 -0.118584 -0.080922
-0.287932 -0.031562 -0.057666
-0.275158 -0.098822 -0.058796
-0.270462 -0.046695 -0.051559
-0.254833 -0.016816 -0.044424
-0.252109 -0.040951 -0.044433
-0.247179 -0.138726 -0.055124
-0.234299 -0.040330 -0.038339
-0.220551 -0.000643 -0.032873
-0.217951 -0.017843 -0.032305
-0.210692 -0.147816 -0.045139
-0.307337 -0.248767 -0.111591
-0.299301 -0.235147 -0.102759
-0.267751 -0.285466 -0.109145
-0.259892 -0.272153 -0.100267
-0.233381 -0.168046 -0.056812
-0.204654 -0.235474 -0.067345
0.087133 -0.287961 -0.062415
0.116619 -0.277831 -0.062614
0.076011 -0.277818 -0.056993
0.097622 -0.271317 -0.057124
0.100611 -0.270405 -0.057194
0.032630 -0.269500 -0.050400
0.079344 -0.260483 -0.050720
0.133128 -0.255482 -0.057017
0.040397 -0.254230 -0.045156
0.029504 -0.253193 -0.044252
0.112437 -0.243336 -0.049097
0.133899 -0.241387 -0.052174
0.085789 -0.243133 -0.045303
0.030476 -0.242030 -0.040421
-0.001288 -0.232209 -0.036531
0.283034 -0.272664 -0.110129
0.207494 -0.261586 -0.077692
0.252982 -0.255568 -0.090961
0.174189 -0.202020 -0.048602
0.163700 0.139534 -0.031233
0.155390 0.130619 -0.027752
0.132723 0.113257 -0.020401
0.122307 0.118511 -0.019424
0.112410 0.086114 -0.013375
0.107062 0.038740 -0.008619
0.096787 0.051972 -0.008021
0.070942 0.021705 -0.003647
0.052067 0.087798 -0.006920
0.047229 0.096632 -0.007687
0.044924 0.010447 -0.001408
0.043183 0.148578 -0.015996
0.041879 0.049314 -0.002772
0.157163 0.243970 -0.057895
0.157687 0.235466 -0.055101
0.153825 0.246400 -0.058005
0.149495 0.203107 -0.043286
0.107314 0.274055 -0.059616
0.101309 0.231014 -0.043307
0.080766 0.286671 -0.061112
0.065541 0.230606 -0.039003
0.055042 0.245401 -0.043041
-0.028830 0.132230 -0.012207
-0.135422 0.109153 -0.020273
-0.001601 0.104250 -0.007221
-0.121719 0.095639 -0.016011
-0.043041 0.075785 -0.005039
-0.079768 0.074769 -0.007944
-0.019144 0.066320 -0.003157
-0.132524 0.050873 -0.013441
-0.076803 0.035973 -0.004770
-0.257453 0.131134 -0.057363
-0.223847 0.122261 -0.044306
-0.274172 0.117350 -0.061283
-0.219032 0.107281 -0.040405
-0.271636 0.101779 -0.057841
-0.247172 0.084940 -0.046595
-0.260287 0.083568 -0.051135
-0.180260 0.074468 -0.025581
-0.185371 0.046015 -0.024514
-0.182190 0.002344 -0.022276
-0.170391 -0.042085 -0.020647
-0.107557 -0.138592 -0.020628
-0.103125 -0.126018 -0.017737
-0.103146 -0.037542 -0.008008
-0.090934 -0.116123 -0.014521
-0.086275 -0.064069 -0.007674
-0.176164 -0.189796 -0.045713
-0.169641 -0.190328 -0.044270
-0.164157 -0.261162 -0.065766
-0.152169 -0.253970 -0.060359
-0.152124 -0.245204 -0.057212
-0.148140 -0.197082 -0.041315
-0.131817 -0.275180 -0.064281
-0.120858 -0.227713 -0.045293
-0.111751 -0.295755 -0.069255
-0.099855 -0.225282 -0.041270
-0.083710 -0.252701 -0.048398
-0.079577 -0.246222 -0.045644
-0.069020 -0.245892 -0.044427
-0.061382 -0.250247 -0.045245
-0.057234 -0.248858 -0.044412
-0.047537 -0.225621 -0.036005
-0.038726 -0.187833 -0.024720
0.109742 -0.155097 -0.024254
0.024433 -0.132409 -0.012082
0.071127 -0.096744 -0.009593
0.023636 -0.059762 -0.002735
0.134379 -0.058306 -0.014321
-0.002133 -0.056294 -0.002101
0.170027 -0.139480 -0.032680
0.166663 -0.115198 -0.027642
0.233719 -0.109195 -0.045356
0.282881 -0.073311 -0.058737
0.168537 -0.076184 -0.022964
0.161327 -0.074345 -0.021156
0.255315 -0.032693 -0.045149
0.238488 -0.027014 -0.039094
0.383195 0.185054 -0.131074
-0.246659 0.371196 -0.145264
0.444427 0.118163 -0.155872
0.392552 0.017039 -0.110077
-0.048683 0.405745 -0.119910
-0.358292 -0.085732 -0.095794
0.044026 -0.385227 -0.106952
0.057392 0.469061 -0.165809
-0.453952 0.228088 -0.196036
-0.435209 0.216435 -0.176869
-0.432720 0.182384 -0.163441
-0.460468 0.064809 -0.159843
-0.031494 -0.453937 -0.152197
0.211698 0.368247 -0.130545
0.139249 0.398090 -0.128506
0.049175 0.340668 -0.082863
0.104615 0.322021 -0.080024
0.151796 0.315552 -0.085945
-0.311887 0.262473 -0.119256
-0.387240 0.047387 -0.108387
-0.359396 0.164773 -0.111571
-0.262698 -0.333192 -0.130230
-0.189466 -0.313747 -0.094744
-0.075020 -0.403627 -0.121124
-0.066242 -0.390107 -0.111770
-0.131649 -0.383822 -0.118068
-0.058609 -0.376827 -0.103187
-0.122957 -0.370584 -0.108581
-0.115200 -0.357189 -0.099690
-0.107128 -0.343714 -0.091187
0.353684 -0.239457 -0.132153
0.352672 -0.198766 -0.117468
0.317817 -0.184598 -0.095311
0.370983 -0.121815 -0.108593
0.362599 -0.130785 -0.105602
FRAME 39 48
0.252432 0.034978 -0.044229
0.252236 0.040884 -0.044474
0.238557 0.095135 -0.044942
0.224442 0.121562 -0.044374
0.208481 0.100808 -0.036325
-0.051537 0.248239 -0.043761
-0.119875 0.229344 -0.045651
-0.141693 0.217609 -0.045977
-0.207536 0.202038 -0.057658
-0.252102 -0.040951 -0.044431
-0.210692 -0.147808 -0.045138
-0.233381 -0.168046 -0.056812
-0.205912 -0.238685 -0.068826
0.100002 -0.270587 -0.057177
0.032638 -0.269507 -0.050403
0.079344 -0.260483 -0.050720
0.040413 -0.254237 -0.045160
0.085814 -0.243110 -0.045298
0.004113 -0.242871 -0.040069
0.045559 -0.220531 -0.034303
0.146393 -0.209737 -0.044563
0.275872 -0.238218 -0.093625
0.030566 0.070963 -0.003957
0.157155 0.243971 -0.057894
0.153817 0.246401 -0.058004
0.151676 0.160506 -0.032959
0.147625 0.199689 -0.041932
0.065940 0.182750 -0.025380
0.034464 0.216607 -0.032502
-0.126425 0.165360 -0.029208
-0.115705 0.126451 -0.019678
-0.128000 0.030380 -0.011530
-0.223839 0.122262 -0.044304
-0.271629 0.101779 -0.057838
-0.180434 -0.188484 -0.046436
-0.169650 -0.190320 -0.044269
-0.152093 -0.245206 -0.057206
-0.120850 -0.227698 -0.045287
-0.069021 -0.245869 -0.044419
-0.061373 -0.250255 -0.045247
-0.057226 -0.248873 -0.044417
0.046791 -0.157876 -0.018143
0.014518 -0.156571 -0.016527
0.233720 -0.109187 -0.045354
0.214028 -0.051214 -0.032726
0.255323 -0.032693 -0.045152
-0.002915 -0.361043 -0.091747
0.329573 -0.023826 -0.076003
FRAME 40 105
0.337040 -0.005412 -0.079273
0.323456 0.031604 -0.073389
0.310113 0.098300 -0.073542
0.285627 0.136658 -0.069472
0.257508 0.082374 -0.049975
0.252432 0.034978 -0.044229
0.252236 0.040875 -0.044474
0.238565 0.095135 -0.044945
0.224420 0.121538 -0.044363
0.219324 0.106955 -0.040445
0.209114 0.106240 -0.037291
0.249786 0.237176 -0.082991
0.236879 0.243294 -0.080514
0.234478 0.251464 -0.082670
-0.052993 0.285548 -0.057985
-0.028632 0.267787 -0.049575
-0.119868 0.229314 -0.045641
-0.043374 0.226237 -0.035935
-0.141693 0.217609 -0.045977
-0.253522 0.263143 -0.094127
-0.291323 0.206272 -0.089537
-0.221852 0.211966 -0.065038
-0.207404 0.201979 -0.057602
-0.314340 -0.074904 -0.072509
-0.252094 -0.040960 -0.044429
-0.251836 -0.050287 -0.044935
-0.239357 -0.020037 -0.039155
-0.220674 -0.151536 -0.048960
-0.217188 -0.052852 -0.033786
-0.210670 -0.147801 -0.045130
-0.254720 -0.267304 -0.096257
-0.233402 -0.168068 -0.056824
-0.204223 -0.274095 -0.081648
0.135833 -0.275089 -0.065022
0.117583 -0.271940 -0.060446
0.097646 -0.271323 -0.057129
0.100620 -0.270390 -0.057190
0.032630 -0.269508 -0.050402
0.079344 -0.260483 -0.050720
0.040405 -0.254237 -0.045159
0.085780 -0.243133 -0.045302
0.113424 -0.227047 -0.043857
0.171505 -0.287551 -0.078147
0.285191 -0.229468 -0.094483
0.155662 -0.008862 -0.016246
0.150460 0.032733 -0.015841
0.131655 0.091243 -0.017158
0.091729 0.143253 -0.019378
0.078189 0.077409 -0.008046
0.156518 0.300569 -0.080170
0.157147 0.243971 -0.057892
0.161279 0.162393 -0.035462
0.153824 0.246407 -0.058008
0.114452 0.293104 -0.068564
0.100314 0.172967 -0.026910
0.061129 0.299681 -0.064603
-0.129469 0.123835 -0.021526
-0.034816 0.123221 -0.010918
-0.087177 0.111936 -0.013427
-0.137328 0.064536 -0.015377
-0.116145 0.030455 -0.009592
-0.093423 0.029692 -0.006380
-0.144013 0.029004 -0.014404
-0.206069 0.142525 -0.042709
-0.273969 0.128864 -0.063245
-0.262968 0.124832 -0.058264
-0.223839 0.122262 -0.044304
-0.235944 0.118354 -0.047560
-0.201269 0.115144 -0.036423
-0.271636 0.101770 -0.057840
-0.244881 0.047835 -0.042343
-0.180565 -0.079339 -0.026169
-0.154338 -0.152408 -0.031771
-0.150863 -0.029874 -0.015802
-0.118253 -0.059938 -0.011711
-0.033548 -0.011960 -0.000839
-0.032501 -0.041394 -0.001833
-0.169649 -0.190328 -0.044271
-0.152124 -0.245204 -0.057212
-0.128111 -0.282186 -0.066409
-0.120875 -0.227689 -0.045289
-0.107798 -0.227984 -0.043283
-0.069020 -0.245892 -0.044427
-0.061381 -0.250262 -0.045250
-0.057234 -0.248866 -0.044415
-0.038097 -0.300472 -0.063295
0.144101 -0.140087 -0.027191
0.031737 -0.140017 -0.013752
0.113269 -0.100668 -0.015337
0.041751 -0.087906 -0.006287
0.002326 -0.059061 -0.002313
0.233727 -0.109186 -0.045357
0.219175 -0.076134 -0.036469
0.297086 -0.053483 -0.062852
0.290289 -0.034745 -0.058793
0.255323 -0.032685 -0.045151
0.276366 -0.022348 -0.052657
0.194420 -0.349493 -0.114391
0.002580 0.373468 -0.098648
0.026879 0.350865 -0.086851
-0.183146 -0.348479 -0.110536
-0.191485 -0.336341 -0.106532
-0.123217 -0.338760 -0.091431
0.327103 -0.035893 -0.075341
0.318101 -0.086583 -0.075634
FRAME 41 160
0.329439 0.033119 -0.076326
0.283407 0.137023 -0.068626
0.287476 0.028789 -0.057358
0.260287 0.054111 -0.048265
0.255066 0.011424 -0.044400
0.252417 0.034994 -0.044225
0.252243 0.040875 -0.044476
0.238557 0.095135 -0.044942
0.224442 0.121562 -0.044374
0.220368 0.058929 -0.035221
0.276801 0.168294 -0.072890
0.220200 0.268896 -0.084588
0.208078 0.157755 -0.046506
-0.026382 0.314039 -0.068787
-0.058769 0.298628 -0.063943
-0.092492 0.278828 -0.059385
-0.110006 0.272411 -0.059392
-0.023620 0.267953 -0.049452
-0.138358 0.264236 -0.061299
-0.106896 0.261048 -0.054575
-0.135140 0.252763 -0.056415
0.006914 0.251933 -0.043228
-0.029870 0.251863 -0.043795
0.008810 0.248187 -0.041936
-0.131763 0.241300 -0.051741
-0.012445 0.230901 -0.036217
-0.119835 0.229315 -0.045635
-0.000447 0.227917 -0.035159
-0.141685 0.217610 -0.045975
-0.177598 0.260332 -0.068785
-0.160301 0.231377 -0.054332
-0.240618 0.205635 -0.069417
-0.207529 0.202031 -0.057654
-0.332563 -0.058467 -0.079562
-0.303671 -0.008580 -0.063696
-0.261364 -0.100067 -0.053687
-0.252117 -0.040943 -0.044436
-0.210667 -0.147842 -0.045137
-0.258518 -0.215089 -0.078881
-0.256588 -0.199105 -0.073284
-0.242732 -0.210977 -0.071785
-0.233406 -0.168021 -0.056814
-0.209700 -0.237578 -0.069588
-0.210174 -0.201328 -0.058243
0.038582 -0.305692 -0.065609
-0.004889 -0.293663 -0.059358
-0.003151 -0.293382 -0.059229
0.119552 -0.281784 -0.064711
0.097663 -0.271308 -0.057126
0.100627 -0.270418 -0.057202
0.032638 -0.269507 -0.050403
0.105960 -0.265257 -0.056013
0.079327 -0.260498 -0.050723
0.040397 -0.254238 -0.045159
0.146763 -0.249744 -0.057674
0.037969 -0.249172 -0.043235
0.119645 -0.244603 -0.050719
0.085780 -0.243133 -0.045302
0.126553 -0.236479 -0.049156
0.165720 -0.323485 -0.093061
0.267142 -0.266649 -0.100919
0.248590 -0.263092 -0.092239
0.191028 -0.266924 -0.074940
0.165715 0.128402 -0.029635
0.165692 0.054499 -0.020388
0.141661 0.142854 -0.027249
0.080353 0.154821 -0.020390
0.072886 0.013515 -0.003642
0.170477 0.237899 -0.058925
0.157163 0.243970 -0.057895
0.153825 0.246400 -0.058005
0.098126 0.207034 -0.035538
0.085052 0.304536 -0.069267
0.086403 0.183811 -0.027782
0.079328 0.307534 -0.069918
0.071440 0.303804 -0.067395
0.061659 0.218389 -0.034847
0.061095 0.230596 -0.038607
-0.001546 0.180075 -0.021752
-0.050293 0.167301 -0.020453
-0.085747 0.161546 -0.022447
-0.153923 0.129770 -0.027289
-0.083885 0.106472 -0.012246
0.011271 0.099327 -0.006635
-0.022272 0.043028 -0.001554
-0.017185 0.024382 -0.000588
-0.188727 0.144369 -0.038296
-0.223839 0.122262 -0.044304
-0.189667 0.117039 -0.033584
-0.271636 0.101779 -0.057841
-0.209880 0.102776 -0.037010
-0.231327 0.101337 -0.043412
-0.283363 0.093866 -0.061401
-0.288713 0.085114 -0.062477
-0.186581 0.088350 -0.028721
-0.197022 0.088251 -0.031466
-0.304956 0.076255 -0.068421
-0.297855 0.060232 -0.063736
-0.176999 0.040526 -0.022121
-0.170133 0.023657 -0.019764
-0.138304 -0.119980 -0.022497
-0.128404 -0.012632 -0.011087
-0.106150 -0.154557 -0.023610
-0.082213 -0.012766 -0.004590
-0.080043 -0.089521 -0.009595
-0.169649 -0.190328 -0.044271
-0.167261 -0.229443 -0.055322
-0.158229 -0.293030 -0.077266
-0.154894 -0.238760 -0.055592
-0.152087 -0.245177 -0.057195
-0.149580 -0.243517 -0.056075
-0.134780 -0.299021 -0.074823
-0.131715 -0.296564 -0.073152
-0.120883 -0.227688 -0.045290
-0.082360 -0.270149 -0.054711
-0.069004 -0.245870 -0.044417
-0.061373 -0.250255 -0.045247
-0.057226 -0.248866 -0.044414
-0.040355 -0.254189 -0.045139
-0.029879 -0.223028 -0.034250
0.025429 -0.141578 -0.013805
0.037756 -0.139119 -0.013865
0.008430 -0.130195 -0.011338
0.149074 -0.125705 -0.025571
0.001409 -0.126914 -0.010726
-0.001131 -0.124272 -0.010281
0.089859 -0.093567 -0.011209
0.065742 -0.055198 -0.004887
0.142469 -0.052309 -0.015384
0.225462 -0.173701 -0.055597
0.277685 -0.158376 -0.070881
0.217310 -0.160301 -0.049851
0.282589 -0.152935 -0.071651
0.300810 -0.108125 -0.070871
0.233757 -0.109193 -0.045368
0.226060 -0.096238 -0.041020
0.256413 -0.066070 -0.047867
0.245281 -0.053873 -0.042910
0.250248 -0.038645 -0.043648
0.255315 -0.032685 -0.045149
0.263908 -0.022497 -0.047896
0.178506 -0.393946 -0.135870
0.162634 -0.356740 -0.109556
-0.089875 0.397261 -0.119042
-0.029065 0.366358 -0.095295
0.059643 -0.396813 -0.115228
0.030246 -0.387929 -0.107773
0.067514 0.344283 -0.086299
0.111894 0.332489 -0.086284
0.027181 0.329033 -0.075867
0.083524 0.326353 -0.079167
-0.337493 0.175906 -0.102736
-0.325843 0.079375 -0.078424
-0.315370 0.102131 -0.076519
-0.026548 -0.362544 -0.093090
-0.060573 -0.350729 -0.088984
-0.076717 -0.347562 -0.088988
-0.055504 -0.337760 -0.081890
0.403739 -0.098616 -0.124429
0.318714 -0.024019 -0.070855
FRAME 42 166
0.252432 0.035003 -0.044230
0.252236 0.040875 -0.044474
0.247489 0.050368 -0.043417
0.244611 -0.002127 -0.040652
0.238573 0.095134 -0.044947
0.224442 0.121562 -0.044374
0.223863 0.138671 -0.047325
0.221542 0.126603 -0.044344
0.215969 0.102456 -0.038769
0.213138 0.090153 -0.036276
0.325861 0.198174 -0.103205
0.005042 0.281654 -0.054420
-0.017509 0.264062 -0.047812
-0.099592 0.260431 -0.053273
-0.119893 0.228208 -0.045289
-0.141694 0.217602 -0.045974
-0.099926 0.216554 -0.038589
-0.046275 0.209477 -0.031063
-0.183176 0.325070 -0.098450
-0.207529 0.202031 -0.057654
-0.325334 0.002859 -0.073555
-0.277931 -0.011941 -0.053021
-0.254716 -0.143141 -0.058718
-0.255072 -0.115203 -0.053693
-0.252124 -0.040959 -0.044439
-0.242102 -0.134434 -0.052521
-0.229568 -0.104922 -0.043363
-0.229146 -0.133538 -0.048027
-0.227797 -0.036632 -0.036052
-0.225341 0.002808 -0.034356
-0.210675 -0.147833 -0.045138
-0.324107 -0.188261 -0.099411
0.104108 -0.334887 -0.086223
0.097593 -0.271397 -0.057151
0.100611 -0.270405 -0.057194
0.032630 -0.269508 -0.050402
0.083359 -0.262806 -0.052045
0.079336 -0.260476 -0.050716
0.040405 -0.254237 -0.045159
0.133194 -0.242814 -0.052531
0.041616 -0.245831 -0.042279
0.085813 -0.243140 -0.045308
0.107792 -0.222890 -0.041673
0.056888 -0.205832 -0.030775
0.172801 -0.320785 -0.093558
0.192443 -0.295277 -0.087145
0.189496 -0.279420 -0.079538
0.264571 -0.233741 -0.087452
0.184332 -0.226676 -0.058711
0.278744 -0.217047 -0.087583
0.245009 -0.219353 -0.075238
0.163743 -0.208999 -0.048135
0.101903 0.055120 -0.008926
0.080972 0.125094 -0.014825
0.065351 0.024539 -0.003228
0.043637 0.104318 -0.008501
0.025821 0.097951 -0.006814
0.163452 0.253369 -0.062702
0.157154 0.243978 -0.057896
0.153817 0.246401 -0.058004
0.151494 0.251968 -0.059484
0.147804 0.202988 -0.042900
0.141680 0.166021 -0.032177
0.138831 0.205225 -0.041738
0.094677 0.185178 -0.029158
0.091814 0.173420 -0.025899
0.084374 0.207270 -0.033866
0.074194 0.288297 -0.061052
0.026589 0.258926 -0.046201
-0.153230 0.148198 -0.030664
-0.018945 0.134167 -0.012237
-0.132913 0.106130 -0.019374
-0.068796 0.092282 -0.008810
-0.109905 0.075646 -0.011862
-0.021207 0.070414 -0.003584
-0.255958 0.163205 -0.063595
-0.210430 0.131229 -0.041815
-0.223839 0.122262 -0.044304
-0.241330 0.097583 -0.046210
-0.269586 0.075782 -0.053754
-0.199747 0.076950 -0.030924
-0.221006 0.055593 -0.035151
-0.263601 0.037430 -0.048413
-0.249232 0.033406 -0.043028
-0.198041 0.025571 -0.026837
-0.203022 0.024148 -0.028159
-0.169982 -0.014517 -0.019493
-0.149369 -0.119469 -0.024585
-0.119428 -0.029045 -0.010054
-0.054339 -0.116705 -0.011037
-0.034952 -0.142502 -0.014369
-0.169649 -0.190328 -0.044271
-0.133879 -0.162919 -0.029992
-0.120859 -0.227690 -0.045286
-0.119905 -0.181053 -0.031847
-0.117122 -0.219514 -0.042097
-0.101654 -0.298323 -0.068797
-0.102543 -0.197520 -0.033485
-0.087057 -0.231068 -0.041444
-0.081215 -0.290469 -0.062742
-0.069020 -0.245892 -0.044427
-0.061357 -0.250255 -0.045246
-0.057226 -0.248866 -0.044414
-0.030812 -0.214378 -0.031674
0.077725 -0.122378 -0.014025
0.090657 -0.117761 -0.014745
-0.004229 -0.080421 -0.004300
-0.003025 -0.056169 -0.002095
0.092674 -0.049283 -0.007319
0.159932 -0.165048 -0.035765
0.271457 -0.157422 -0.068172
0.196397 -0.160427 -0.043782
0.178395 -0.117473 -0.030790
0.233781 -0.109176 -0.045373
0.222952 -0.088938 -0.039102
0.176139 -0.088806 -0.026178
0.278895 -0.078754 -0.057726
0.211758 -0.063646 -0.033045
0.210207 -0.055332 -0.031910
0.222356 -0.053583 -0.035414
0.200317 -0.038030 -0.028003
0.255323 -0.032676 -0.045151
0.372912 0.175511 -0.122168
-0.225794 0.342247 -0.120788
-0.188142 0.348493 -0.111982
-0.155230 0.391183 -0.127912
-0.352026 -0.168797 -0.108553
0.203396 -0.351750 -0.118419
0.193516 -0.357339 -0.118451
0.173385 -0.389242 -0.131464
0.156991 -0.420285 -0.147444
0.157977 -0.398031 -0.132917
-0.020891 0.387169 -0.106951
0.003297 0.389045 -0.107745
0.005238 0.390167 -0.108432
-0.380755 -0.039183 -0.104011
-0.393433 -0.010164 -0.110469
0.118659 -0.359655 -0.101656
0.099491 -0.373370 -0.106156
0.051510 -0.389834 -0.110261
0.037922 -0.360216 -0.092374
0.031918 -0.381905 -0.104287
0.016044 -0.387874 -0.107234
0.015371 -0.379332 -0.102188
0.004919 -0.379396 -0.102063
0.001243 -0.401234 -0.115206
-0.000854 -0.385780 -0.105789
0.027376 0.452603 -0.150996
0.078028 0.441201 -0.147002
0.187142 0.346619 -0.110681
0.194944 0.343623 -0.111388
0.179547 0.340005 -0.105032
0.195719 0.330858 -0.104979
0.152928 0.317831 -0.087280
-0.362383 0.197459 -0.122518
-0.332891 0.188555 -0.103903
-0.398197 0.123730 -0.125331
-0.348300 0.147143 -0.101299
-0.200830 -0.354038 -0.118871
-0.098039 -0.419197 -0.134485
-0.170087 -0.339523 -0.102247
-0.046608 -0.328516 -0.076671
0.313989 -0.212575 -0.101919
0.416829 -0.090741 -0.131792
0.389364 -0.080365 -0.112927
0.350307 -0.169912 -0.107913
FRAME 43 124
0.281782 0.140192 -0.068597
0.269621 0.092289 -0.055745
0.252417 0.034994 -0.044225
0.252236 0.040875 -0.044474
0.238557 0.095135 -0.044942
0.227556 0.014577 -0.035193
0.224434 0.121562 -0.044372
0.313728 0.164825 -0.088170
0.235621 0.255764 -0.084691
0.211970 0.280455 -0.086670
0.203909 0.277944 -0.083129
-0.069769 0.324622 -0.076783
-0.125287 0.292568 -0.070226
-0.139611 0.282247 -0.068669
-0.073467 0.274647 -0.055470
-0.075326 0.263414 -0.051368
-0.106762 0.257419 -0.053215
-0.139098 0.250859 -0.056506
-0.142279 0.239099 -0.053037
-0.023367 0.238990 -0.039133
-0.119866 0.229345 -0.045650
-0.145366 0.227337 -0.049775
-0.026198 0.227465 -0.035492
-0.141693 0.217609 -0.045977
-0.070503 0.218156 -0.035587
-0.148393 0.215368 -0.046662
-0.265194 0.253232 -0.094835
-0.251488 0.227806 -0.080394
-0.226636 0.228312 -0.071829
-0.175345 0.223716 -0.055447
-0.200616 0.209208 -0.057747
-0.207543 0.202045 -0.057662
-0.309249 -0.020892 -0.066431
-0.259190 -0.027712 -0.046340
-0.252110 -0.040926 -0.044432
-0.242023 -0.137984 -0.053182
-0.231867 -0.130186 -0.048289
-0.210692 -0.147808 -0.045138
-0.283075 -0.213296 -0.088195
0.104760 -0.288994 -0.065287
0.109404 -0.285192 -0.064428
0.088997 -0.282846 -0.060550
0.097605 -0.271325 -0.057124
0.100611 -0.270405 -0.057194
0.032638 -0.269500 -0.050400
0.079336 -0.260483 -0.050719
0.108461 -0.257505 -0.053507
0.040405 -0.254237 -0.045159
0.010995 -0.248221 -0.041978
0.085780 -0.243141 -0.045305
0.077463 -0.234342 -0.041406
0.043436 -0.224120 -0.035277
0.236747 -0.259093 -0.086365
0.177316 -0.225925 -0.056652
0.226283 -0.210887 -0.066145
0.146409 0.079727 -0.018602
0.083183 0.123579 -0.014816
0.066067 -0.003984 -0.002902
0.157155 0.243971 -0.057894
0.153847 0.246428 -0.058020
0.141373 0.303186 -0.078006
0.116010 0.249721 -0.051906
0.112822 0.233308 -0.045787
0.109507 0.230639 -0.044398
0.037977 0.278455 -0.054153
-0.037175 0.179205 -0.022479
-0.128287 0.173156 -0.031352
-0.099209 0.167856 -0.025566
-0.119792 0.153380 -0.025469
-0.061722 0.097099 -0.008803
-0.142503 0.085947 -0.018536
-0.054813 0.080198 -0.006264
-0.086429 0.073875 -0.008595
-0.223839 0.122262 -0.044304
-0.196177 0.121562 -0.036073
-0.221454 0.119016 -0.043009
-0.271636 0.101770 -0.057840
-0.277135 0.083635 -0.057593
-0.229409 0.080137 -0.040102
-0.288789 0.074556 -0.061294
-0.299505 0.056221 -0.064110
-0.254979 0.052618 -0.046225
-0.179676 -0.097579 -0.028162
-0.117132 -0.039130 -0.010151
-0.054283 -0.001083 -0.001951
-0.033463 -0.045837 -0.002132
-0.169649 -0.190328 -0.044271
-0.152129 -0.245145 -0.057193
-0.128588 -0.172202 -0.031178
-0.120874 -0.227704 -0.045293
-0.110167 -0.242444 -0.048434
-0.069012 -0.245884 -0.044423
-0.061373 -0.250262 -0.045250
-0.057226 -0.248866 -0.044414
-0.058502 -0.181409 -0.024413
0.100380 -0.110721 -0.014913
0.099541 -0.082351 -0.011116
0.002860 -0.040568 -0.001094
0.136298 -0.024534 -0.012787
0.285611 -0.164593 -0.075619
0.264147 -0.134834 -0.060573
0.267298 -0.131025 -0.061048
0.233742 -0.109202 -0.045364
0.306600 -0.063747 -0.067879
0.254253 -0.063787 -0.046880
0.212597 -0.049394 -0.032178
0.255323 -0.032676 -0.045151
0.174041 -0.023251 -0.020665
-0.363625 -0.169441 -0.115162
0.104560 -0.357404 -0.098029
0.103328 -0.363463 -0.101159
0.019875 -0.359681 -0.091300
-0.001281 -0.367037 -0.095034
0.098255 0.413193 -0.130513
0.039990 0.328446 -0.076216
-0.331294 0.065241 -0.079559
-0.175705 -0.314820 -0.091464
-0.048647 -0.356148 -0.090881
-0.028810 -0.340491 -0.081595
-0.105456 -0.334647 -0.086314
-0.059557 -0.332149 -0.079454
0.345149 -0.056791 -0.085750
0.325228 -0.027506 -0.074053
0.317782 -0.062718 -0.072874
FRAME 44 166
0.315241 0.138660 -0.082960
0.305791 0.078836 -0.069083
0.306079 0.031035 -0.065400
0.272828 0.042232 -0.052189
0.258624 0.112922 -0.054621
0.261481 0.027007 -0.047153
0.255246 0.102355 -0.051770
0.252440 0.034977 -0.044232
0.252236 0.040875 -0.044474
0.247800 0.099405 -0.048696
0.243314 -0.000578 -0.040208
0.238557 0.095135 -0.044942
0.224434 0.121562 -0.044372
0.225544 0.074344 -0.038252
0.219620 0.052477 -0.034494
0.216366 0.117386 -0.041180
0.212494 0.055857 -0.032618
0.256988 0.160314 -0.063302
0.238218 0.226347 -0.075117
0.232475 0.236305 -0.076516
0.207658 0.258303 -0.076485
-0.136267 0.275847 -0.065409
-0.079011 0.272183 -0.055112
-0.099542 0.260594 -0.053326
-0.089061 0.258278 -0.051069
0.003611 0.240861 -0.039388
-0.119875 0.229344 -0.045651
-0.141693 0.217609 -0.045977
-0.141933 0.213522 -0.044785
-0.098588 0.205562 -0.035180
-0.174347 0.316711 -0.092005
-0.181596 0.270225 -0.073664
-0.174864 0.261218 -0.068421
-0.207529 0.202031 -0.057654
-0.334509 -0.129601 -0.090494
-0.318261 -0.059353 -0.072796
-0.286894 -0.029306 -0.057141
-0.270125 -0.062627 -0.052666
-0.270600 -0.017074 -0.050273
-0.252094 -0.040960 -0.044429
-0.245549 -0.025951 -0.041442
-0.221397 -0.152117 -0.049311
-0.223200 -0.033102 -0.034444
-0.210638 -0.147811 -0.045122
-0.213035 -0.077662 -0.034791
-0.255046 -0.258837 -0.093016
-0.233380 -0.168069 -0.056817
-0.220295 -0.221624 -0.067574
-0.213819 -0.255631 -0.077386
-0.198514 -0.288221 -0.085844
0.103770 -0.317368 -0.077698
0.041866 -0.304534 -0.065289
0.112789 -0.300184 -0.071348
0.009046 -0.301905 -0.062930
0.068955 -0.296288 -0.063877
0.097655 -0.271308 -0.057125
0.100628 -0.270404 -0.057196
0.032638 -0.269507 -0.050403
0.079336 -0.260483 -0.050719
0.032805 -0.257721 -0.046023
0.040397 -0.254238 -0.045159
0.085780 -0.243141 -0.045305
0.112219 -0.240011 -0.047927
0.031697 -0.227723 -0.035795
-0.002646 -0.218478 -0.032249
0.088612 -0.215098 -0.036668
0.029071 -0.212731 -0.031117
0.110777 -0.209829 -0.038184
0.284434 -0.265006 -0.107563
0.212603 -0.258359 -0.078037
0.184554 -0.256856 -0.069310
0.228569 -0.221330 -0.070181
0.201003 -0.209554 -0.057963
0.164866 0.154561 -0.034552
0.156340 0.091222 -0.021980
0.102627 0.129505 -0.018271
0.094622 0.078094 -0.010017
0.073378 0.105272 -0.010966
0.066580 0.051862 -0.004724
0.048698 0.125844 -0.012135
0.172562 0.167859 -0.039337
0.164242 0.198261 -0.045169
0.157155 0.243971 -0.057894
0.158309 0.211007 -0.047495
0.153825 0.246400 -0.058005
0.142107 0.172346 -0.033740
0.128008 0.162061 -0.028742
0.113030 0.200848 -0.035971
0.103733 0.182464 -0.029708
0.103933 0.190130 -0.031705
0.051373 0.180000 -0.023531
0.033130 0.293083 -0.059884
-0.123349 0.156707 -0.026767
-0.135653 0.142569 -0.026052
0.008238 0.113870 -0.008667
-0.132127 0.105483 -0.019139
-0.150359 0.071895 -0.018592
-0.127437 0.055307 -0.012868
-0.089355 0.051103 -0.007038
-0.186564 0.143897 -0.037636
-0.201675 0.123775 -0.037971
-0.223839 0.122262 -0.044304
-0.271636 0.101770 -0.057840
-0.172626 0.100081 -0.026797
-0.272146 0.083047 -0.055565
-0.299247 0.075405 -0.065825
-0.203725 0.075547 -0.031884
-0.228638 0.032522 -0.036121
-0.240139 0.027906 -0.039680
-0.251284 0.023947 -0.043367
-0.228291 0.023575 -0.035663
-0.160650 0.004972 -0.017276
-0.134118 -0.022341 -0.012322
-0.113843 0.006774 -0.008648
-0.108442 -0.138627 -0.020764
-0.103202 0.002352 -0.007078
-0.076372 -0.086534 -0.008858
-0.071630 -0.063529 -0.006085
-0.070332 -0.086954 -0.008315
-0.066773 -0.043533 -0.004212
-0.057207 -0.130158 -0.013484
-0.035375 -0.158299 -0.017598
-0.031959 -0.060036 -0.003064
-0.169649 -0.190328 -0.044271
-0.152124 -0.245204 -0.057212
-0.120858 -0.227713 -0.045293
-0.069021 -0.245869 -0.044419
-0.061373 -0.250255 -0.045247
-0.057226 -0.248866 -0.044414
-0.051237 -0.206854 -0.030644
-0.031315 -0.166586 -0.019239
-0.027560 -0.197497 -0.026762
0.063754 -0.175649 -0.023447
0.112370 -0.169049 -0.027750
0.131562 -0.162022 -0.029368
0.021538 -0.152571 -0.015862
0.071563 -0.124323 -0.013729
0.048639 -0.081386 -0.005967
0.021015 -0.071332 -0.003665
0.067275 -0.070459 -0.006300
0.041587 -0.051961 -0.002934
0.234062 -0.148838 -0.052700
0.297435 -0.129189 -0.073048
0.233720 -0.109187 -0.045354
0.185837 -0.084817 -0.028110
0.215616 -0.076600 -0.035445
0.172983 -0.059744 -0.022476
0.283860 -0.045386 -0.056762
0.255323 -0.032693 -0.045152
0.188760 -0.025828 -0.024390
0.370577 0.104488 -0.105342
-0.116978 0.379816 -0.112835
-0.047504 0.382035 -0.105314
-0.379218 -0.033070 -0.102778
0.082648 -0.401701 -0.120850
0.041305 -0.443392 -0.144999
0.037000 -0.402951 -0.117353
0.013858 -0.375736 -0.100083
0.005918 -0.434921 -0.137592
0.225363 0.333555 -0.116031
0.197137 0.334945 -0.107501
0.069165 0.387887 -0.110738
0.034642 0.342499 -0.082887
-0.367644 0.037177 -0.096416
-0.052438 -0.425078 -0.132962
0.353004 -0.264355 -0.141893
FRAME 45 333
0.328188 0.105262 -0.083097
0.323175 0.076874 -0.076860
0.276808 0.147039 -0.068007
0.274149 0.140753 -0.065633
0.271890 0.119231 -0.060706
0.266557 0.032329 -0.049269
0.260315 0.059161 -0.048680
0.252454 0.034994 -0.044238
0.252243 0.040875 -0.044476
0.244222 0.108003 -0.048712
0.242027 0.006803 -0.039804
0.238565 0.095135 -0.044945
0.240557 0.043563 -0.040601
0.224442 0.121554 -0.044373
0.221701 0.124847 -0.044084
0.224339 0.032778 -0.034782
0.329663 0.157263 -0.094045
0.310211 0.242148 -0.110448
0.299585 0.278112 -0.119987
0.248792 0.228567 -0.079654
0.254378 0.164391 -0.063294
0.230697 0.178387 -0.058484
0.221969 0.244875 -0.076038
0.210349 0.253934 -0.075667
-0.122223 0.332998 -0.088344
-0.034392 0.329573 -0.076455
-0.071316 0.317726 -0.073691
-0.041281 0.316191 -0.070509
-0.123587 0.295678 -0.071252
-0.081917 0.291623 -0.063309
0.001316 0.285904 -0.056123
-0.109654 0.282478 -0.063355
-0.113486 0.279013 -0.062569
-0.035715 0.274620 -0.052526
-0.073317 0.262799 -0.050926
-0.075150 0.258423 -0.049504
-0.057320 0.258014 -0.047686
-0.003923 0.248329 -0.041942
-0.112742 0.239267 -0.047759
-0.078022 0.235479 -0.041841
-0.139983 0.231580 -0.050066
-0.119866 0.229352 -0.045652
-0.141693 0.217609 -0.045977
-0.145422 0.203770 -0.042633
-0.239274 0.318344 -0.113341
-0.158611 0.322036 -0.090623
-0.235282 0.290226 -0.098727
-0.265723 0.270276 -0.101829
-0.185127 0.275114 -0.076571
-0.162707 0.263600 -0.066349
-0.239594 0.250933 -0.084275
-0.273316 0.220364 -0.086428
-0.207535 0.202045 -0.057660
-0.328767 -0.064119 -0.078221
-0.326992 -0.001825 -0.074344
-0.308522 -0.083261 -0.070828
-0.300889 -0.007619 -0.062471
-0.286131 -0.088682 -0.061854
-0.282008 -0.109594 -0.063154
-0.277869 -0.119022 -0.063037
-0.256954 -0.082469 -0.049785
-0.252102 -0.040951 -0.044431
-0.251019 -0.024412 -0.043290
-0.242161 -0.106717 -0.047809
-0.234346 -0.152244 -0.053524
-0.231644 -0.100674 -0.043421
-0.218579 0.000223 -0.032274
-0.213859 -0.130173 -0.042641
-0.210669 -0.147810 -0.045131
-0.209993 -0.040499 -0.030867
-0.279650 -0.274469 -0.109420
-0.279947 -0.153209 -0.070627
-0.253748 -0.235161 -0.083766
-0.241946 -0.174486 -0.061313
-0.228234 -0.263402 -0.085093
-0.233383 -0.168022 -0.056807
-0.198827 -0.256861 -0.073306
0.080027 -0.318063 -0.074815
0.016921 -0.313886 -0.068420
0.057607 -0.299033 -0.064020
0.068777 -0.297926 -0.064563
0.115729 -0.286579 -0.066032
0.126428 -0.283612 -0.066684
0.109903 -0.276531 -0.061000
0.029248 -0.273850 -0.051927
0.097663 -0.271308 -0.057126
0.100603 -0.270413 -0.057196
0.081412 -0.270315 -0.054665
0.032647 -0.269500 -0.050400
0.095462 -0.262135 -0.053333
0.079336 -0.260483 -0.050719
0.108168 -0.256567 -0.053119
0.040397 -0.254238 -0.045159
0.027940 -0.252453 -0.043926
0.111855 -0.249923 -0.051306
0.111146 -0.246127 -0.049859
0.000053 -0.248009 -0.041820
0.052621 -0.244584 -0.042578
0.085781 -0.243126 -0.045299
0.148829 -0.238429 -0.054166
0.004532 -0.237324 -0.038214
0.023888 -0.218894 -0.032764
0.079233 -0.214513 -0.035400
0.053260 -0.211480 -0.032125
0.113558 -0.204181 -0.036991
0.147836 -0.329741 -0.091916
0.210345 -0.307527 -0.098141
0.203397 -0.298824 -0.091977
0.224771 -0.287640 -0.093931
0.197000 -0.289859 -0.086103
0.153426 -0.292796 -0.076064
0.248678 -0.250038 -0.087248
0.242022 -0.241012 -0.081519
0.192603 -0.235720 -0.063963
0.185534 -0.226773 -0.059062
0.175927 -0.225874 -0.056285
0.205199 -0.218604 -0.061969
0.243414 -0.195515 -0.067450
0.262540 -0.193302 -0.073879
0.156001 0.138942 -0.029424
0.144349 0.116531 -0.023106
0.111861 0.052166 -0.010139
0.108944 0.071688 -0.011329
0.085831 0.055254 -0.006920
0.066184 0.125680 -0.013458
0.154446 0.297050 -0.078142
0.157154 0.243978 -0.057896
0.161249 0.167139 -0.036541
0.155488 0.231110 -0.053163
0.153824 0.246415 -0.058010
0.145041 0.247590 -0.056548
0.129056 0.275588 -0.063922
0.125607 0.286472 -0.067717
0.125634 0.202344 -0.038482
0.107101 0.200368 -0.034932
0.098245 0.304592 -0.071054
0.093889 0.304153 -0.070249
0.096321 0.236573 -0.044439
0.079368 0.293685 -0.063884
0.071336 0.307818 -0.069168
0.036958 0.220906 -0.033926
0.033919 0.251023 -0.043680
0.030876 0.302473 -0.063806
0.024778 0.272444 -0.051211
-0.087434 0.178755 -0.026648
-0.138971 0.138606 -0.025913
-0.112602 0.094404 -0.014412
-0.143105 0.074291 -0.017387
-0.289962 0.149897 -0.074066
-0.260838 0.149620 -0.062349
-0.180034 0.154491 -0.038170
-0.241844 0.148940 -0.055359
-0.235649 0.141935 -0.051804
-0.300395 0.128691 -0.074250
-0.275496 0.121738 -0.062562
-0.223839 0.122270 -0.044305
-0.169399 0.118310 -0.028772
-0.250589 0.114239 -0.051924
-0.225360 0.105929 -0.042170
-0.271644 0.101770 -0.057842
-0.290280 0.093224 -0.064175
-0.243646 0.089654 -0.045956
-0.265179 0.085758 -0.053224
-0.181787 0.086130 -0.027242
-0.298789 0.076524 -0.065750
-0.239834 0.077513 -0.043235
-0.296874 0.059088 -0.063216
-0.160656 0.027919 -0.017788
-0.169241 -0.139178 -0.032438
-0.153253 -0.147083 -0.030442
-0.145081 -0.110126 -0.022261
-0.143872 -0.067624 -0.016896
-0.129568 -0.118382 -0.020645
-0.125423 -0.134765 -0.022749
-0.114365 -0.066357 -0.011648
-0.104878 -0.130111 -0.018695
-0.088657 -0.064326 -0.007974
-0.059376 -0.159821 -0.019468
-0.051172 -0.122556 -0.011752
-0.028906 -0.056920 -0.002699
-0.180442 -0.188484 -0.046438
-0.170554 -0.207443 -0.049286
-0.169649 -0.190328 -0.044271
-0.157816 -0.285234 -0.073859
-0.155268 -0.303113 -0.081018
-0.155606 -0.214389 -0.047911
-0.152097 -0.245147 -0.057186
-0.142637 -0.231473 -0.050563
-0.124474 -0.255727 -0.055515
-0.122840 -0.210185 -0.040253
-0.120842 -0.227698 -0.045286
-0.086135 -0.280732 -0.059335
-0.083035 -0.188940 -0.028703
-0.076826 -0.180647 -0.025920
-0.075405 -0.168484 -0.022872
-0.071283 -0.226474 -0.038234
-0.069003 -0.245900 -0.044428
-0.061373 -0.250255 -0.045247
-0.057234 -0.248873 -0.044417
-0.058452 -0.198753 -0.028928
-0.046209 -0.259804 -0.047529
-0.044813 -0.213992 -0.032291
0.031917 -0.171634 -0.020424
0.121412 -0.166492 -0.028612
0.087765 -0.153021 -0.020860
0.061679 -0.150101 -0.017615
0.052255 -0.140393 -0.014984
0.017274 -0.127792 -0.011075
0.107132 -0.112510 -0.016128
0.062246 -0.078844 -0.006701
0.151218 -0.070231 -0.018607
0.126831 -0.054912 -0.012735
0.076868 -0.050308 -0.005600
0.048438 -0.046221 -0.002969
0.122980 -0.041056 -0.011196
0.038048 -0.026894 -0.001437
0.272481 -0.137923 -0.064403
0.298747 -0.131281 -0.074020
0.196431 -0.125545 -0.036826
0.215863 -0.123609 -0.042077
0.293515 -0.118365 -0.069402
0.233720 -0.109187 -0.045354
0.224350 -0.108812 -0.042285
0.237040 -0.104093 -0.045690
0.187070 -0.098376 -0.030134
0.169730 -0.071399 -0.022758
0.191359 -0.070495 -0.028013
0.276280 -0.061660 -0.054974
0.269685 -0.061486 -0.052397
0.227722 -0.061064 -0.037688
0.278550 -0.057073 -0.055484
0.179469 -0.052728 -0.023497
0.255315 -0.032685 -0.045149
0.202830 -0.028544 -0.028265
0.355190 0.263539 -0.142803
0.343843 0.244546 -0.128638
0.358694 0.230636 -0.131691
0.435853 0.196209 -0.170189
0.356124 0.187827 -0.116075
-0.173873 0.452140 -0.175499
-0.248346 0.372734 -0.146886
-0.242519 0.390283 -0.155588
-0.243258 0.375245 -0.146375
-0.461115 -0.182697 -0.185348
-0.415838 -0.235508 -0.170120
-0.346350 -0.250021 -0.132183
0.265841 -0.347791 -0.139566
0.236205 -0.342028 -0.124465
0.212630 -0.347280 -0.118981
0.157523 -0.420298 -0.147590
0.395560 0.110003 -0.121144
0.361172 0.054665 -0.094063
0.434651 0.002244 -0.137377
-0.012178 0.470793 -0.164525
-0.105667 0.356675 -0.097811
-0.080004 0.374220 -0.103958
-0.075620 0.410826 -0.125828
-0.076196 0.396317 -0.116677
-0.077071 0.380874 -0.107465
-0.045837 0.364137 -0.095018
-0.042570 0.358506 -0.091731
-0.025174 0.384256 -0.105374
-0.006520 0.396934 -0.112567
-0.465635 -0.054172 -0.162801
-0.428496 -0.075304 -0.137663
-0.403167 -0.060505 -0.119286
-0.364990 -0.042027 -0.095235
-0.451285 -0.029378 -0.150107
-0.360272 -0.030546 -0.092025
0.047827 -0.482172 -0.175598
0.102296 -0.379771 -0.110312
0.060188 -0.375797 -0.102736
0.042535 -0.400553 -0.116191
0.035844 -0.391732 -0.110349
0.318517 0.345083 -0.163463
-0.312387 0.364641 -0.171969
-0.449571 0.020065 -0.148455
-0.108798 -0.446278 -0.155475
0.245719 0.367244 -0.142504
0.284192 0.342978 -0.145078
0.073326 0.410937 -0.125630
0.148372 0.398296 -0.130730
0.073274 0.393720 -0.114734
0.061434 0.390728 -0.111670
0.077625 0.383750 -0.109229
0.152887 0.370948 -0.115196
0.082013 0.355752 -0.093952
0.098138 0.348116 -0.092090
0.050460 0.347996 -0.086716
0.113872 0.339674 -0.090233
0.036537 0.338572 -0.081004
0.043687 0.328102 -0.076277
-0.394715 0.207468 -0.145441
-0.364749 0.246570 -0.141359
-0.332656 0.295503 -0.144737
-0.334630 0.284246 -0.140493
-0.338891 0.209913 -0.113587
-0.407671 0.049969 -0.121242
-0.394149 0.114983 -0.121149
-0.369570 0.143397 -0.112214
-0.373861 0.079224 -0.103658
-0.363346 0.043280 -0.094411
-0.356661 0.035118 -0.090304
-0.349637 0.107983 -0.094420
-0.343319 0.159119 -0.101469
-0.339437 0.072354 -0.084334
-0.331655 0.079400 -0.081251
-0.327901 0.035417 -0.075699
-0.166918 -0.395164 -0.133424
-0.204515 -0.370478 -0.129474
-0.299525 -0.320894 -0.140424
-0.039548 -0.379443 -0.103269
-0.124202 -0.365395 -0.105876
-0.046271 -0.369484 -0.098021
-0.100915 -0.359731 -0.098728
-0.146642 -0.348398 -0.101238
-0.103902 -0.345880 -0.091798
-0.168384 -0.331438 -0.097675
-0.097352 -0.327602 -0.081622
-0.034534 -0.324061 -0.073817
0.373881 -0.213384 -0.134471
0.367566 -0.204925 -0.127896
0.352860 -0.233320 -0.129368
0.346350 -0.224675 -0.122617
0.375668 -0.085235 -0.105455
0.361466 -0.030838 -0.092687
0.341599 -0.087103 -0.087186
0.339452 -0.030397 -0.081142
0.333959 -0.122685 -0.088909
0.337013 -0.030990 -0.079948
0.330977 -0.069282 -0.079806
0.324998 -0.139997 -0.087893
0.317409 -0.053915 -0.071950
FRAME 46 100
0.270206 0.114189 -0.059206
0.252432 0.034986 -0.044230
0.252236 0.040875 -0.044474
0.238557 0.095135 -0.044942
0.233840 0.149116 -0.052685
0.232399 0.001494 -0.036593
0.224442 0.121562 -0.044374
0.208833 0.124278 -0.040106
0.197655 0.247702 -0.069593
-0.029268 0.234063 -0.037726
-0.119875 0.229344 -0.045651
-0.116434 0.223255 -0.043145
-0.141685 0.217610 -0.045975
-0.250291 0.306657 -0.111857
-0.174659 0.301814 -0.085187
-0.179613 0.274384 -0.074799
-0.207536 0.202038 -0.057658
-0.295914 -0.069599 -0.063782
-0.278877 0.003500 -0.053302
-0.252102 -0.040943 -0.044430
-0.244732 -0.103092 -0.048156
-0.224692 -0.083375 -0.038977
-0.210646 -0.147811 -0.045125
-0.279189 -0.180340 -0.076946
-0.233404 -0.168044 -0.056819
-0.213700 -0.196701 -0.057994
0.093476 -0.293712 -0.065658
0.143694 -0.288294 -0.072027
0.097663 -0.271308 -0.057126
0.100627 -0.270418 -0.057202
0.032638 -0.269507 -0.050403
0.079351 -0.260505 -0.050729
0.040405 -0.254237 -0.045159
0.098835 -0.250604 -0.049604
0.085789 -0.243133 -0.045303
0.133855 -0.202952 -0.040141
0.192244 -0.297136 -0.087912
0.174119 -0.225642 -0.055759
0.159802 -0.216807 -0.049583
0.113021 0.122472 -0.018590
0.078111 0.156935 -0.020596
0.070213 0.044759 -0.004598
0.041204 0.092488 -0.006808
0.157155 0.243971 -0.057894
0.153824 0.246415 -0.058010
0.137806 0.220411 -0.046076
0.115886 0.184273 -0.032005
0.095569 0.237869 -0.044770
0.073141 0.201631 -0.031051
-0.116204 0.114842 -0.017857
-0.110162 0.108546 -0.015981
-0.094257 0.034999 -0.006713
-0.223839 0.122262 -0.044304
-0.271636 0.101779 -0.057841
-0.265991 0.099211 -0.055303
-0.237940 0.063983 -0.041261
-0.185533 -0.007733 -0.023151
-0.184607 -0.045446 -0.024286
-0.153478 -0.010788 -0.015815
-0.148807 -0.030137 -0.015396
-0.133179 -0.143243 -0.025728
-0.123438 -0.039531 -0.011189
-0.180149 -0.170947 -0.041937
-0.169649 -0.190328 -0.044271
-0.152093 -0.245199 -0.057204
-0.139475 -0.191327 -0.038017
-0.120866 -0.227712 -0.045294
-0.081212 -0.217556 -0.036533
-0.078731 -0.274361 -0.055930
-0.069021 -0.245869 -0.044419
-0.061373 -0.250255 -0.045247
-0.062480 -0.191645 -0.027357
-0.057234 -0.248866 -0.044415
0.045813 -0.052042 -0.003185
0.264310 -0.131145 -0.059930
0.233727 -0.109186 -0.045357
0.283739 -0.081806 -0.060031
0.236406 -0.070771 -0.041392
0.274022 -0.043458 -0.052728
0.255345 -0.032710 -0.045160
0.175995 -0.025070 -0.021190
-0.378368 -0.202320 -0.133487
0.260746 -0.365408 -0.147629
0.376766 0.006029 -0.100555
0.100051 -0.355896 -0.096513
0.070159 -0.444199 -0.148224
0.060828 -0.395355 -0.114439
0.032219 -0.435006 -0.138463
-0.003689 -0.377596 -0.101015
-0.445281 0.140436 -0.161326
0.174431 0.362542 -0.115888
0.228268 0.345409 -0.123388
0.088337 0.344790 -0.088987
-0.362287 0.174705 -0.115818
-0.324949 0.275218 -0.131276
-0.179223 -0.384874 -0.130406
-0.177148 -0.336726 -0.102676
-0.208990 -0.308332 -0.098086
-0.057787 -0.360644 -0.094041
0.318382 -0.080656 -0.075038
FRAME 47 45
0.252431 0.035011 -0.044231
0.252236 0.040875 -0.044474
0.238557 0.095135 -0.044942
0.241247 0.024118 -0.039914
0.224442 0.121562 -0.044374
0.211306 0.175298 -0.051594
-0.119867 0.229337 -0.045648
-0.141685 0.217610 -0.045975
-0.207536 0.202038 -0.057658
-0.252094 -0.040960 -0.044429
-0.244585 -0.089788 -0.046295
-0.216932 -0.065490 -0.034745
-0.210646 -0.147811 -0.045125
0.097663 -0.271308 -0.057126
0.100618 -0.270426 -0.057203
0.032630 -0.269508 -0.050402
0.079335 -0.260491 -0.050722
0.040405 -0.254237 -0.045159
0.085780 -0.243133 -0.045302
0.093207 -0.226398 -0.040726
0.103511 -0.226103 -0.042050
0.182903 -0.236627 -0.061646
0.214589 -0.202107 -0.059813
0.130077 0.140822 -0.024700
0.082148 -0.001187 -0.004475
0.157163 0.243970 -0.057895
0.153824 0.246407 -0.058008
0.151213 0.164556 -0.033772
0.112970 0.269782 -0.058843
-0.223839 0.122262 -0.044304
-0.271636 0.101779 -0.057841
-0.247103 0.085771 -0.046671
-0.173950 -0.210273 -0.050951
-0.169649 -0.190328 -0.044271
-0.152093 -0.245199 -0.057204
-0.120850 -0.227705 -0.045290
-0.069020 -0.245892 -0.044427
-0.061373 -0.250262 -0.045250
-0.057226 -0.248851 -0.044409
0.126020 -0.099167 -0.017196
0.101455 -0.068355 -0.009959
0.233727 -0.109186 -0.045357
0.205411 -0.109655 -0.036736
0.255323 -0.032685 -0.045151
-0.378368 -0.202320 -0.133487
FRAME 48 60
0.307035 0.017149 -0.065340
0.252432 0.034986 -0.044230
0.252236 0.040875 -0.044474
0.246742 0.091769 -0.047296
0.238557 0.095135 -0.044942
0.224442 0.121562 -0.044374
0.274261 0.223885 -0.087983
0.253277 0.187083 -0.068666
0.228387 0.180230 -0.058198
0.206518 0.197975 -0.056195
-0.117978 0.299683 -0.072003
-0.119866 0.229345 -0.045650
-0.141685 0.217610 -0.045975
-0.207536 0.202038 -0.057658
-0.277861 0.006686 -0.052923
-0.252094 -0.040960 -0.044429
-0.210692 -0.147808 -0.045138
-0.233383 -0.168022 -0.056807
0.058830 -0.307275 -0.067743
0.097655 -0.271308 -0.057125
0.100636 -0.270404 -0.057197
0.032630 -0.269508 -0.050402
0.000058 -0.263972 -0.047562
0.079336 -0.260483 -0.050719
0.040397 -0.254238 -0.045159
0.022155 -0.247420 -0.041959
0.085780 -0.243133 -0.045302
0.170497 0.151203 -0.035149
0.068042 0.006396 -0.003094
0.055541 0.032635 -0.002748
0.157155 0.243971 -0.057894
0.153824 0.246407 -0.058008
0.131825 0.175162 -0.032470
0.078680 0.259855 -0.050414
0.067207 0.260000 -0.049283
0.034130 0.238329 -0.039345
-0.144791 0.077569 -0.018053
-0.128988 0.051430 -0.012857
-0.223839 0.122262 -0.044304
-0.271636 0.101779 -0.057841
-0.232093 0.043495 -0.037808
-0.265526 0.040911 -0.049326
-0.208318 0.027645 -0.029781
-0.169649 -0.190328 -0.044271
-0.152129 -0.245145 -0.057193
-0.120858 -0.227713 -0.045293
-0.104856 -0.222534 -0.041126
-0.069021 -0.245869 -0.044419
-0.068383 -0.276315 -0.055612
-0.061373 -0.250255 -0.045247
-0.057234 -0.248866 -0.044415
0.021421 -0.170518 -0.019785
0.074331 -0.133185 -0.015539
0.210769 -0.124932 -0.040787
0.233727 -0.109195 -0.045358
0.255315 -0.032693 -0.045149
0.195769 -0.030937 -0.026432
0.370846 0.052801 -0.099279
-0.366689 -0.036522 -0.095849
0.095427 -0.372231 -0.104895
FRAME 49 168
0.321379 0.023103 -0.072069
0.294268 0.059025 -0.062101
0.286314 0.051869 -0.058214
0.252773 0.115295 -0.052878
0.252424 0.034994 -0.044227
0.252236 0.040867 -0.044473
0.247386 0.075254 -0.045577
0.238558 0.095127 -0.044941
0.224442 0.121562 -0.044374
0.210328 0.010511 -0.029910
0.278381 0.241289 -0.095789
0.249836 0.272994 -0.096719
0.241433 0.259668 -0.088263
0.233780 0.208147 -0.067815
-0.041304 0.315521 -0.070202
-0.058875 0.288300 -0.059588
-0.095813 0.276363 -0.058852
-0.065024 0.265852 -0.051258
-0.075554 0.258433 -0.049551
-0.102059 0.248167 -0.049202
-0.019383 0.249096 -0.042461
-0.119891 0.229344 -0.045654
-0.141693 0.217609 -0.045977
-0.235411 0.299247 -0.102829
-0.223066 0.214266 -0.066139
-0.164437 0.217642 -0.050905
-0.250857 0.209249 -0.074188
-0.204300 0.207450 -0.058291
-0.207536 0.202038 -0.057658
-0.285758 -0.040253 -0.057220
-0.283826 0.000693 -0.055277
-0.271547 -0.015093 -0.050591
-0.263177 -0.025166 -0.047713
-0.252109 -0.040960 -0.044434
-0.247199 -0.108579 -0.049835
-0.230464 -0.055064 -0.038077
-0.215473 -0.121970 -0.041678
-0.210669 -0.147810 -0.045131
-0.231476 -0.267619 -0.087877
-0.233381 -0.168046 -0.056812
-0.203324 -0.290393 -0.088227
0.009972 -0.314727 -0.068668
0.004831 -0.299213 -0.061722
0.097662 -0.271315 -0.057129
0.100610 -0.270427 -0.057202
0.005091 -0.273394 -0.051162
0.032638 -0.269500 -0.050400
0.146053 -0.264410 -0.062941
0.079344 -0.260483 -0.050720
0.040397 -0.254238 -0.045159
0.085780 -0.243141 -0.045305
0.027923 -0.243677 -0.040875
0.012671 -0.235819 -0.037816
0.018724 -0.225291 -0.034577
0.065549 -0.220512 -0.035836
0.078346 -0.215434 -0.035578
0.030283 -0.209439 -0.030209
0.166958 -0.252481 -0.063213
0.219517 -0.243568 -0.074774
0.197252 -0.228174 -0.062745
0.260611 -0.213861 -0.079295
0.176315 0.151967 -0.036710
0.172691 0.101456 -0.027003
0.134896 0.008113 -0.012172
0.119982 0.126429 -0.020359
0.113443 0.138378 -0.021472
0.095838 0.023371 -0.006461
0.066217 -0.001480 -0.002906
0.059752 0.103513 -0.009504
0.054868 0.143926 -0.015851
0.170175 0.214017 -0.051157
0.157155 0.243971 -0.057894
0.152076 0.299269 -0.078582
0.153824 0.246407 -0.058008
0.130312 0.226758 -0.046659
0.125889 0.287557 -0.068221
0.116362 0.184906 -0.032242
0.095052 0.203169 -0.034028
0.089618 0.218969 -0.037961
0.082971 0.202410 -0.032328
0.078095 0.300436 -0.066641
0.074876 0.245505 -0.044885
0.074123 0.225038 -0.038071
0.047060 0.279337 -0.055053
0.043073 0.260601 -0.047624
0.040228 0.296597 -0.061748
0.040100 0.235615 -0.038757
0.037357 0.174645 -0.021389
0.029306 0.219045 -0.033009
-0.047156 0.177429 -0.022621
-0.112101 0.161737 -0.026051
-0.106976 0.134413 -0.019768
-0.074698 0.063270 -0.006362
-0.070750 0.057876 -0.005544
-0.224240 0.136882 -0.047096
-0.221834 0.131497 -0.045323
-0.223839 0.122262 -0.044304
-0.283943 0.116270 -0.065035
-0.206437 0.119550 -0.038608
-0.271628 0.101787 -0.057839
-0.175678 0.083736 -0.025468
-0.183701 0.076091 -0.026605
-0.162192 0.053648 -0.019547
-0.305909 0.047926 -0.066290
-0.273233 0.043316 -0.052412
-0.279861 0.038338 -0.054731
-0.169768 -0.049842 -0.020987
-0.141193 -0.052766 -0.015172
-0.137870 -0.146969 -0.027340
-0.121267 -0.093158 -0.015621
-0.108199 -0.072559 -0.011305
-0.102159 -0.048071 -0.008475
-0.079225 -0.159590 -0.021287
-0.053018 -0.050203 -0.003533
-0.051362 -0.116076 -0.010728
-0.038074 -0.113028 -0.009463
-0.169650 -0.190320 -0.044269
-0.152093 -0.245206 -0.057206
-0.146199 -0.271562 -0.065742
-0.120858 -0.227713 -0.045293
-0.109706 -0.263822 -0.056048
-0.103997 -0.305105 -0.072132
-0.093069 -0.286403 -0.062541
-0.096603 -0.199298 -0.033155
-0.089226 -0.249317 -0.047872
-0.091287 -0.181202 -0.027724
-0.085853 -0.249426 -0.047494
-0.085229 -0.170160 -0.024336
-0.069019 -0.245907 -0.044432
-0.063151 -0.246649 -0.044144
-0.062408 -0.229725 -0.038441
-0.061374 -0.250240 -0.045242
-0.060203 -0.298166 -0.063867
-0.057226 -0.248873 -0.044417
-0.053298 -0.238785 -0.040666
-0.042103 -0.203095 -0.028997
-0.034465 -0.299389 -0.062637
-0.031828 -0.200964 -0.027884
0.104059 -0.170032 -0.026745
0.075196 -0.165204 -0.022104
-0.002267 -0.151847 -0.015404
0.024567 -0.072839 -0.003917
0.233727 -0.109195 -0.045358
0.287492 -0.076011 -0.060915
0.232709 -0.076043 -0.040720
0.189477 -0.041360 -0.025288
0.255323 -0.032676 -0.045151
0.267536 -0.028292 -0.049466
-0.156705 0.399983 -0.133847
0.209354 -0.360867 -0.125477
0.201813 -0.383285 -0.136336
-0.112660 0.406501 -0.128561
-0.052976 0.369281 -0.098413
0.080164 -0.361956 -0.097094
0.075381 -0.371309 -0.101748
0.031045 -0.370972 -0.097964
0.012702 -0.377585 -0.101121
-0.002783 -0.378816 -0.101715
0.093217 0.335055 -0.084705
0.023584 0.325846 -0.074201
-0.354362 0.061323 -0.090975
-0.320118 0.027457 -0.071639
-0.117068 -0.419446 -0.137954
-0.091914 -0.344289 -0.089211
0.328004 -0.039127 -0.075952
0.323641 -0.061813 -0.075546
0.322565 -0.031199 -0.072949
0.317546 -0.050747 -0.071771
FRAME 50 68
0.262304 0.008912 -0.046999
0.252432 0.034978 -0.044229
0.252236 0.040875 -0.044474
0.238565 0.095135 -0.044945
0.224442 0.121562 -0.044374
0.288157 0.170221 -0.078081
0.269636 0.250207 -0.095480
0.250207 0.195257 -0.069815
0.228068 0.167273 -0.054876
-0.069043 0.292294 -0.062191
-0.119866 0.229345 -0.045650
-0.141693 0.217609 -0.045977
-0.221170 0.320308 -0.107858
-0.207536 0.202038 -0.057658
-0.252094 -0.040960 -0.044429
-0.248328 -0.133337 -0.054485
-0.210669 -0.147810 -0.045131
-0.290177 -0.211233 -0.090591
-0.264561 -0.263430 -0.098574
-0.233383 -0.168022 -0.056807
0.062740 -0.310744 -0.069647
0.097655 -0.271308 -0.057125
0.100627 -0.270418 -0.057202
0.032630 -0.269508 -0.050402
0.079336 -0.260483 -0.050719
0.026899 -0.260881 -0.046929
0.040397 -0.254238 -0.045159
0.085789 -0.243133 -0.045303
0.189956 -0.229865 -0.061268
0.172093 0.084734 -0.024730
0.056776 0.134296 -0.014187
0.157155 0.243971 -0.057894
0.153824 0.246407 -0.058008
0.152629 0.190489 -0.040473
0.090671 0.188655 -0.029542
-0.138662 0.158018 -0.029806
-0.140474 0.060877 -0.015658
-0.216919 0.130796 -0.043679
-0.223839 0.122270 -0.044305
-0.271629 0.101779 -0.057838
-0.202027 0.104233 -0.034974
-0.111675 -0.099923 -0.014994
-0.062409 -0.080064 -0.006844
-0.169649 -0.190328 -0.044271
-0.152093 -0.245206 -0.057206
-0.120857 -0.227720 -0.045296
-0.069020 -0.245892 -0.044427
-0.061373 -0.250255 -0.045247
-0.057226 -0.248866 -0.044414
-0.041782 -0.290908 -0.059438
0.125685 -0.167152 -0.029489
0.113458 -0.166565 -0.027346
0.140556 -0.049113 -0.014800
0.152874 -0.048467 -0.017199
0.127367 -0.023299 -0.011166
0.139840 -0.023231 -0.013404
0.239460 -0.124103 -0.049725
0.233720 -0.109187 -0.045354
0.255323 -0.032685 -0.045151
-0.360661 -0.053513 -0.093691
0.080022 -0.437971 -0.144933
0.035118 -0.362958 -0.093715
0.046044 0.461956 -0.159251
0.036974 0.350298 -0.087035
-0.294681 -0.313847 -0.134485
-0.028023 -0.339764 -0.081196
0.357411 -0.039377 -0.090945
0.334801 -0.145190 -0.093866
FRAME 51 167
0.334202 -0.007048 -0.077883
0.323967 0.093014 -0.079259
0.312185 0.116281 -0.077323
0.290996 0.095526 -0.064790
0.280407 0.061149 -0.056569
0.252424 0.035003 -0.044228
0.252236 0.040875 -0.044474
0.238557 0.095143 -0.044943
0.241350 0.025810 -0.040008
0.237024 0.009870 -0.038169
0.225122 0.131696 -0.046394
0.224434 0.121562 -0.044372
0.226363 0.022482 -0.035020
0.225880 0.071308 -0.038050
0.267617 0.160616 -0.067406
-0.113633 0.275675 -0.061260
-0.006696 0.255566 -0.044520
-0.053402 0.250622 -0.044734
-0.119875 0.229344 -0.045651
-0.141693 0.217609 -0.045977
0.006532 0.215346 -0.031335
-0.174405 0.325920 -0.096489
-0.272351 0.265228 -0.102488
-0.155590 0.262613 -0.064334
-0.282825 0.231280 -0.094099
-0.245552 0.232595 -0.079843
-0.196158 0.230628 -0.063247
-0.235445 0.218372 -0.071559
-0.207536 0.202038 -0.057658
-0.315079 -0.037271 -0.069768
-0.299967 -0.102576 -0.069650
-0.279162 -0.056368 -0.055670
-0.276642 -0.102124 -0.059859
-0.252109 -0.040951 -0.044433
-0.251912 -0.031139 -0.043867
-0.213937 -0.136650 -0.043876
-0.210661 -0.147818 -0.045130
-0.233381 -0.168046 -0.056812
-0.220178 -0.178993 -0.055248
0.054367 -0.322296 -0.074274
0.105365 -0.299238 -0.069754
0.072033 -0.300248 -0.065900
0.058534 -0.291772 -0.061006
0.118262 -0.283280 -0.065100
0.035901 -0.273680 -0.052169
0.097629 -0.271338 -0.057133
0.100635 -0.270418 -0.057203
0.032630 -0.269508 -0.050402
0.079327 -0.260491 -0.050721
0.040397 -0.254238 -0.045159
0.085780 -0.243133 -0.045302
0.021160 -0.243741 -0.040665
0.084687 -0.227208 -0.039924
0.119126 -0.222987 -0.043506
0.149831 -0.289291 -0.073766
0.237705 -0.273849 -0.092603
0.259420 -0.271223 -0.099695
0.251774 -0.262652 -0.093266
0.163378 -0.246431 -0.060189
0.226087 -0.214829 -0.067298
0.159023 0.084878 -0.021795
0.159408 0.037011 -0.017917
0.045937 0.072815 -0.004916
0.168026 0.291490 -0.078958
0.157154 0.243978 -0.057896
0.153825 0.246400 -0.058005
0.157189 0.169766 -0.036258
0.125653 0.213041 -0.041587
0.111313 0.304521 -0.073023
0.105195 0.304231 -0.071926
0.103768 0.286768 -0.064211
0.099238 0.206403 -0.035509
0.088968 0.307075 -0.070895
0.086625 0.247548 -0.046930
0.078808 0.302124 -0.067460
0.072001 0.301589 -0.066481
0.026815 0.276469 -0.052854
-0.012979 0.146753 -0.014488
-0.011400 0.114345 -0.008781
-0.067636 0.069611 -0.006254
-0.233806 0.164152 -0.056029
-0.223847 0.122253 -0.044305
-0.302897 0.114662 -0.072855
-0.227982 0.117136 -0.044757
-0.271636 0.101779 -0.057841
-0.240140 0.072730 -0.042834
-0.166421 0.064557 -0.021367
-0.232988 0.058924 -0.039198
-0.224684 0.035130 -0.035001
-0.277376 0.023455 -0.053091
-0.228086 0.022317 -0.035558
-0.178470 -0.039367 -0.022414
-0.166625 -0.042232 -0.019793
-0.154550 -0.045307 -0.017347
-0.142336 -0.048502 -0.015100
-0.070208 -0.018596 -0.003495
-0.180436 -0.188453 -0.046428
-0.169634 -0.190313 -0.044264
-0.159876 -0.194625 -0.043172
-0.152134 -0.245174 -0.057204
-0.125009 -0.214645 -0.041954
-0.120858 -0.227713 -0.045293
-0.079766 -0.247812 -0.046218
-0.069003 -0.245900 -0.044428
-0.068477 -0.261934 -0.050119
-0.061373 -0.250255 -0.045247
-0.057775 -0.275639 -0.054391
-0.057226 -0.248866 -0.044414
-0.047196 -0.288900 -0.058948
-0.039879 -0.177388 -0.022179
-0.030095 -0.266642 -0.049203
0.166870 -0.163598 -0.037009
0.289008 -0.128119 -0.069241
0.233742 -0.109202 -0.045364
0.212062 -0.109368 -0.038624
0.214062 -0.080114 -0.035363
0.304672 -0.069131 -0.067543
0.203350 -0.066324 -0.030876
0.192588 -0.052629 -0.026828
0.223473 -0.051862 -0.035633
0.298503 -0.048128 -0.063069
0.280471 -0.045301 -0.055390
0.255367 -0.032684 -0.045167
0.454441 0.217007 -0.192045
0.379156 0.264999 -0.157962
-0.193194 0.355752 -0.117467
-0.377131 -0.238008 -0.145467
-0.356640 -0.186256 -0.115904
0.158499 -0.483897 -0.197091
0.227835 -0.376622 -0.141289
0.387623 0.020122 -0.107197
-0.097380 0.374426 -0.106444
-0.393432 -0.046344 -0.112053
-0.445187 -0.032464 -0.145770
0.102998 -0.484595 -0.184854
0.124315 -0.412972 -0.135018
0.122858 -0.423590 -0.141915
0.125522 -0.402255 -0.128266
0.126768 -0.391699 -0.121877
0.050787 -0.453267 -0.153008
0.032041 -0.375246 -0.100438
0.023102 -0.379204 -0.102342
0.087765 0.371349 -0.103316
0.167809 0.358420 -0.111811
0.050092 0.365712 -0.096197
0.033060 0.335100 -0.079096
0.046365 0.330691 -0.077710
-0.379075 0.053447 -0.104045
-0.353837 0.105916 -0.096321
-0.203583 -0.396333 -0.145181
-0.250473 -0.373289 -0.148098
-0.188643 -0.378178 -0.129095
-0.185668 -0.356514 -0.115662
-0.246130 -0.341130 -0.127777
-0.208486 -0.339940 -0.113676
-0.220500 -0.336878 -0.116078
-0.148841 -0.314600 -0.084836
0.327043 -0.225713 -0.112803
0.377405 -0.047166 -0.102594
0.372998 -0.037687 -0.099457
0.353434 -0.104141 -0.095823
0.331373 -0.135122 -0.090023
0.333356 -0.066100 -0.080655
0.332121 -0.043770 -0.078236
0.326675 -0.039791 -0.075352
0.320282 -0.045760 -0.072695
0.319126 -0.071436 -0.074357
FRAME 52 190
0.325580 0.011037 -0.073756
0.302144 0.053919 -0.065075
0.270019 0.116784 -0.059564
0.268901 0.076746 -0.053596
0.252432 0.034978 -0.044229
0.252236 0.040875 -0.044474
0.238565 0.095135 -0.044945
0.229133 0.094818 -0.041809
0.228887 0.003393 -0.035475
0.226865 0.065743 -0.037829
0.224481 0.121397 -0.044358
0.226481 0.016360 -0.034892
0.223518 0.080965 -0.038334
0.262771 0.221759 -0.082679
0.238754 0.188064 -0.063755
0.228242 0.219978 -0.069637
0.225265 0.159614 -0.052191
0.199987 0.206149 -0.056658
-0.069555 0.295096 -0.063428
-0.081922 0.289655 -0.062485
-0.051002 0.281369 -0.056143
-0.021067 0.273237 -0.051397
-0.137225 0.258469 -0.058909
-0.060056 0.239531 -0.041452
-0.119875 0.229337 -0.045649
-0.113334 0.226373 -0.043628
-0.094132 0.220879 -0.039124
-0.141693 0.217609 -0.045977
-0.151349 0.314151 -0.085187
-0.177637 0.247480 -0.064065
-0.216744 0.229483 -0.069023
-0.207535 0.202045 -0.057660
-0.263792 0.196019 -0.075138
-0.324042 -0.104478 -0.080969
-0.283246 -0.088523 -0.060652
-0.264151 -0.034355 -0.048462
-0.257850 -0.065291 -0.048316
-0.252094 -0.040960 -0.044429
-0.250542 -0.070511 -0.046197
-0.235973 -0.023657 -0.038144
-0.227312 -0.098523 -0.041728
-0.210669 -0.147810 -0.045131
-0.211882 0.005412 -0.030306
-0.292379 -0.172438 -0.080452
-0.282441 -0.239808 -0.096974
-0.249456 -0.259481 -0.091144
-0.253469 -0.217305 -0.077682
-0.236318 -0.182569 -0.061453
-0.233383 -0.168022 -0.056807
0.071989 -0.328604 -0.078932
0.117060 -0.317151 -0.079762
0.072099 -0.304418 -0.067735
0.024879 -0.292378 -0.059244
0.008091 -0.290808 -0.058191
0.091914 -0.272762 -0.056912
0.100002 -0.270601 -0.057183
0.144325 -0.267164 -0.063636
0.032638 -0.269507 -0.050403
0.021660 -0.264005 -0.047906
0.079336 -0.260483 -0.050719
-0.005699 -0.255710 -0.044562
0.040405 -0.254237 -0.045159
0.096218 -0.250204 -0.049101
0.085789 -0.243133 -0.045303
0.045504 -0.234733 -0.038791
0.118262 -0.209035 -0.039147
0.155121 -0.284539 -0.072951
0.218270 -0.258520 -0.079901
0.166020 -0.225672 -0.053804
0.199714 -0.206621 -0.056720
0.158640 -0.005215 -0.016843
0.143506 0.024247 -0.014136
0.139904 0.090684 -0.018606
0.131871 0.124507 -0.022067
0.067819 0.037010 -0.003957
0.064941 0.141751 -0.016247
0.063598 0.018738 -0.002912
0.052905 0.065398 -0.004693
0.031215 0.031439 -0.001299
0.173285 0.180511 -0.042593
0.165651 0.239679 -0.058372
0.162395 0.280010 -0.072770
0.157155 0.243971 -0.057894
0.153385 0.289318 -0.074568
0.153825 0.246400 -0.058005
0.153932 0.238673 -0.055350
0.145279 0.196434 -0.040550
0.144031 0.193263 -0.039436
0.124136 0.286421 -0.067429
0.120799 0.221657 -0.043372
0.107322 0.202322 -0.035510
0.088886 0.252861 -0.049086
0.077886 0.250305 -0.046884
0.077291 0.204707 -0.032345
0.062808 0.288697 -0.060096
0.061809 0.188790 -0.026555
0.050990 0.285655 -0.057879
0.048772 0.278631 -0.054890
0.045264 0.270366 -0.051429
0.026848 0.274317 -0.052014
0.004886 0.171469 -0.019710
-0.113068 0.149598 -0.023616
-0.115828 0.140443 -0.022236
-0.036871 0.137304 -0.013482
-0.033309 0.125856 -0.011290
0.007135 0.111788 -0.008341
-0.000875 0.104450 -0.007248
-0.038165 0.097615 -0.007298
-0.108339 0.088336 -0.013031
-0.034459 0.086041 -0.005701
-0.130664 0.082972 -0.016008
-0.100068 0.074534 -0.010364
-0.002880 0.064567 -0.002767
-0.066838 0.055508 -0.005007
-0.071793 0.025335 -0.003842
-0.292474 0.151554 -0.075506
-0.175624 0.134441 -0.033063
-0.223839 0.122270 -0.044305
-0.271172 0.114023 -0.059554
-0.242511 0.105748 -0.047783
-0.271636 0.101779 -0.057841
-0.190191 0.097028 -0.030764
-0.253610 0.071242 -0.047359
-0.215554 0.070130 -0.034768
-0.241898 0.053404 -0.041721
-0.305715 0.037087 -0.065537
-0.267715 0.036883 -0.049930
-0.173327 -0.101791 -0.027200
-0.152574 -0.130663 -0.027165
-0.139050 -0.135391 -0.025325
-0.123968 -0.068457 -0.013376
-0.114883 -0.106359 -0.016381
-0.091123 -0.126030 -0.016163
-0.088045 -0.156713 -0.021672
-0.042572 -0.134789 -0.013327
-0.028295 -0.055726 -0.002587
-0.175039 -0.207006 -0.050254
-0.169649 -0.190328 -0.044271
-0.157069 -0.266908 -0.066314
-0.161797 -0.176702 -0.038952
-0.145078 -0.214496 -0.045713
-0.132462 -0.265549 -0.060651
-0.128677 -0.262566 -0.058810
-0.120866 -0.227712 -0.045294
-0.116548 -0.210378 -0.039259
-0.114448 -0.244648 -0.049873
-0.105561 -0.202545 -0.035313
-0.085175 -0.223508 -0.038818
-0.071006 -0.260625 -0.049884
-0.069020 -0.245892 -0.044427
-0.061373 -0.250255 -0.045247
-0.060453 -0.232887 -0.039293
-0.057226 -0.248873 -0.044417
-0.045486 -0.237493 -0.039698
0.101799 -0.161074 -0.024397
0.139274 -0.156514 -0.029598
0.135882 -0.142509 -0.026083
0.080013 -0.090191 -0.009672
0.078362 -0.077612 -0.008085
0.028558 -0.068035 -0.003608
0.076303 -0.065105 -0.006681
0.154025 -0.058010 -0.018126
0.069922 -0.040120 -0.004309
0.171587 -0.150798 -0.035323
0.216760 -0.139626 -0.045308
0.192662 -0.138957 -0.038273
0.233727 -0.109186 -0.045357
0.167199 -0.111728 -0.027224
0.226933 -0.099439 -0.041735
0.243500 -0.084426 -0.045265
0.251603 -0.068267 -0.046352
0.239972 -0.058647 -0.041482
0.191937 -0.043046 -0.026028
0.255323 -0.032693 -0.045152
0.167224 -0.367766 -0.116945
-0.019043 0.358986 -0.090900
-0.400856 -0.007459 -0.115012
0.085029 -0.369356 -0.101825
0.077470 -0.434508 -0.142140
0.000644 -0.367082 -0.095058
0.042159 0.414804 -0.125307
-0.352393 0.181233 -0.112122
-0.411243 0.137297 -0.136606
-0.387936 0.044688 -0.108612
-0.366851 0.076834 -0.099407
-0.166763 -0.406231 -0.140542
-0.115345 -0.409589 -0.131061
-0.032676 -0.347665 -0.085441
0.396598 -0.050358 -0.114299
0.331899 -0.026326 -0.077226
FRAME 53 76
0.321221 0.025174 -0.072068
0.269789 0.003076 -0.049763
0.263625 0.072094 -0.051109
0.252417 0.034994 -0.044225
0.252236 0.040875 -0.044474
0.238557 0.095135 -0.044942
0.235646 0.100263 -0.044676
0.224449 0.121562 -0.044376
0.233553 0.187723 -0.061891
-0.066512 0.310715 -0.069989
0.002356 0.286699 -0.056451
-0.060381 0.285377 -0.058514
-0.072981 0.260532 -0.050051
-0.009283 0.253173 -0.043694
-0.084818 0.235987 -0.042783
-0.119891 0.229344 -0.045654
-0.141693 0.217609 -0.045977
-0.207535 0.202045 -0.057660
-0.275593 0.193701 -0.079160
-0.214144 0.197991 -0.058495
-0.252109 -0.040960 -0.044434
-0.210646 -0.147811 -0.045125
-0.240734 -0.165956 -0.058807
-0.233381 -0.168046 -0.056812
-0.220557 -0.240991 -0.074194
0.097629 -0.271331 -0.057130
0.100627 -0.270418 -0.057202
0.032638 -0.269500 -0.050400
0.081621 -0.267801 -0.053725
0.079335 -0.260498 -0.050724
0.040397 -0.254230 -0.045156
0.085780 -0.243141 -0.045305
0.178735 -0.296158 -0.083741
0.168949 -0.290312 -0.078682
0.196888 -0.231934 -0.063890
0.187048 -0.225628 -0.059095
0.177353 -0.219110 -0.054497
0.118650 0.098291 -0.015860
0.097042 0.058034 -0.008500
0.157147 0.243971 -0.057892
0.153816 0.246408 -0.058006
0.126154 0.275954 -0.063534
-0.052760 0.044860 -0.003177
-0.294956 0.161996 -0.078990
-0.280670 0.121140 -0.064534
-0.223847 0.122261 -0.044306
-0.271636 0.101779 -0.057841
-0.300381 0.094110 -0.068619
-0.239103 0.095091 -0.045119
-0.287544 0.059900 -0.059363
-0.055546 -0.123069 -0.012151
-0.042789 -0.148329 -0.015923
-0.169658 -0.190319 -0.044271
-0.152126 -0.245182 -0.057205
-0.141035 -0.214955 -0.045038
-0.120867 -0.227697 -0.045290
-0.069054 -0.245883 -0.044427
-0.061373 -0.250255 -0.045247
-0.057302 -0.299706 -0.064286
-0.057226 -0.248866 -0.044414
-0.048247 -0.194731 -0.027094
0.276117 -0.108078 -0.060550
0.233720 -0.109187 -0.045354
0.206847 -0.107980 -0.036894
0.297181 -0.086403 -0.066221
0.255323 -0.032685 -0.045151
-0.184216 0.372968 -0.124675
-0.152228 0.406662 -0.137072
-0.077095 0.371352 -0.101972
0.002188 0.407432 -0.119130
0.013723 -0.420836 -0.128048
0.004146 -0.414403 -0.123651
0.047717 0.399773 -0.116069
-0.025415 -0.321737 -0.072319
0.368880 -0.059386 -0.098735
0.317328 -0.066351 -0.073006
FRAME 54 55
0.266781 0.001094 -0.048616
0.259449 -0.008091 -0.045940
0.252432 0.034986 -0.044230
0.252236 0.040875 -0.044474
0.238557 0.095135 -0.044942
0.224442 0.121562 -0.044374
0.315478 0.178334 -0.092476
-0.119866 0.229345 -0.045650
-0.141693 0.217609 -0.045977
-0.207536 0.202038 -0.057658
-0.252109 -0.040960 -0.044434
-0.210692 -0.147808 -0.045138
-0.233380 -0.168069 -0.056817
0.092851 -0.299640 -0.068125
0.010239 -0.284411 -0.055589
0.097663 -0.271308 -0.057126
0.100627 -0.270418 -0.057202
0.032630 -0.269508 -0.050402
0.079336 -0.260483 -0.050719
0.126258 -0.255098 -0.055604
0.040405 -0.254237 -0.045159
0.081243 -0.252155 -0.047916
0.085788 -0.243141 -0.045305
0.155107 -0.299862 -0.079532
0.266562 -0.276015 -0.104570
0.157155 0.243971 -0.057894
0.153824 0.246407 -0.058008
-0.146660 0.145337 -0.028730
-0.263032 0.138640 -0.060899
-0.210302 0.123766 -0.040447
-0.223839 0.122262 -0.044304
-0.271636 0.101779 -0.057841
-0.142123 -0.064182 -0.016252
-0.101791 -0.009339 -0.006939
-0.098164 -0.111748 -0.014770
-0.169650 -0.190320 -0.044269
-0.152093 -0.245206 -0.057206
-0.120858 -0.227713 -0.045293
-0.121244 -0.163997 -0.028018
-0.090272 -0.186671 -0.028980
-0.069021 -0.245869 -0.044419
-0.061373 -0.250255 -0.045247
-0.057226 -0.248866 -0.044414
-0.053818 -0.306605 -0.067034
0.041272 -0.030373 -0.001738
0.203946 -0.128400 -0.039425
0.245840 -0.113467 -0.050128
0.233727 -0.109186 -0.045357
0.270484 -0.100752 -0.057245
0.301943 -0.078561 -0.067352
0.255323 -0.032685 -0.045151
0.077341 0.324020 -0.077316
-0.237097 -0.318363 -0.112544
-0.099720 -0.366344 -0.102206
0.321248 -0.200851 -0.101739
FRAME 55 262
0.310270 0.021805 -0.066918
0.302077 0.098203 -0.069936
0.287166 0.009805 -0.056707
0.286914 0.007149 -0.056572
0.260510 0.117659 -0.056099
0.258520 0.119033 -0.055594
0.257234 0.011425 -0.045181
0.252432 0.035003 -0.044230
0.252236 0.040875 -0.044474
0.251835 0.026446 -0.043650
0.243526 0.111680 -0.049043
0.244110 0.057799 -0.042816
0.239527 0.150358 -0.054866
0.238552 0.095077 -0.044933
0.239073 0.097561 -0.045444
0.238843 -0.007474 -0.038743
0.224442 0.121562 -0.044374
0.223349 0.035350 -0.034597
0.210169 0.042965 -0.031060
0.203082 0.146075 -0.042570
0.319342 0.149980 -0.087333
0.287953 0.210459 -0.089381
0.269007 0.203973 -0.079528
0.212301 0.159710 -0.048196
0.202155 0.221126 -0.061874
0.193861 0.290221 -0.085345
0.193859 0.269384 -0.076711
-0.057602 0.328980 -0.077739
-0.107601 0.296841 -0.069061
-0.061432 0.286650 -0.059128
-0.006897 0.273155 -0.051085
-0.068909 0.267675 -0.052317
-0.083029 0.257385 -0.050007
-0.051565 0.255640 -0.046385
-0.094465 0.250971 -0.049136
-0.124862 0.245484 -0.051930
-0.064519 0.243810 -0.043289
-0.094799 0.238488 -0.044874
-0.137896 0.234808 -0.050722
-0.119875 0.229344 -0.045651
-0.141693 0.217609 -0.045977
-0.059900 0.211680 -0.032702
-0.030153 0.212074 -0.030969
-0.129171 0.206011 -0.040154
-0.157466 0.316908 -0.087896
-0.193418 0.280633 -0.081152
-0.219508 0.276559 -0.087479
-0.207255 0.243688 -0.070988
-0.225799 0.235644 -0.074041
-0.270519 0.229044 -0.088206
-0.279767 0.226450 -0.091137
-0.208051 0.215822 -0.061947
-0.207543 0.202037 -0.057660
-0.322718 -0.039129 -0.073429
-0.294415 -0.020302 -0.059954
-0.286230 -0.044774 -0.057689
-0.277535 -0.056839 -0.055063
-0.252117 -0.040943 -0.044436
-0.239358 0.003504 -0.038884
-0.221545 -0.150572 -0.049026
-0.210690 -0.147841 -0.045144
-0.260560 -0.273887 -0.101254
-0.269331 -0.156337 -0.067090
-0.251934 -0.284816 -0.102542
-0.261427 -0.160146 -0.064925
-0.238662 -0.185053 -0.062912
-0.223161 -0.289803 -0.094330
-0.233404 -0.168044 -0.056819
-0.227836 -0.221739 -0.070069
-0.220022 -0.205775 -0.062587
-0.221377 -0.177234 -0.055179
-0.192909 -0.296635 -0.087880
-0.001372 -0.325061 -0.073421
0.072068 -0.311435 -0.070877
0.067148 -0.303754 -0.066942
0.120978 -0.295667 -0.070781
0.134520 -0.292573 -0.071978
0.091396 -0.278979 -0.059301
0.014974 -0.276080 -0.052350
0.097646 -0.271316 -0.057127
0.100627 -0.270418 -0.057202
0.032630 -0.269508 -0.050402
0.079335 -0.260491 -0.050722
0.136135 -0.253507 -0.056878
0.121427 -0.253094 -0.054026
0.040405 -0.254230 -0.045157
0.145572 -0.248630 -0.057027
0.092349 -0.244391 -0.046557
0.085780 -0.243141 -0.045305
0.013552 -0.241749 -0.039806
0.045744 -0.237857 -0.039835
0.039300 -0.234373 -0.038306
0.119011 -0.227044 -0.044768
0.011062 -0.214599 -0.031169
0.145622 -0.209077 -0.044210
0.159716 -0.327398 -0.093509
0.182141 -0.288265 -0.081231
0.173842 -0.260011 -0.067704
0.226045 -0.252604 -0.080219
0.209955 -0.249056 -0.073746
0.264165 -0.226946 -0.084956
0.171125 -0.234617 -0.057972
0.190615 -0.219912 -0.058235
0.224406 -0.212421 -0.066003
0.293263 -0.199394 -0.088296
0.181756 0.049717 -0.023850
0.159088 0.072746 -0.020509
0.125484 0.083310 -0.015150
0.094374 0.117134 -0.015110
0.077876 0.037896 -0.004975
0.062112 0.128553 -0.013598
0.157163 0.243970 -0.057895
0.153824 0.246415 -0.058010
0.146065 0.230899 -0.051076
0.134879 0.270551 -0.063047
0.137857 0.165764 -0.031381
0.119116 0.206874 -0.038662
0.098894 0.253567 -0.050670
0.081940 0.191055 -0.029132
0.079526 0.214463 -0.035418
0.059755 0.229966 -0.038292
0.052155 0.166503 -0.020401
-0.041409 0.151369 -0.016460
-0.128583 0.120272 -0.020779
-0.031601 0.118851 -0.010066
0.002831 0.088818 -0.005239
-0.016718 0.085446 -0.005028
-0.136835 0.072162 -0.015990
-0.033331 0.046787 -0.002185
-0.008143 0.044064 -0.001329
-0.206708 0.139882 -0.042371
-0.251744 0.133285 -0.055693
-0.223839 0.122270 -0.044305
-0.250815 0.119339 -0.052851
-0.248996 0.107055 -0.050233
-0.271636 0.101770 -0.057840
-0.251169 0.095336 -0.049324
-0.247026 0.094852 -0.047800
-0.242377 0.071845 -0.043501
-0.301451 0.066904 -0.065908
-0.228920 0.055187 -0.037593
-0.206632 0.026959 -0.029274
-0.166001 -0.138285 -0.031517
-0.164003 -0.097223 -0.024425
-0.150135 -0.070432 -0.018405
-0.142979 0.000691 -0.013638
-0.142312 -0.031445 -0.014176
-0.134718 -0.125232 -0.022707
-0.120509 -0.004712 -0.009678
-0.111624 0.004184 -0.008294
-0.104966 -0.098477 -0.013822
-0.088531 -0.030708 -0.005827
-0.076480 -0.093048 -0.009652
-0.044685 -0.154771 -0.017355
-0.177190 -0.233470 -0.059101
-0.169657 -0.190327 -0.044273
-0.159579 -0.297020 -0.079318
-0.161543 -0.261317 -0.065209
-0.158913 -0.219716 -0.050282
-0.159928 -0.192444 -0.042593
-0.152116 -0.245205 -0.057211
-0.147830 -0.241650 -0.055057
-0.132654 -0.283744 -0.067909
-0.135877 -0.230042 -0.048763
-0.131671 -0.240933 -0.051598
-0.129841 -0.266454 -0.060503
-0.128481 -0.260101 -0.057852
-0.126998 -0.229490 -0.046937
-0.125147 -0.174984 -0.031242
-0.120866 -0.227705 -0.045292
-0.100951 -0.306322 -0.072219
-0.102348 -0.262913 -0.054594
-0.101290 -0.166057 -0.025441
-0.098504 -0.238546 -0.045397
-0.075084 -0.300568 -0.066364
-0.073607 -0.187405 -0.027293
-0.069021 -0.245869 -0.044419
-0.061382 -0.250254 -0.045248
-0.057234 -0.248866 -0.044415
-0.046428 -0.295664 -0.061737
-0.042717 -0.280103 -0.055081
-0.039648 -0.247252 -0.042658
-0.035478 -0.183610 -0.023484
0.144097 -0.153914 -0.029983
0.010584 -0.131609 -0.011614
0.036883 -0.114167 -0.009577
0.090118 -0.106541 -0.012985
0.022708 -0.088979 -0.005596
0.133664 -0.075962 -0.015791
0.033444 -0.074596 -0.004431
0.087308 -0.066856 -0.008037
0.018609 -0.057441 -0.002414
0.100442 -0.056584 -0.008838
0.005006 -0.052379 -0.001833
0.139091 -0.046894 -0.014381
0.111981 -0.037114 -0.009257
0.246756 -0.157059 -0.058852
0.221918 -0.159199 -0.051035
0.255289 -0.153919 -0.061227
0.273431 -0.151993 -0.067733
0.222334 -0.129748 -0.045158
0.233743 -0.109186 -0.045362
0.278193 -0.095074 -0.059479
0.303526 -0.088838 -0.069299
0.209053 -0.092451 -0.035370
0.241449 -0.088521 -0.045064
0.269213 -0.087401 -0.054962
0.204107 -0.065565 -0.031020
0.220218 -0.041430 -0.033958
0.255323 -0.032685 -0.045151
0.401446 0.227380 -0.157025
-0.193942 0.357737 -0.118804
-0.182568 0.367062 -0.120748
0.165011 -0.366886 -0.115865
-0.120188 0.431620 -0.146997
-0.067878 0.363742 -0.096698
-0.018213 0.362644 -0.092863
-0.004927 0.399464 -0.114120
-0.003083 0.386426 -0.106180
-0.429474 -0.001539 -0.133772
-0.388709 -0.001384 -0.107537
0.117849 -0.368540 -0.106469
0.107698 -0.360752 -0.100366
0.005325 -0.373482 -0.098672
0.000945 -0.418932 -0.126628
0.217858 0.356631 -0.125948
0.063806 0.412062 -0.125329
0.119989 0.378516 -0.112623
0.107607 0.376566 -0.109299
0.123466 0.359625 -0.102529
0.049215 0.345267 -0.085212
0.116494 0.328734 -0.085216
-0.329058 0.189480 -0.102229
-0.315428 0.279680 -0.128386
-0.324437 0.182911 -0.098064
-0.306834 0.231676 -0.105017
-0.374145 0.091510 -0.105429
-0.349883 0.147696 -0.102267
-0.345931 0.124258 -0.095329
-0.343938 0.111978 -0.092102
-0.340975 0.085508 -0.086662
-0.338967 0.073110 -0.084179
-0.334363 0.036447 -0.078905
-0.080889 -0.419924 -0.132511
-0.065524 -0.413802 -0.126645
-0.022019 -0.364175 -0.093818
-0.074908 -0.358921 -0.094820
-0.044770 -0.338374 -0.081400
-0.038922 -0.333166 -0.078453
-0.104899 -0.321309 -0.079730
-0.135552 -0.317302 -0.083295
-0.077669 -0.319258 -0.075101
0.366977 -0.224854 -0.134400
0.342442 -0.290768 -0.147877
0.344718 -0.205525 -0.115269
0.379928 -0.073018 -0.106443
0.364177 -0.036810 -0.094476
0.327871 -0.112608 -0.084131
0.320066 -0.165143 -0.091262
0.323295 -0.055686 -0.074853
0.320316 -0.066213 -0.074388
0.317936 -0.067891 -0.073440
FRAME 56 155
0.319701 0.090100 -0.076841
0.315872 0.010612 -0.069203
0.252432 0.034986 -0.044230
0.252236 0.040875 -0.044474
0.238565 0.095135 -0.044945
0.224442 0.121562 -0.044374
0.216014 0.295409 -0.094437
0.216894 0.283580 -0.089569
0.221451 0.162056 -0.051539
-0.030970 0.336660 -0.079771
-0.060348 0.334320 -0.080594
-0.000331 0.315834 -0.069103
0.000566 0.304462 -0.063990
0.001460 0.292978 -0.059054
0.002275 0.281194 -0.054221
-0.116645 0.271995 -0.060309
0.003092 0.269291 -0.049573
0.008074 0.256846 -0.044995
-0.083385 0.250030 -0.047412
-0.065334 0.244373 -0.043556
-0.024308 0.243598 -0.040717
-0.053473 0.241218 -0.041496
-0.119865 0.229368 -0.045657
-0.141693 0.217609 -0.045977
-0.173016 0.321672 -0.094044
-0.274581 0.243279 -0.094929
-0.273418 0.231358 -0.090187
-0.175067 0.225682 -0.056007
-0.207543 0.202045 -0.057662
-0.334134 -0.134764 -0.091331
-0.282356 -0.032460 -0.055435
-0.252109 -0.040960 -0.044434
-0.251134 -0.052971 -0.044882
-0.210692 -0.147808 -0.045138
-0.306460 -0.154291 -0.082306
-0.291445 -0.247180 -0.103650
-0.245291 -0.201402 -0.069816
-0.241398 -0.184792 -0.063791
-0.237674 -0.168083 -0.058267
-0.233380 -0.168069 -0.056817
-0.222547 -0.243380 -0.075690
0.135994 -0.330404 -0.089720
0.126805 -0.284765 -0.067228
0.097646 -0.271316 -0.057127
0.100619 -0.270412 -0.057198
0.032638 -0.269507 -0.050403
0.014897 -0.268280 -0.049339
0.079335 -0.260491 -0.050722
0.040397 -0.254230 -0.045156
0.018573 -0.251793 -0.043386
0.085788 -0.243141 -0.045305
-0.006811 -0.238019 -0.038462
0.022450 -0.235149 -0.037836
0.109270 -0.215573 -0.039656
0.166945 -0.285808 -0.076275
0.062580 0.136719 -0.015097
0.034679 0.122418 -0.010779
0.153359 0.301478 -0.079851
0.157133 0.243950 -0.057882
0.153825 0.246400 -0.058005
0.144596 0.301522 -0.077944
0.141710 0.249781 -0.056644
0.101727 0.306409 -0.072373
0.098302 0.182179 -0.028881
0.087893 0.249180 -0.047657
0.077146 0.302876 -0.067602
-0.021683 0.156864 -0.016764
-0.050831 0.154174 -0.017628
-0.022850 0.105295 -0.007714
-0.051993 0.102796 -0.008825
-0.121647 0.081830 -0.014346
-0.113290 0.069117 -0.011734
0.004276 0.068030 -0.003078
-0.014073 0.042476 -0.001325
-0.228979 0.158910 -0.053231
-0.237270 0.151607 -0.054368
-0.300236 0.139730 -0.076355
-0.223839 0.122262 -0.044304
-0.271616 0.101755 -0.057829
-0.257671 0.096811 -0.051869
-0.240185 0.060168 -0.041681
-0.273921 0.052549 -0.053309
-0.209531 0.039627 -0.030685
-0.169995 -0.152991 -0.035408
-0.159868 -0.091791 -0.022811
-0.180440 -0.188515 -0.046445
-0.169649 -0.190328 -0.044271
-0.158517 -0.244978 -0.058555
-0.152093 -0.245206 -0.057206
-0.146003 -0.274019 -0.066672
-0.147324 -0.195513 -0.040716
-0.143337 -0.178504 -0.035480
-0.120851 -0.227690 -0.045285
-0.106593 -0.284247 -0.063601
-0.069037 -0.245869 -0.044420
-0.061382 -0.250247 -0.045245
-0.057218 -0.248858 -0.044411
-0.047741 -0.278113 -0.054613
0.151053 -0.122849 -0.025491
0.097489 -0.123496 -0.016547
0.083162 -0.046367 -0.006017
0.134919 -0.036149 -0.013010
0.172631 -0.153408 -0.036123
0.200663 -0.138728 -0.040424
0.233727 -0.109186 -0.045357
0.179137 -0.108616 -0.029593
0.209969 -0.065899 -0.032725
0.280095 -0.048249 -0.055437
0.255323 -0.032693 -0.045152
0.389865 0.182497 -0.134455
0.369868 0.164273 -0.117393
0.366941 0.160737 -0.114810
0.455409 0.028584 -0.153161
0.363741 0.017886 -0.093455
-0.076444 0.376173 -0.104655
-0.072131 0.411543 -0.125887
-0.051167 0.359153 -0.092687
-0.027303 0.374975 -0.100069
-0.357550 -0.074212 -0.094000
-0.426899 -0.020593 -0.132342
0.099682 -0.366243 -0.102144
0.081617 -0.374751 -0.104463
0.066705 -0.385298 -0.108931
0.046228 -0.445552 -0.146925
0.040262 -0.360760 -0.092808
0.037780 -0.366564 -0.095850
0.025140 -0.426291 -0.132092
0.006470 -0.380838 -0.102915
0.090085 0.453321 -0.157655
0.215051 0.307527 -0.099664
0.077112 0.392432 -0.114395
0.046702 0.386578 -0.107942
0.080339 0.343051 -0.087082
0.055228 0.337422 -0.081699
0.060106 0.335371 -0.081093
0.047390 0.334784 -0.079791
-0.308984 0.246875 -0.111651
-0.307878 0.235074 -0.106729
-0.408999 0.097658 -0.127671
-0.377790 0.116696 -0.111592
-0.348763 0.029715 -0.085873
-0.328407 0.041819 -0.076307
-0.316508 0.042994 -0.070760
-0.268314 -0.378558 -0.159062
-0.220283 -0.344999 -0.120342
-0.122790 -0.338856 -0.091402
-0.059184 -0.323044 -0.075029
-0.106220 -0.317639 -0.078204
0.364575 -0.186786 -0.120543
0.333529 -0.229460 -0.117475
0.379768 -0.069229 -0.105935
0.368751 -0.151292 -0.113552
0.366726 -0.059234 -0.097518
0.332367 -0.076705 -0.081289
0.322545 -0.031224 -0.072940
FRAME 57 351
0.317193 0.060610 -0.072410
0.310187 0.097496 -0.073461
0.299815 -0.007923 -0.062010
0.289420 0.123019 -0.068483
0.284499 0.093777 -0.061853
0.282159 0.018701 -0.054854
0.264464 0.015618 -0.047918
0.252439 0.034986 -0.044232
0.252236 0.040884 -0.044474
0.249512 0.051923 -0.044234
0.242204 0.089349 -0.045424
0.243830 -0.007213 -0.040419
0.238565 0.095135 -0.044945
0.233682 0.127678 -0.048429
0.224442 0.121562 -0.044374
0.223648 0.115856 -0.043174
0.314207 0.220607 -0.104689
0.296822 0.179637 -0.084275
0.240575 0.262072 -0.088892
0.231466 0.238815 -0.077049
0.233244 0.214292 -0.069520
0.224324 0.245346 -0.076981
-0.009135 0.312063 -0.067443
-0.036679 0.305307 -0.065335
0.000468 0.292641 -0.058911
-0.059880 0.277635 -0.055355
-0.088010 0.274455 -0.057073
-0.081083 0.269897 -0.054466
-0.096936 0.266741 -0.055270
-0.029254 0.265724 -0.048822
-0.045770 0.263131 -0.048728
-0.116533 0.259688 -0.055606
-0.044285 0.256426 -0.046177
-0.075066 0.250806 -0.046757
-0.007286 0.243361 -0.040261
-0.118791 0.240210 -0.049067
-0.050880 0.238263 -0.040317
0.003291 0.236461 -0.037923
-0.014920 0.236762 -0.038170
-0.108574 0.233929 -0.045329
-0.119897 0.229374 -0.045665
-0.098890 0.227579 -0.041864
-0.133952 0.220652 -0.045413
-0.141693 0.217609 -0.045977
-0.201221 0.253328 -0.072688
-0.273914 0.241547 -0.094018
-0.214924 0.247279 -0.074646
-0.205338 0.241086 -0.069493
-0.195650 0.234895 -0.064537
-0.185696 0.228592 -0.059699
-0.175543 0.222332 -0.055056
-0.207529 0.202031 -0.057654
-0.334090 -0.137380 -0.091844
-0.336663 -0.003200 -0.079071
-0.323188 -0.002786 -0.072537
-0.314079 -0.098577 -0.075398
-0.294499 -0.143330 -0.074598
-0.281096 -0.115223 -0.063697
-0.274420 -0.142762 -0.066153
-0.275342 -0.132820 -0.064537
-0.265223 -0.135518 -0.061115
-0.263200 -0.006730 -0.047307
-0.253533 -0.109951 -0.052295
-0.251475 -0.083996 -0.047995
-0.252095 -0.040943 -0.044428
-0.239597 -0.053017 -0.040917
-0.237292 -0.020757 -0.038489
-0.236211 -0.013468 -0.037959
-0.210669 -0.147810 -0.045131
-0.301144 -0.279213 -0.121207
-0.287002 -0.155323 -0.074028
-0.268185 -0.246347 -0.093442
-0.261974 -0.194277 -0.073939
-0.250211 -0.246802 -0.086618
-0.236497 -0.232859 -0.076715
-0.233383 -0.168022 -0.056807
-0.221066 -0.265384 -0.083476
-0.219002 -0.172170 -0.053174
0.043310 -0.311930 -0.068685
0.072611 -0.305628 -0.068325
0.055187 -0.304316 -0.066129
-0.007257 -0.295540 -0.060172
0.124247 -0.276586 -0.063441
0.049896 -0.277860 -0.054663
0.099993 -0.270609 -0.057184
0.004530 -0.270089 -0.049885
0.007530 -0.269621 -0.049732
0.032630 -0.269508 -0.050402
0.079335 -0.260491 -0.050722
0.079216 -0.253510 -0.048170
0.040397 -0.254238 -0.045159
0.044285 -0.251196 -0.044310
0.133299 -0.247810 -0.054294
0.109800 -0.245629 -0.049476
0.085780 -0.243133 -0.045302
-0.000848 -0.243866 -0.040396
0.094439 -0.239974 -0.045326
0.144105 -0.230108 -0.050414
0.109000 -0.228596 -0.043662
0.091334 -0.227964 -0.040981
0.073797 -0.227135 -0.038697
0.036606 -0.226815 -0.035741
0.056132 -0.225470 -0.036576
0.004666 -0.224930 -0.034237
0.011909 -0.219868 -0.032762
-0.005259 -0.209633 -0.029653
0.047961 -0.207485 -0.030600
0.138238 -0.204201 -0.041330
0.178049 -0.326766 -0.097883
0.153610 -0.324251 -0.090525
0.160475 -0.309784 -0.085276
0.267483 -0.282282 -0.107639
0.172776 -0.284495 -0.077182
0.219503 -0.259422 -0.080645
0.289740 -0.240951 -0.100568
0.278521 -0.221774 -0.089042
0.161386 -0.231272 -0.054546
0.205066 -0.227274 -0.064719
0.293739 -0.199647 -0.088581
0.251081 -0.203427 -0.072512
0.287399 -0.198753 -0.085562
0.276552 -0.199589 -0.081264
0.233680 -0.203263 -0.066323
0.172501 -0.206311 -0.049427
0.190834 -0.205666 -0.053965
0.180951 0.087079 -0.027147
0.163759 0.088140 -0.023221
0.154046 0.050743 -0.017595
0.149677 0.150261 -0.030347
0.146176 0.088753 -0.019587
0.139716 0.139829 -0.026288
0.136365 0.051830 -0.014203
0.129006 0.126279 -0.021861
0.118214 0.112309 -0.017787
0.075852 0.135156 -0.016051
0.064990 0.087005 -0.007837
0.064347 0.023233 -0.003101
0.063510 -0.003844 -0.002681
0.059121 0.034812 -0.003118
0.056392 0.060947 -0.004572
0.055649 -0.003805 -0.002060
0.043776 -0.006850 -0.001299
0.030999 0.142848 -0.014260
0.173605 0.167836 -0.039583
0.162797 0.261232 -0.065470
0.157155 0.243971 -0.057894
0.153824 0.246407 -0.058008
0.155866 0.168546 -0.035684
0.140306 0.226139 -0.048370
0.138448 0.169530 -0.032365
0.120925 0.170260 -0.029403
0.111212 0.262663 -0.055850
0.108705 0.270705 -0.058523
0.082883 0.270577 -0.054938
0.081298 0.294673 -0.064528
0.075455 0.221821 -0.037209
0.065876 0.270699 -0.053183
0.064780 0.254953 -0.047221
0.047978 0.304506 -0.065674
0.038219 0.278005 -0.053988
0.030997 0.229031 -0.036179
0.030554 0.186147 -0.023903
0.025638 0.298724 -0.061968
-0.087703 0.177093 -0.026275
-0.060801 0.170492 -0.021980
-0.110385 0.168550 -0.027331
-0.145107 0.159886 -0.031476
-0.149597 0.142483 -0.028764
-0.098025 0.140486 -0.019656
-0.154814 0.123037 -0.026311
-0.040612 0.122052 -0.011019
-0.033627 0.120025 -0.010342
-0.006019 0.112391 -0.008422
-0.028041 0.105255 -0.007885
-0.137577 0.078688 -0.016793
-0.015863 0.075936 -0.003989
0.011410 0.068975 -0.003238
-0.272928 0.166815 -0.070973
-0.164972 0.172120 -0.038561
-0.234545 0.141341 -0.051316
-0.164511 0.129085 -0.029483
-0.223839 0.122270 -0.044305
-0.271989 0.113603 -0.059804
-0.302999 0.108643 -0.071918
-0.271629 0.101771 -0.057837
-0.194619 0.104342 -0.032956
-0.184468 0.098402 -0.029472
-0.273612 0.088909 -0.056856
-0.234074 0.086041 -0.042300
-0.292804 0.080459 -0.063636
-0.283170 0.073902 -0.058917
-0.187284 0.074394 -0.027342
-0.273262 0.067468 -0.054327
-0.196810 0.029736 -0.026662
-0.226433 0.024889 -0.035121
-0.256079 0.023496 -0.045061
-0.186401 -0.009334 -0.023390
-0.169274 -0.103548 -0.026496
-0.158479 -0.036094 -0.017672
-0.141118 -0.024878 -0.013699
-0.131822 -0.156239 -0.028150
-0.120105 -0.130456 -0.021082
-0.111594 -0.003744 -0.008288
-0.105030 -0.094338 -0.013293
-0.092486 -0.137631 -0.018402
-0.086850 -0.072129 -0.008474
-0.086641 -0.043786 -0.006256
-0.083133 -0.002985 -0.004589
-0.078392 -0.080212 -0.008363
-0.076349 -0.048405 -0.005422
-0.065023 -0.144641 -0.016813
-0.056576 -0.030636 -0.002742
-0.048945 -0.055496 -0.003629
-0.043788 0.006448 -0.001296
-0.037437 -0.151752 -0.016327
-0.035524 -0.078426 -0.004916
-0.181092 -0.169429 -0.041814
-0.180442 -0.188484 -0.046438
-0.176993 -0.227034 -0.056929
-0.169649 -0.190328 -0.044271
-0.156753 -0.284186 -0.073177
-0.152095 -0.245177 -0.057196
-0.147285 -0.196704 -0.041034
-0.143521 -0.182056 -0.036406
-0.134740 -0.266986 -0.061639
-0.134294 -0.269566 -0.062549
-0.133310 -0.187632 -0.035875
-0.128010 -0.214582 -0.042466
-0.120858 -0.227705 -0.045291
-0.112307 -0.246752 -0.050261
-0.108563 -0.245184 -0.049130
-0.100744 -0.221738 -0.040288
-0.084904 -0.253776 -0.048925
-0.081755 -0.295987 -0.065143
-0.079536 -0.280602 -0.058498
-0.078341 -0.254932 -0.048583
-0.074134 -0.307312 -0.069238
-0.073230 -0.228722 -0.039143
-0.069003 -0.245900 -0.044428
-0.061374 -0.250247 -0.045245
-0.057234 -0.248858 -0.044412
-0.046031 -0.276436 -0.053837
-0.042408 -0.275269 -0.053151
-0.041745 -0.285613 -0.057248
-0.040089 -0.267366 -0.049972
-0.033597 -0.210077 -0.030539
0.150588 -0.176854 -0.036553
0.105562 -0.175583 -0.028277
0.052717 -0.167681 -0.020709
0.007511 -0.159987 -0.017154
0.091306 -0.151918 -0.021063
0.134601 -0.145654 -0.026466
0.099551 -0.143743 -0.020489
0.082268 -0.140160 -0.017668
0.101740 -0.112031 -0.015295
0.021794 -0.102631 -0.007313
0.086255 -0.079596 -0.009163
0.068502 -0.078612 -0.007222
0.023578 -0.070840 -0.003694
0.103057 -0.055468 -0.009110
0.088239 -0.047798 -0.006687
0.025546 -0.039177 -0.001448
0.203463 -0.174972 -0.049209
0.187017 -0.147980 -0.038584
0.169574 -0.147307 -0.034126
0.179575 -0.136474 -0.034415
0.266819 -0.114413 -0.057939
0.206731 -0.117501 -0.038355
0.224213 -0.117051 -0.043546
0.189212 -0.116392 -0.033360
0.249869 -0.113839 -0.051604
0.292522 -0.110136 -0.067612
0.233735 -0.109178 -0.045358
0.267063 -0.097126 -0.055419
0.226391 -0.085951 -0.039816
0.268953 -0.082956 -0.054322
0.294802 -0.078665 -0.064278
0.189341 -0.066733 -0.027131
0.282267 -0.063930 -0.057566
0.228371 -0.053723 -0.037307
0.271223 -0.050682 -0.052127
0.296794 -0.046929 -0.062253
0.255307 -0.032710 -0.045147
-0.259117 0.339154 -0.131941
-0.378386 -0.202343 -0.133506
-0.380841 -0.162538 -0.123424
-0.390338 -0.156655 -0.127741
0.274511 -0.354763 -0.147384
0.231988 -0.358434 -0.132042
0.202316 -0.383104 -0.136388
0.194239 -0.402988 -0.146494
0.408069 0.084810 -0.125207
0.380272 0.072328 -0.106567
0.358395 0.064681 -0.093458
0.416189 0.030380 -0.125543
0.406398 0.010210 -0.118548
-0.103926 0.359332 -0.098979
-0.463109 -0.011057 -0.158471
-0.394714 -0.015119 -0.111348
0.099494 -0.475883 -0.176966
0.101444 -0.358154 -0.097950
0.029494 -0.382555 -0.104554
0.027204 -0.375155 -0.100168
0.027900 -0.371557 -0.098153
0.006626 -0.440231 -0.141366
-0.003830 -0.401286 -0.115249
-0.323585 -0.311452 -0.147792
0.088922 0.457447 -0.160626
-0.438102 0.159095 -0.160694
0.232840 0.385660 -0.148811
0.207825 0.380618 -0.136679
0.195810 0.314911 -0.097149
0.178059 0.315329 -0.092332
0.073290 0.403652 -0.120938
0.057739 0.393210 -0.112838
0.085349 0.386270 -0.111705
0.023462 0.372559 -0.098546
0.122492 0.358553 -0.101757
0.026708 0.350091 -0.086439
0.038402 0.342340 -0.083010
0.029361 0.338695 -0.080716
0.082091 0.323497 -0.077624
0.143195 0.318299 -0.085352
0.091145 0.319443 -0.076859
-0.348705 0.182089 -0.110359
-0.322666 0.186028 -0.098066
-0.386396 0.056564 -0.108620
-0.374263 0.141561 -0.114522
-0.367474 0.024917 -0.095745
-0.363821 0.092335 -0.099719
-0.351246 0.160350 -0.105988
-0.354575 0.086130 -0.093843
-0.331954 0.104541 -0.084833
-0.313282 0.136089 -0.081522
-0.268215 -0.370530 -0.154005
-0.198480 -0.371249 -0.127992
-0.134363 -0.390559 -0.122737
-0.026705 -0.379381 -0.102582
-0.028419 -0.368418 -0.096412
-0.166409 -0.333183 -0.098054
0.394092 -0.181007 -0.136688
0.368069 -0.215833 -0.131854
0.335302 -0.273209 -0.135880
0.417569 -0.085928 -0.131605
0.396865 -0.027493 -0.113079
0.385047 -0.092211 -0.111919
0.386363 -0.060940 -0.108997
0.359663 -0.100593 -0.098642
0.340462 -0.132884 -0.094169
0.312839 -0.168467 -0.088661
0.315921 -0.076809 -0.073450
FRAME 58 63
0.252432 0.034986 -0.044230
0.252236 0.040875 -0.044474
0.238565 0.095135 -0.044945
0.224442 0.121562 -0.044374
0.247516 0.185906 -0.066253
-0.099677 0.295254 -0.067185
-0.119866 0.229345 -0.045650
-0.141693 0.217609 -0.045977
-0.207529 0.202031 -0.057654
-0.321369 -0.087896 -0.077340
-0.252094 -0.040960 -0.044429
-0.210661 -0.147810 -0.045129
-0.233374 -0.168046 -0.056809
0.036717 -0.305693 -0.065508
0.097663 -0.271308 -0.057126
0.100627 -0.270418 -0.057202
0.032630 -0.269508 -0.050402
0.006764 -0.263998 -0.047604
0.079336 -0.260483 -0.050719
0.040405 -0.254237 -0.045159
0.085789 -0.243133 -0.045303
0.097566 -0.217282 -0.038484
0.194733 -0.251796 -0.070247
0.170648 -0.251061 -0.063597
0.209507 -0.226749 -0.065879
0.211000 -0.217396 -0.063329
0.152613 0.145508 -0.029990
0.143489 0.130032 -0.025210
0.130058 0.075289 -0.015080
0.056504 0.114194 -0.010809
0.168100 0.212295 -0.050139
0.157147 0.243971 -0.057892
0.153824 0.246415 -0.058010
0.118410 0.199157 -0.036365
0.096933 0.222579 -0.040023
0.037555 0.286707 -0.057459
-0.107839 0.145179 -0.021940
0.008098 0.112842 -0.008509
0.011411 0.058693 -0.002367
-0.071949 0.043089 -0.004664
-0.038154 0.041379 -0.002097
-0.223839 0.122262 -0.044304
-0.271636 0.101779 -0.057841
-0.051725 -0.010213 -0.001840
-0.028221 -0.063820 -0.003226
-0.169649 -0.190328 -0.044271
-0.162886 -0.257843 -0.064220
-0.152095 -0.245177 -0.057196
-0.130759 -0.234897 -0.049394
-0.120858 -0.227713 -0.045293
-0.069037 -0.245876 -0.044423
-0.061373 -0.250255 -0.045247
-0.057226 -0.248866 -0.044414
0.012125 -0.065677 -0.002955
0.060073 -0.063624 -0.005079
-0.004597 -0.048388 -0.001564
0.233727 -0.109186 -0.045357
0.272795 -0.096575 -0.057554
0.255323 -0.032685 -0.045151
0.204549 -0.379112 -0.134669
0.380255 0.050619 -0.104507
-0.140718 -0.371774 -0.112892
-0.144498 -0.343686 -0.098280
FRAME 59 175
0.260079 -0.008563 -0.046176
0.252447 0.034994 -0.044235
0.252236 0.040875 -0.044474
0.248523 0.056792 -0.044260
0.238557 0.095135 -0.044942
0.225400 0.117979 -0.044074
0.224442 0.121562 -0.044374
0.223716 0.042180 -0.035077
0.214186 0.100496 -0.037958
0.279552 0.170507 -0.074561
0.256957 0.192788 -0.071613
0.198166 0.278995 -0.081850
-0.053706 0.322175 -0.074164
-0.110268 0.285553 -0.064714
-0.029115 0.284999 -0.056359
-0.064446 0.266830 -0.051574
-0.043917 0.259848 -0.047399
-0.085953 0.248193 -0.047073
-0.016387 0.243357 -0.040410
-0.119866 0.229345 -0.045650
-0.101217 0.224130 -0.041100
-0.131651 0.223152 -0.045764
-0.062705 0.223844 -0.036611
-0.141693 0.217609 -0.045977
-0.139775 0.206245 -0.042216
-0.158083 0.313817 -0.086584
-0.203193 0.305288 -0.094860
-0.287390 0.247033 -0.101798
-0.156174 0.259848 -0.063422
-0.206129 0.242513 -0.070232
-0.156737 0.237600 -0.055608
-0.207536 0.202038 -0.057658
-0.293575 -0.134496 -0.072403
-0.274204 -0.115383 -0.060966
-0.253938 -0.093063 -0.050010
-0.252109 -0.040951 -0.044433
-0.238901 -0.041199 -0.039907
-0.210692 -0.147808 -0.045138
-0.210902 0.006072 -0.030026
-0.248832 -0.210109 -0.073712
-0.247386 -0.217816 -0.075604
-0.233381 -0.168046 -0.056812
-0.227712 -0.193439 -0.061520
-0.004194 -0.337371 -0.079430
0.143553 -0.301935 -0.077906
0.110053 -0.291592 -0.067204
0.125058 -0.289955 -0.069076
0.097663 -0.271308 -0.057126
0.100635 -0.270411 -0.057200
0.032638 -0.269507 -0.050403
0.007764 -0.262238 -0.046961
0.079335 -0.260491 -0.050722
0.133983 -0.251462 -0.055725
0.040397 -0.254238 -0.045159
0.085780 -0.243133 -0.045302
0.146275 -0.215839 -0.046365
0.232942 -0.306385 -0.105257
0.176653 -0.311504 -0.090155
0.267069 -0.285528 -0.108891
0.280455 -0.254748 -0.101747
0.167542 -0.261641 -0.066761
0.214022 -0.205545 -0.060645
0.169279 0.112027 -0.027750
0.158309 0.090213 -0.022277
0.125312 0.001626 -0.010455
0.124022 0.117804 -0.019597
0.101685 0.101315 -0.013747
0.055307 0.153352 -0.017778
0.045101 0.064353 -0.004094
0.034466 0.072491 -0.004272
0.024479 -0.007097 -0.000430
0.168213 0.169294 -0.038641
0.157155 0.243971 -0.057894
0.153816 0.246408 -0.058006
0.142283 0.272547 -0.065312
0.124307 0.301508 -0.073928
0.098460 0.232389 -0.043355
0.099870 0.186143 -0.030100
0.077395 0.169766 -0.023375
0.028528 0.275394 -0.052500
-0.129564 0.175996 -0.032264
-0.141175 0.172125 -0.033505
-0.148820 0.126599 -0.025673
-0.058931 0.125287 -0.012781
-0.001222 0.116186 -0.008979
-0.139974 0.086864 -0.018159
-0.151705 0.082714 -0.020003
-0.115048 0.061226 -0.011313
-0.128239 0.052647 -0.012813
-0.166344 0.172377 -0.038940
-0.222717 0.146884 -0.048619
-0.223839 0.122262 -0.044304
-0.271636 0.101779 -0.057841
-0.163501 0.078296 -0.022047
-0.175139 0.073735 -0.024262
-0.186875 0.069167 -0.026722
-0.171710 0.049932 -0.021445
-0.184472 -0.085148 -0.027802
-0.150865 -0.065588 -0.018108
-0.083470 -0.058684 -0.006915
-0.034884 -0.016880 -0.000994
-0.176711 -0.230683 -0.058053
-0.169649 -0.190328 -0.044271
-0.152095 -0.245177 -0.057196
-0.131263 -0.275083 -0.064137
-0.120866 -0.227712 -0.045294
-0.109133 -0.275534 -0.060483
-0.101089 -0.249333 -0.049473
-0.093367 -0.175517 -0.026597
-0.084919 -0.288493 -0.062361
-0.082068 -0.271935 -0.055368
-0.081830 -0.171069 -0.024160
-0.069021 -0.245869 -0.044419
-0.061373 -0.250255 -0.045247
-0.057193 -0.248844 -0.044404
-0.049101 -0.194966 -0.027213
-0.028358 -0.271234 -0.050879
0.113193 -0.173997 -0.029043
0.094450 -0.144096 -0.019886
0.147376 -0.128037 -0.025631
0.147806 -0.122107 -0.024704
0.102958 -0.116199 -0.016106
0.045538 -0.114881 -0.010164
-0.005664 -0.109647 -0.008012
0.074701 -0.105967 -0.011196
0.099220 -0.084775 -0.011345
0.114361 -0.041799 -0.009866
0.013063 -0.025894 -0.000556
0.231616 -0.154569 -0.053127
0.213148 -0.142918 -0.044870
0.270768 -0.136483 -0.063445
0.294522 -0.118624 -0.069878
0.215014 -0.121427 -0.041447
0.233727 -0.109186 -0.045357
0.177894 -0.109619 -0.029439
0.237911 -0.095466 -0.044770
0.260292 -0.079011 -0.050612
0.289640 -0.073771 -0.061565
0.242332 -0.074491 -0.043758
0.170783 -0.074785 -0.023340
0.213713 -0.037568 -0.031796
0.271598 -0.035721 -0.051354
0.293314 -0.035028 -0.060074
0.255330 -0.032676 -0.045154
0.236780 -0.023643 -0.038410
0.390937 0.186554 -0.136334
-0.207512 0.350662 -0.119145
0.151871 -0.443962 -0.163152
0.478501 0.022487 -0.171046
-0.008236 0.384958 -0.105354
0.061216 -0.412150 -0.125129
0.033250 -0.374903 -0.100302
0.009908 -0.387355 -0.106801
0.185425 0.321111 -0.097136
0.297812 0.295614 -0.127085
0.033424 0.402931 -0.117144
0.101479 0.352711 -0.095023
0.047571 0.354271 -0.089802
0.113901 0.349544 -0.095364
0.126022 0.345858 -0.095625
0.137999 0.342143 -0.096084
0.150309 0.338545 -0.096917
0.140094 0.327951 -0.089357
0.026421 0.329597 -0.076110
0.073542 0.327966 -0.078789
0.119081 0.320574 -0.081732
-0.353489 0.069162 -0.091279
-0.214978 -0.322153 -0.106690
-0.056417 -0.409141 -0.122729
-0.075551 -0.339464 -0.084700
-0.137298 -0.320411 -0.085124
-0.043622 -0.323782 -0.074206
0.315188 -0.181461 -0.093187
0.412542 -0.073674 -0.126719
0.314199 -0.166286 -0.088753
FRAME 60 370
0.314663 0.091165 -0.074635
0.303318 0.140698 -0.077925
0.304511 0.088290 -0.069664
0.270776 0.031875 -0.050854
0.266695 0.105317 -0.056463
0.266637 0.036499 -0.049503
0.262797 0.128419 -0.058850
0.263487 0.076314 -0.051502
0.257020 0.008061 -0.045058
0.252439 0.034986 -0.044232
0.252251 0.040867 -0.044479
0.240650 0.149699 -0.055109
0.242618 0.096506 -0.046502
0.240075 0.126211 -0.050308
0.238557 0.095135 -0.044942
0.231029 0.100244 -0.043161
0.224449 0.121562 -0.044376
0.226218 0.040357 -0.035754
0.222852 -0.006338 -0.033606
0.207135 0.144218 -0.043358
0.208202 0.091897 -0.035053
0.327523 0.183394 -0.099729
0.314168 0.209437 -0.100995
0.299015 0.237490 -0.103476
0.290029 0.273788 -0.113716
0.297171 0.174994 -0.083205
0.281995 0.267456 -0.107503
0.276210 0.240485 -0.094586
0.281443 0.162543 -0.073394
0.267531 0.189077 -0.074635
0.256843 0.261183 -0.094631
0.234012 0.289718 -0.098050
0.235370 0.246655 -0.081205
0.226529 0.176497 -0.056640
0.215853 0.164718 -0.050420
0.210808 0.205400 -0.059621
0.202583 0.241263 -0.068737
0.193074 0.277554 -0.079782
-0.019215 0.334344 -0.078188
-0.021735 0.334507 -0.078345
0.000167 0.327188 -0.074436
-0.016747 0.282619 -0.054990
-0.059819 0.270302 -0.052490
-0.123811 0.258185 -0.056299
-0.111492 0.249081 -0.050950
-0.136265 0.232657 -0.049693
-0.029407 0.233486 -0.037544
-0.119865 0.229375 -0.045660
-0.014183 0.228139 -0.035369
-0.149504 0.219678 -0.048218
-0.141693 0.217609 -0.045977
-0.013311 0.213712 -0.030945
-0.107807 0.208443 -0.037329
-0.165636 0.315250 -0.089087
-0.197616 0.291906 -0.087174
-0.171109 0.291955 -0.079931
-0.221999 0.254839 -0.079717
-0.251597 0.241001 -0.085026
-0.169076 0.241397 -0.059786
-0.154227 0.239814 -0.055805
-0.236538 0.219334 -0.072244
-0.187165 0.209480 -0.054105
-0.207536 0.202030 -0.057656
-0.218340 0.199702 -0.060285
-0.312797 -0.031219 -0.068424
-0.310167 -0.036388 -0.067487
-0.296703 -0.070615 -0.064222
-0.293015 -0.058670 -0.061540
-0.286111 -0.134270 -0.069203
-0.289315 -0.047010 -0.059108
-0.267469 -0.008462 -0.048925
-0.261796 -0.053069 -0.048743
-0.260872 0.006499 -0.046445
-0.259439 -0.046121 -0.047389
-0.253040 -0.083692 -0.048517
-0.252102 -0.040951 -0.044431
-0.248274 -0.088963 -0.047473
-0.246833 -0.081178 -0.046037
-0.237191 -0.053249 -0.040133
-0.233284 -0.041486 -0.038075
-0.231760 -0.014015 -0.036522
-0.214692 -0.069865 -0.034485
-0.210671 -0.147785 -0.045127
-0.326579 -0.195813 -0.102852
-0.312698 -0.233942 -0.108626
-0.316053 -0.172093 -0.091104
-0.276682 -0.282526 -0.111616
-0.233406 -0.168021 -0.056814
-0.222064 -0.278366 -0.089074
-0.227125 -0.200954 -0.063464
-0.204686 -0.210309 -0.059260
0.082850 -0.334574 -0.083109
0.084698 -0.333795 -0.082952
0.120087 -0.322946 -0.083042
0.071949 -0.320462 -0.075038
0.064105 -0.306858 -0.068027
0.036315 -0.302955 -0.064281
0.006417 -0.299004 -0.061645
0.008380 -0.298846 -0.061598
0.022109 -0.292551 -0.059224
0.138349 -0.283439 -0.068905
0.099825 -0.276649 -0.059528
0.097655 -0.271308 -0.057125
0.100611 -0.270419 -0.057200
0.032638 -0.269507 -0.050403
0.083149 -0.267339 -0.053729
0.058405 -0.264976 -0.050349
0.079335 -0.260491 -0.050722
0.120052 -0.255551 -0.054679
-0.003858 -0.255299 -0.044403
0.040405 -0.254237 -0.045159
0.085771 -0.243164 -0.045311
0.048279 -0.240254 -0.040802
0.010108 -0.239037 -0.038840
0.030660 -0.225107 -0.034928
0.097722 -0.217789 -0.038659
0.116565 -0.216199 -0.040995
0.146079 -0.215328 -0.046170
0.177913 -0.324294 -0.096625
0.157369 -0.310836 -0.085028
0.236325 -0.279394 -0.094424
0.279345 -0.259459 -0.103125
0.213064 -0.256626 -0.077524
0.183171 -0.255696 -0.068508
0.278641 -0.238561 -0.094909
0.241948 -0.236454 -0.079882
0.280355 -0.226467 -0.091391
0.172657 -0.211981 -0.051145
0.267516 -0.203488 -0.078791
0.171164 0.141204 -0.033282
0.172443 0.089125 -0.025335
0.166129 0.019839 -0.018738
0.161065 0.062996 -0.020040
0.161068 0.022678 -0.017698
0.158761 0.064802 -0.019696
0.148475 0.024978 -0.015138
0.144429 0.107197 -0.021699
0.138870 0.138550 -0.025883
0.123364 -0.000139 -0.010129
0.122299 0.111529 -0.018334
0.116402 0.043862 -0.010300
0.097331 0.153981 -0.022266
0.075065 0.059341 -0.006078
0.072177 0.075610 -0.007258
0.049671 0.133821 -0.013592
0.036586 0.012049 -0.000982
0.175729 0.201138 -0.048732
0.167873 0.237011 -0.057991
0.158030 0.273497 -0.069120
0.163089 0.176434 -0.039179
0.157155 0.243971 -0.057894
0.153816 0.246408 -0.058006
0.155913 0.169263 -0.035862
0.146828 0.214670 -0.046125
0.130151 0.303307 -0.075818
0.102295 0.237317 -0.045521
0.100040 0.294385 -0.066865
0.101879 0.220423 -0.040043
0.085759 0.307233 -0.070557
0.078632 0.261018 -0.050838
0.073430 0.287160 -0.060500
0.071958 0.285015 -0.059465
0.064512 0.192995 -0.027890
0.048957 0.194329 -0.027034
0.031760 0.220716 -0.033620
-0.115816 0.173236 -0.029275
-0.012914 0.163057 -0.017899
0.008944 0.153252 -0.015744
-0.146379 0.145961 -0.028798
-0.096732 0.128573 -0.017313
-0.083013 0.124959 -0.015028
-0.152006 0.120416 -0.025284
-0.017502 0.115634 -0.009097
-0.079254 0.095305 -0.010227
-0.074005 0.064200 -0.006372
-0.014246 0.052150 -0.001935
-0.068473 0.046651 -0.004552
-0.067382 0.044689 -0.004334
-0.126402 0.028754 -0.011192
-0.230457 0.168321 -0.055909
-0.238881 0.159408 -0.056646
-0.281589 0.155081 -0.071721
-0.223839 0.122262 -0.044304
-0.271607 0.101780 -0.057830
-0.304635 0.090671 -0.070030
-0.276924 0.087267 -0.057954
-0.189970 0.090075 -0.029810
-0.285565 0.076324 -0.060155
-0.251548 0.074436 -0.046953
-0.269942 0.073730 -0.053672
-0.285382 0.072015 -0.059621
-0.237589 0.054924 -0.040391
-0.301727 0.040241 -0.063962
-0.245844 0.037514 -0.042057
-0.253778 0.021688 -0.044179
-0.180584 -0.089922 -0.027401
-0.177864 -0.127834 -0.032413
-0.174445 -0.116133 -0.029614
-0.170890 -0.104222 -0.026969
-0.167261 -0.092223 -0.024515
-0.155217 -0.126894 -0.027057
-0.154987 -0.130590 -0.027661
-0.136100 -0.081912 -0.016870
-0.127428 -0.052731 -0.012680
-0.098796 -0.048983 -0.008082
-0.081947 -0.014544 -0.004593
-0.079939 -0.159192 -0.021278
-0.076461 -0.091709 -0.009485
-0.052537 -0.043853 -0.003103
-0.049173 -0.022642 -0.001940
-0.048430 -0.065259 -0.004379
-0.043752 -0.056558 -0.003388
-0.169633 -0.190336 -0.044270
-0.162592 -0.261379 -0.065478
-0.152084 -0.245222 -0.057210
-0.147306 -0.250442 -0.058038
-0.145747 -0.243407 -0.055229
-0.137709 -0.269630 -0.063244
-0.120874 -0.227712 -0.045296
-0.099527 -0.252963 -0.050542
-0.084123 -0.235288 -0.042470
-0.075839 -0.283695 -0.059338
-0.069020 -0.245884 -0.044424
-0.066926 -0.195302 -0.028723
-0.061382 -0.250247 -0.045245
-0.059541 -0.192562 -0.027352
-0.057193 -0.248837 -0.044401
-0.042108 -0.274979 -0.053019
-0.031467 -0.241627 -0.040328
0.135478 -0.171345 -0.032230
0.070657 -0.147663 -0.017928
0.008858 -0.139279 -0.012988
0.148601 -0.132171 -0.026616
0.068274 -0.120727 -0.012826
0.047506 -0.091110 -0.007012
0.140048 -0.084231 -0.017868
0.135825 -0.083456 -0.016992
-0.004797 -0.082846 -0.004567
-0.000351 -0.080748 -0.004323
-0.008485 -0.076377 -0.003914
0.005879 -0.075764 -0.003827
0.036309 -0.048526 -0.002432
0.094163 -0.024334 -0.006279
0.292477 -0.167435 -0.079238
0.196357 -0.164193 -0.044629
0.300131 -0.147135 -0.077873
0.204931 -0.147076 -0.043305
0.220438 -0.147318 -0.047996
0.239040 -0.144191 -0.053407
0.298166 -0.130869 -0.073687
0.233719 -0.109195 -0.045356
0.248737 -0.107157 -0.050157
0.295797 -0.099984 -0.067462
0.199390 -0.096571 -0.033176
0.268788 -0.088222 -0.054901
0.164439 -0.068534 -0.021281
0.186512 -0.060791 -0.025884
0.180949 -0.051228 -0.023754
0.255323 -0.032685 -0.045151
0.304915 -0.022245 -0.064547
0.346644 0.279656 -0.145054
-0.251855 0.338658 -0.128709
-0.217983 0.393645 -0.148420
-0.209350 0.364044 -0.127304
-0.206807 0.365911 -0.127546
-0.178845 0.368669 -0.120620
-0.452593 -0.231507 -0.196339
0.253671 -0.388036 -0.158746
0.218913 -0.392510 -0.148020
0.203473 -0.351480 -0.118294
0.169916 -0.367017 -0.117224
0.462969 0.012582 -0.158393
0.377688 0.096861 -0.108256
0.391580 0.011688 -0.109369
-0.120955 0.450613 -0.161061
-0.099306 0.436778 -0.146911
-0.049376 0.422403 -0.130897
-0.028543 0.416091 -0.125392
-0.029058 0.366657 -0.095460
0.000643 0.363333 -0.092991
0.001595 0.448263 -0.147162
0.002913 0.376076 -0.100137
-0.454238 -0.052008 -0.153843
-0.368351 -0.045020 -0.097299
0.107440 -0.388283 -0.116235
0.091765 -0.368192 -0.102079
0.067464 -0.365624 -0.097697
0.064340 -0.381844 -0.106649
0.055534 -0.359340 -0.093140
0.036448 -0.371306 -0.098429
0.023682 -0.401520 -0.115822
0.020409 -0.376947 -0.100949
0.011787 -0.433312 -0.136547
0.012411 -0.362172 -0.092472
0.000258 -0.359801 -0.091068
-0.003846 -0.383502 -0.104454
-0.005120 -0.397245 -0.112746
-0.323551 -0.332219 -0.158858
0.205358 0.436693 -0.173961
0.055319 0.494155 -0.186438
0.027056 0.479207 -0.171817
-0.470037 0.028443 -0.164482
-0.174557 -0.455071 -0.177999
-0.192982 -0.426994 -0.162645
-0.089096 -0.467993 -0.168902
0.187078 0.411761 -0.150126
0.181201 0.403268 -0.142678
0.254402 0.367888 -0.146440
0.234101 0.344562 -0.125059
0.187540 0.323071 -0.098695
0.065552 0.419775 -0.130614
0.111871 0.395682 -0.121547
0.140733 0.391743 -0.124855
0.131736 0.384226 -0.118329
0.076742 0.376705 -0.104997
0.043965 0.373208 -0.099966
0.103114 0.359946 -0.099187
0.039180 0.343568 -0.083681
0.073988 0.334203 -0.081893
0.054852 0.328415 -0.077238
0.126740 0.322463 -0.084031
0.153181 0.319909 -0.088329
0.058944 0.326017 -0.076426
0.155609 0.319283 -0.088591
0.091029 0.319778 -0.077001
-0.398702 0.223862 -0.153876
-0.383102 0.246214 -0.152476
-0.371987 0.172379 -0.120767
-0.343594 0.274606 -0.141055
-0.342953 0.228658 -0.122194
-0.337596 0.185761 -0.105521
-0.318689 0.270811 -0.126149
-0.310373 0.227548 -0.105238
-0.417363 0.026642 -0.126149
-0.410795 0.040189 -0.122562
-0.354822 0.152960 -0.106150
-0.318980 0.061801 -0.073348
-0.199663 -0.368063 -0.126494
-0.180112 -0.352645 -0.111946
-0.242240 -0.337225 -0.124168
-0.159384 -0.416772 -0.145653
-0.094858 -0.401804 -0.122623
-0.149474 -0.374877 -0.116679
-0.043993 -0.373756 -0.100280
-0.084082 -0.369598 -0.101839
-0.029155 -0.371122 -0.097961
-0.022618 -0.370757 -0.097499
-0.134191 -0.354243 -0.101704
-0.135734 -0.353664 -0.101709
-0.023886 -0.354875 -0.088854
-0.026851 -0.337657 -0.080092
-0.121874 -0.331306 -0.087440
-0.071702 -0.328039 -0.078628
-0.125339 -0.323282 -0.084162
0.355751 -0.232392 -0.130659
0.352150 -0.183107 -0.112520
0.319563 -0.180748 -0.095088
0.312183 -0.193452 -0.095158
0.423410 -0.052380 -0.131823
0.360492 -0.117214 -0.101856
0.339608 -0.135761 -0.094313
0.336060 -0.052651 -0.080814
0.331507 -0.033845 -0.077369
0.322832 -0.109771 -0.081229
0.324586 -0.045474 -0.074709
0.317392 -0.160929 -0.088951
0.322781 -0.085946 -0.077760
0.320546 -0.077358 -0.075670
0.320692 -0.042502 -0.072677
0.317761 -0.069530 -0.073523
FRAME 61 138
0.266123 0.012519 -0.048478
0.259977 0.048141 -0.047721
0.252447 0.034994 -0.044235
0.252236 0.040875 -0.044474
0.238550 0.095127 -0.044939
0.230527 0.004594 -0.036004
0.229681 0.063995 -0.038566
0.226292 0.134060 -0.047209
0.224442 0.121562 -0.044374
0.224359 0.040106 -0.035159
0.215654 0.032784 -0.032139
0.221660 0.264456 -0.083306
0.217465 0.235571 -0.071314
-0.107908 0.293492 -0.067672
-0.098931 0.279266 -0.060446
-0.055175 0.259588 -0.048091
-0.090384 0.251949 -0.048951
-0.014745 0.249391 -0.042453
-0.119866 0.229345 -0.045650
-0.013292 0.231187 -0.036323
-0.059700 0.230187 -0.038358
-0.049286 0.223808 -0.035557
-0.141693 0.217609 -0.045977
-0.084688 0.216041 -0.036478
-0.262718 0.224626 -0.083609
-0.196964 0.228657 -0.062822
-0.207536 0.202038 -0.057658
-0.248115 0.197260 -0.069629
-0.330375 -0.062840 -0.078883
-0.298051 -0.085892 -0.066533
-0.279538 -0.034982 -0.054427
-0.272866 -0.070814 -0.054502
-0.256514 -0.111749 -0.053660
-0.255781 -0.114089 -0.053769
-0.252094 -0.040960 -0.044429
-0.210669 -0.147810 -0.045131
-0.236031 -0.160334 -0.055891
-0.233381 -0.168046 -0.056812
-0.209539 -0.187640 -0.054249
0.068550 -0.329944 -0.079226
0.037702 -0.308811 -0.066949
0.018258 -0.296080 -0.060603
0.089289 -0.280136 -0.059492
-0.004342 -0.281033 -0.054166
0.097654 -0.271315 -0.057128
0.100635 -0.270411 -0.057200
0.032630 -0.269508 -0.050402
0.079335 -0.260491 -0.050722
0.040397 -0.254238 -0.045159
0.085789 -0.243133 -0.045303
0.015288 -0.231373 -0.036423
0.059843 -0.229887 -0.038274
0.053215 -0.225276 -0.036294
0.093982 -0.223940 -0.040054
0.051189 -0.223117 -0.035475
0.095730 -0.221769 -0.039610
0.158609 -0.263526 -0.065367
0.164549 -0.232181 -0.055582
0.198402 -0.227489 -0.062848
0.189829 -0.220441 -0.058187
0.133517 0.132629 -0.023789
0.121184 0.045576 -0.011164
0.113037 0.146356 -0.022957
0.083451 0.102477 -0.011636
0.062508 0.116559 -0.011655
0.051941 0.123549 -0.011970
0.047775 0.129939 -0.012779
0.030165 0.137588 -0.013232
0.157155 0.243971 -0.057894
0.156993 0.211972 -0.047490
0.153816 0.246408 -0.058006
0.133731 0.291379 -0.071315
0.129295 0.262514 -0.058905
0.097956 0.282635 -0.061669
0.082507 0.260721 -0.051170
0.070918 0.174091 -0.023734
0.041684 0.289934 -0.059026
0.037389 0.260253 -0.047173
-0.014774 0.136686 -0.012601
-0.061488 0.135476 -0.014778
-0.142609 0.128040 -0.024686
-0.004343 0.129813 -0.011237
-0.050453 0.128806 -0.012759
-0.086652 0.121121 -0.014808
-0.100787 0.099608 -0.013394
-0.126397 0.084178 -0.015403
-0.130346 0.056066 -0.013430
-0.250919 0.169821 -0.063342
-0.159232 0.170834 -0.036959
-0.276596 0.152369 -0.069082
-0.230059 0.155198 -0.052754
-0.184374 0.155506 -0.039491
-0.223839 0.122262 -0.044304
-0.213813 0.112052 -0.039558
-0.271629 0.101779 -0.057838
-0.264156 0.083261 -0.052539
-0.299361 0.074940 -0.065824
-0.260039 0.075335 -0.050117
-0.197326 0.067906 -0.029360
-0.232541 0.062061 -0.039318
-0.186725 0.062328 -0.026068
-0.303745 0.046762 -0.065255
-0.142254 -0.031271 -0.014157
-0.125061 -0.074652 -0.014157
-0.169649 -0.190328 -0.044271
-0.152095 -0.245177 -0.057196
-0.120867 -0.227697 -0.045290
-0.090763 -0.254977 -0.050085
-0.082250 -0.261646 -0.051483
-0.071883 -0.267921 -0.052708
-0.069020 -0.245892 -0.044427
-0.061374 -0.250247 -0.045245
-0.060974 -0.274862 -0.054357
-0.057226 -0.248866 -0.044414
-0.038783 -0.195199 -0.026654
-0.027950 -0.297176 -0.061393
0.025974 -0.143962 -0.014282
0.015538 -0.136982 -0.012671
0.041340 -0.122016 -0.011053
0.107396 -0.086576 -0.012687
0.104541 -0.075821 -0.011107
-0.003921 -0.029421 -0.000583
0.252419 -0.168053 -0.063456
0.207095 -0.169455 -0.048920
0.221495 -0.147509 -0.048366
0.235609 -0.125849 -0.048740
0.233727 -0.109195 -0.045358
0.250354 -0.103234 -0.050144
0.285944 -0.095411 -0.062669
0.276570 -0.088271 -0.057939
0.218559 -0.082688 -0.037006
0.254881 -0.074834 -0.048186
0.255323 -0.032685 -0.045151
0.227024 -0.024844 -0.035306
0.379543 0.158468 -0.121614
0.387931 0.058494 -0.109710
-0.084098 -0.354461 -0.093521
0.341847 -0.195562 -0.110632
FRAME 62 90
0.261202 0.094373 -0.052839
0.252440 0.034977 -0.044232
0.252236 0.040875 -0.044474
0.238557 0.095135 -0.044942
0.233640 0.094813 -0.043269
0.224442 0.121562 -0.044374
0.208331 0.031669 -0.029949
0.255441 0.256491 -0.092257
0.191203 0.288156 -0.083695
-0.128223 0.287138 -0.068477
-0.119891 0.229336 -0.045651
-0.085048 0.229361 -0.040653
-0.141693 0.217617 -0.045979
-0.053516 0.213568 -0.032757
-0.198034 0.296689 -0.089405
-0.162680 0.238520 -0.057277
-0.207535 0.202045 -0.057660
-0.258653 -0.001677 -0.045606
-0.252102 -0.040943 -0.044430
-0.224691 -0.137361 -0.047332
-0.210694 -0.147784 -0.045133
-0.209358 -0.088244 -0.034932
-0.240286 -0.195206 -0.066265
-0.233426 -0.168043 -0.056826
0.097673 -0.332422 -0.084031
0.052734 -0.287864 -0.058916
0.097644 -0.271359 -0.057143
0.100602 -0.270427 -0.057201
0.032630 -0.269508 -0.050402
0.015990 -0.262528 -0.047206
0.079344 -0.260490 -0.050722
0.040397 -0.254238 -0.045159
0.085780 -0.243133 -0.045302
0.176720 -0.319037 -0.093747
0.156847 -0.240830 -0.056736
0.238647 -0.212110 -0.070700
0.176519 0.143649 -0.035054
0.115555 0.138680 -0.021858
0.102642 0.110472 -0.015186
0.082988 0.109085 -0.012524
0.048865 0.059996 -0.003969
0.043761 0.007439 -0.001304
0.157155 0.243971 -0.057894
0.153824 0.246407 -0.058008
0.089871 0.304683 -0.069946
0.059244 0.283333 -0.057585
0.057552 0.273314 -0.053465
0.025619 0.203447 -0.028328
-0.064106 0.145580 -0.016917
-0.065459 0.094895 -0.008838
-0.270039 0.168486 -0.070238
-0.185330 0.145331 -0.037606
-0.223839 0.122262 -0.044304
-0.233111 0.112359 -0.045649
-0.271629 0.101779 -0.057838
-0.182990 0.088033 -0.027771
-0.168295 0.074468 -0.022732
-0.285866 0.068112 -0.059427
-0.214873 0.035554 -0.032038
-0.174394 -0.140786 -0.033973
-0.154048 -0.144284 -0.030048
-0.135268 -0.145397 -0.026538
-0.122729 -0.000543 -0.010024
-0.071940 -0.063227 -0.006089
-0.169641 -0.190328 -0.044270
-0.157577 -0.262917 -0.064899
-0.152125 -0.245197 -0.057210
-0.134925 -0.202578 -0.040236
-0.120858 -0.227713 -0.045293
-0.107478 -0.208870 -0.037404
-0.102342 -0.275334 -0.059373
-0.069037 -0.245876 -0.044423
-0.061373 -0.250255 -0.045247
-0.057234 -0.248866 -0.044415
0.152241 -0.095103 -0.021611
0.262222 -0.166664 -0.066769
0.257553 -0.135747 -0.058282
0.278792 -0.123088 -0.064119
0.274690 -0.108155 -0.059997
0.233758 -0.109185 -0.045367
0.280986 -0.103747 -0.061840
0.255307 -0.032710 -0.045147
-0.046276 0.410087 -0.122519
-0.005107 -0.382875 -0.104095
0.067808 0.338897 -0.083588
0.053869 0.332354 -0.079078
0.099348 0.324568 -0.080448
-0.391545 0.054013 -0.111501
-0.030113 -0.334372 -0.078599
0.319997 -0.056226 -0.073342
FRAME 63 85
0.252432 0.034986 -0.044230
0.252236 0.040884 -0.044474
0.238565 0.095135 -0.044945
0.224442 0.121562 -0.044374
0.312088 0.249325 -0.114093
0.286175 0.197461 -0.084657
0.209388 0.177422 -0.051553
-0.130823 0.279467 -0.065812
-0.141498 0.275217 -0.066210
-0.119899 0.229343 -0.045655
-0.141694 0.217602 -0.045974
-0.149935 0.215256 -0.046952
-0.068016 0.205484 -0.031634
-0.207529 0.202031 -0.057654
-0.306309 -0.084695 -0.070012
-0.291509 -0.029046 -0.059042
-0.283371 -0.142286 -0.069681
-0.271489 -0.130848 -0.062641
-0.252094 -0.040960 -0.044429
-0.222327 -0.121739 -0.043741
-0.210646 -0.147811 -0.045125
-0.302056 -0.212624 -0.096342
-0.233380 -0.168069 -0.056817
0.125232 -0.313106 -0.079342
0.037632 -0.312048 -0.068405
0.000961 -0.289276 -0.057509
0.142002 -0.270540 -0.064466
0.100010 -0.270594 -0.057181
0.032630 -0.269508 -0.050402
0.047921 -0.263793 -0.049118
0.076818 -0.261673 -0.050881
0.079335 -0.260491 -0.050722
0.040405 -0.254237 -0.045159
0.085789 -0.243133 -0.045303
0.128037 -0.240331 -0.050724
0.107500 -0.230993 -0.044207
0.165088 -0.304423 -0.083944
0.202400 -0.260390 -0.075696
0.156585 -0.236671 -0.055259
0.240504 -0.213708 -0.071846
0.173647 0.139578 -0.033559
0.149400 0.111587 -0.023349
0.093883 0.091928 -0.011501
0.078314 0.133272 -0.015965
0.157163 0.243970 -0.057895
0.153825 0.246400 -0.058005
0.056407 0.300611 -0.064605
-0.052895 0.120139 -0.011479
-0.124135 0.068961 -0.013451
-0.067749 0.053735 -0.004960
-0.223839 0.122270 -0.044305
-0.268508 0.102914 -0.056798
-0.271636 0.101779 -0.057841
-0.285016 0.100136 -0.062954
-0.301271 0.097095 -0.069424
-0.195841 0.070986 -0.029253
-0.233358 0.027006 -0.037409
-0.153495 -0.043020 -0.016991
-0.133866 -0.121340 -0.021898
-0.123375 -0.158368 -0.027130
-0.118727 -0.075515 -0.013204
-0.053470 -0.116698 -0.010973
-0.164795 -0.281597 -0.073998
-0.169641 -0.190328 -0.044270
-0.152093 -0.245206 -0.057206
-0.120866 -0.227705 -0.045292
-0.115617 -0.269927 -0.059333
-0.112235 -0.269260 -0.058523
-0.069021 -0.245869 -0.044419
-0.061382 -0.250247 -0.045245
-0.057226 -0.248866 -0.044414
0.093586 -0.149834 -0.020922
0.193802 -0.170892 -0.045507
0.191571 -0.162161 -0.042861
0.287010 -0.147918 -0.072387
0.233719 -0.109195 -0.045356
0.195546 -0.057576 -0.027989
0.255323 -0.032693 -0.045152
0.277643 -0.028975 -0.053403
0.354979 0.190537 -0.116240
0.026405 0.362832 -0.093242
-0.226494 -0.327029 -0.113071
-0.150871 -0.322106 -0.088860
0.307124 -0.221895 -0.101756
0.338547 -0.041569 -0.081282
FRAME 64 45
0.252432 0.034986 -0.044230
0.252236 0.040875 -0.044474
0.248665 0.070041 -0.045490
0.238557 0.095135 -0.044942
0.224442 0.121562 -0.044374
-0.010358 0.314296 -0.068476
-0.012224 0.255707 -0.044644
-0.124851 0.234027 -0.048039
-0.119858 0.229345 -0.045649
-0.141693 0.217609 -0.045977
-0.207536 0.202038 -0.057658
-0.284502 -0.098867 -0.062561
-0.252109 -0.040960 -0.044434
-0.210669 -0.147810 -0.045131
-0.233381 -0.168046 -0.056812
0.097662 -0.271315 -0.057129
0.100619 -0.270412 -0.057198
0.032630 -0.269508 -0.050402
0.079336 -0.260483 -0.050719
0.040397 -0.254238 -0.045159
0.085789 -0.243133 -0.045303
0.083872 0.018643 -0.004896
0.157155 0.243971 -0.057894
0.153824 0.246407 -0.058008
-0.134557 0.105858 -0.019633
-0.170268 0.129092 -0.030811
-0.223839 0.122262 -0.044304
-0.271636 0.101779 -0.057841
-0.225741 0.099736 -0.041398
-0.147385 -0.071213 -0.017926
-0.056949 -0.063942 -0.004863
-0.169649 -0.190328 -0.044271
-0.152093 -0.245206 -0.057206
-0.141005 -0.219805 -0.046516
-0.132029 -0.235007 -0.049667
-0.120858 -0.227713 -0.045293
-0.068904 -0.281147 -0.057587
-0.069021 -0.245869 -0.044419
-0.061382 -0.250254 -0.045248
-0.057234 -0.248866 -0.044415
0.107277 -0.133683 -0.019679
0.189977 -0.114635 -0.033280
0.233727 -0.109186 -0.045357
0.255323 -0.032685 -0.045151
0.237668 -0.022785 -0.038676
FRAME 65 40
0.252447 0.034994 -0.044235
0.252236 0.040875 -0.044474
0.238557 0.095135 -0.044942
0.224442 0.121562 -0.044374
-0.018616 0.245800 -0.041299
-0.119866 0.229345 -0.045650
-0.141693 0.217609 -0.045977
-0.207536 0.202038 -0.057658
-0.252957 -0.113180 -0.052600
-0.252094 -0.040960 -0.044429
-0.246632 -0.138856 -0.054957
-0.227779 -0.053618 -0.037111
-0.210692 -0.147808 -0.045138
-0.243680 -0.192114 -0.066588
-0.233381 -0.168046 -0.056812
0.097655 -0.271308 -0.057125
0.100627 -0.270418 -0.057202
0.032630 -0.269508 -0.050402
0.006762 -0.267587 -0.048952
0.079336 -0.260483 -0.050719
0.040405 -0.254237 -0.045159
0.085780 -0.243133 -0.045302
0.169512 -0.252579 -0.063869
0.173564 0.073580 -0.023872
0.157155 0.243971 -0.057894
0.153824 0.246407 -0.058008
-0.095210 0.031711 -0.006687
-0.223839 0.122262 -0.044304
-0.271636 0.101779 -0.057841
-0.169649 -0.190328 -0.044271
-0.152124 -0.245204 -0.057212
-0.136165 -0.275242 -0.065148
-0.120858 -0.227713 -0.045293
-0.094602 -0.238806 -0.044954
-0.069020 -0.245892 -0.044427
-0.061373 -0.250255 -0.045247
-0.057234 -0.248866 -0.044415
0.233727 -0.109186 -0.045357
0.293499 -0.084356 -0.064395
0.255323 -0.032685 -0.045151
FRAME 66 61
0.252447 0.034994 -0.044235
0.252236 0.040875 -0.044474
0.238557 0.095135 -0.044942
0.224442 0.121562 -0.044374
0.218267 0.005389 -0.032200
0.210385 0.173871 -0.050965
0.004743 0.264465 -0.047762
0.003240 0.250985 -0.042867
-0.119866 0.229345 -0.045650
-0.086026 0.223437 -0.038898
-0.141693 0.217609 -0.045977
-0.207536 0.202038 -0.057658
-0.252094 -0.040960 -0.044429
-0.210669 -0.147818 -0.045133
-0.233381 -0.168046 -0.056812
0.097663 -0.271300 -0.057123
0.100627 -0.270418 -0.057202
0.032630 -0.269508 -0.050402
0.079336 -0.260483 -0.050719
0.117674 -0.254483 -0.053889
0.040397 -0.254238 -0.045159
0.085780 -0.243133 -0.045302
0.153955 -0.241234 -0.056233
0.174232 -0.225814 -0.055842
0.096542 0.151929 -0.021734
0.082831 0.049372 -0.006173
0.080047 0.067249 -0.007261
0.027988 -0.004466 -0.000531
0.157162 0.243977 -0.057898
0.153825 0.246400 -0.058005
0.119524 0.196686 -0.035870
0.097304 0.230252 -0.042503
0.007245 0.116679 -0.009090
0.000172 0.108972 -0.007892
0.002833 0.054346 -0.001960
-0.223839 0.122262 -0.044304
-0.252874 0.119832 -0.053672
-0.300105 0.101186 -0.069504
-0.271629 0.101771 -0.057837
-0.274419 0.088137 -0.057075
-0.273810 0.073969 -0.055196
-0.150420 -0.009922 -0.015176
-0.124278 -0.098800 -0.016852
-0.169649 -0.190328 -0.044271
-0.152124 -0.245204 -0.057212
-0.120867 -0.227697 -0.045290
-0.069020 -0.245892 -0.044427
-0.061382 -0.250247 -0.045245
-0.057234 -0.248858 -0.044412
0.076766 -0.111275 -0.012180
0.136842 -0.068714 -0.015663
0.008587 -0.038410 -0.001025
0.177305 -0.154113 -0.037410
0.233727 -0.109195 -0.045358
0.273525 -0.083518 -0.056158
0.209603 -0.071269 -0.033128
0.282737 -0.060222 -0.057427
0.202143 -0.036656 -0.028437
0.255330 -0.032685 -0.045154
0.327437 -0.147911 -0.090794
0.315395 -0.168482 -0.089869
FRAME 67 65
0.283547 0.062610 -0.057965
0.260273 0.113920 -0.055393
0.252454 0.035002 -0.044238
0.252236 0.040875 -0.044474
0.240370 0.138551 -0.052726
0.238565 0.095126 -0.044944
0.235021 0.073497 -0.041210
0.224456 0.121586 -0.044382
0.297718 0.164931 -0.080910
-0.072142 0.278734 -0.056948
-0.140123 0.275912 -0.066207
-0.018467 0.279042 -0.053602
-0.028540 0.234390 -0.037804
-0.119891 0.229344 -0.045654
-0.141693 0.217609 -0.045977
-0.207536 0.202038 -0.057658
-0.252087 -0.040952 -0.044425
-0.239464 -0.123851 -0.049682
-0.210692 -0.147808 -0.045138
-0.233436 -0.168019 -0.056823
0.104760 -0.288987 -0.065284
0.139254 -0.276980 -0.066459
0.099993 -0.270609 -0.057184
0.032638 -0.269500 -0.050400
0.079359 -0.260512 -0.050732
0.040397 -0.254238 -0.045159
0.085780 -0.243133 -0.045302
0.255918 -0.219049 -0.079163
0.079932 -0.003252 -0.004243
0.168043 0.291475 -0.078956
0.157155 0.243971 -0.057894
0.153824 0.246407 -0.058008
0.125687 0.250079 -0.053695
0.105970 0.276077 -0.060209
-0.149954 0.141574 -0.028660
-0.223839 0.122262 -0.044304
-0.271636 0.101779 -0.057841
-0.276125 0.091004 -0.058114
-0.247998 0.072602 -0.045514
-0.279225 0.036273 -0.054369
-0.232276 0.026042 -0.037023
-0.175494 -0.105687 -0.028274
-0.131769 -0.114313 -0.020393
-0.082440 -0.129249 -0.015700
-0.169641 -0.190328 -0.044270
-0.152134 -0.245174 -0.057204
-0.136543 -0.243688 -0.053475
-0.120858 -0.227705 -0.045291
-0.116857 -0.194482 -0.034835
-0.069020 -0.245892 -0.044427
-0.061382 -0.250254 -0.045248
-0.057234 -0.248858 -0.044412
-0.053282 -0.309985 -0.068506
0.111054 -0.134882 -0.020458
0.119630 -0.097336 -0.015892
0.146234 -0.089934 -0.019742
0.283838 -0.115203 -0.064813
0.233720 -0.109187 -0.045354
0.270506 -0.082436 -0.054858
0.255323 -0.032693 -0.045152
-0.199122 0.364621 -0.124324
-0.320753 0.030764 -0.072076
0.335428 -0.023806 -0.078870
0.319970 -0.066629 -0.074266
0.318526 -0.075620 -0.074528
FRAME 68 55
0.275023 0.081723 -0.056533
0.252025 0.106387 -0.051207
0.252447 0.034994 -0.044235
0.252236 0.040875 -0.044474
0.238565 0.095126 -0.044944
0.224442 0.121562 -0.044374
-0.019458 0.248109 -0.042120
-0.119868 0.229314 -0.045641
-0.141693 0.217609 -0.045977
-0.207529 0.202031 -0.057654
-0.252110 -0.040943 -0.044433
-0.210669 -0.147810 -0.045131
-0.233374 -0.168046 -0.056809
0.097647 -0.271308 -0.057124
0.100627 -0.270411 -0.057199
0.032630 -0.269500 -0.050400
0.079327 -0.260483 -0.050718
0.092691 -0.255731 -0.050608
0.040397 -0.254238 -0.045159
0.085789 -0.243133 -0.045303
0.093027 -0.235793 -0.043743
0.035749 -0.226658 -0.035649
0.017059 -0.215727 -0.031620
0.157155 0.243971 -0.057894
0.153824 0.246407 -0.058008
0.059841 0.289611 -0.060214
-0.214553 0.154966 -0.047821
-0.181997 0.138435 -0.035396
-0.223839 0.122262 -0.044304
-0.271629 0.101779 -0.057838
-0.228284 0.092245 -0.041200
-0.239516 0.060187 -0.041458
-0.239855 0.049245 -0.040734
-0.244442 0.044093 -0.041951
-0.155393 -0.139553 -0.029411
-0.038543 -0.158732 -0.017850
-0.180442 -0.188484 -0.046438
-0.169657 -0.190335 -0.044275
-0.152116 -0.245205 -0.057211
-0.120875 -0.227696 -0.045291
-0.073720 -0.201560 -0.031090
-0.069021 -0.245869 -0.044419
-0.061382 -0.250247 -0.045245
-0.057226 -0.248866 -0.044414
-0.040606 -0.241066 -0.040598
0.035219 -0.180419 -0.022680
-0.009973 -0.160204 -0.017230
0.033253 -0.108779 -0.008603
0.106600 -0.047526 -0.009060
-0.009527 -0.043875 -0.001334
0.182256 -0.175494 -0.043576
0.195289 -0.117569 -0.035169
0.267809 -0.109383 -0.057513
0.233727 -0.109195 -0.045358
0.255323 -0.032685 -0.045151
FRAME 69 50
0.255014 0.024045 -0.044696
0.252432 0.034986 -0.044230
0.252236 0.040875 -0.044474
0.238557 0.095135 -0.044942
0.224442 0.121562 -0.044374
-0.027116 0.331500 -0.077063
-0.119866 0.229345 -0.045650
-0.088136 0.227095 -0.040304
-0.141693 0.217609 -0.045977
-0.086516 0.205648 -0.033656
-0.207536 0.202038 -0.057658
-0.256514 -0.015129 -0.044990
-0.252094 -0.040960 -0.044429
-0.210669 -0.147810 -0.045131
-0.233381 -0.168046 -0.056812
0.097655 -0.271308 -0.057125
0.100627 -0.270418 -0.057202
0.032638 -0.269507 -0.050403
0.079336 -0.260483 -0.050719
0.040397 -0.254238 -0.045159
0.083959 -0.247483 -0.046587
0.104628 -0.245706 -0.048718
0.085780 -0.243133 -0.045302
0.141254 -0.214941 -0.045077
0.197039 -0.200073 -0.054063
0.074684 0.145812 -0.017956
0.157155 0.243971 -0.057894
0.153824 0.246407 -0.058008
0.131315 0.188591 -0.035758
0.062147 0.295180 -0.062761
-0.020050 0.136478 -0.012686
-0.148372 0.088393 -0.019983
-0.132464 0.032106 -0.012383
-0.223839 0.122262 -0.044304
-0.271629 0.101779 -0.057838
-0.170261 0.021916 -0.019740
-0.103380 -0.018910 -0.007338
-0.169649 -0.190328 -0.044271
-0.120858 -0.227713 -0.045293
-0.069021 -0.245869 -0.044419
-0.061373 -0.250255 -0.045247
-0.057226 -0.248866 -0.044414
-0.037315 -0.281034 -0.055145
0.117910 -0.146796 -0.023812
0.021875 -0.080796 -0.004646
0.042275 -0.080654 -0.005502
0.233727 -0.109186 -0.045357
0.255323 -0.032685 -0.045151
0.185606 -0.027587 -0.023648
-0.088184 -0.345473 -0.089320
FRAME 70 81
0.266982 0.041494 -0.049908
0.252432 0.034986 -0.044230
0.252236 0.040884 -0.044474
0.238557 0.095135 -0.044942
0.224442 0.121554 -0.044373
0.210257 0.279402 -0.085690
-0.107495 0.310443 -0.075080
-0.060482 0.310030 -0.069122
-0.100281 0.264078 -0.054732
-0.039486 0.237324 -0.039286
-0.051310 0.237142 -0.039975
-0.119900 0.229336 -0.045653
-0.076228 0.221010 -0.037041
-0.141693 0.217609 -0.045977
-0.180493 0.234343 -0.060243
-0.207536 0.202038 -0.057658
-0.252103 -0.040926 -0.044430
-0.222021 -0.089032 -0.038825
-0.210669 -0.147810 -0.045131
-0.321043 -0.207207 -0.103622
-0.233379 -0.168077 -0.056818
0.025631 -0.298086 -0.061693
0.090192 -0.283425 -0.060940
0.097630 -0.271309 -0.057122
0.100619 -0.270419 -0.057201
0.032638 -0.269500 -0.050400
0.079327 -0.260491 -0.050721
0.040405 -0.254230 -0.045157
0.085780 -0.243133 -0.045302
0.137371 -0.240160 -0.052423
0.061709 -0.239165 -0.041470
0.146203 -0.326585 -0.089998
0.104872 0.000731 -0.007307
0.157162 0.243977 -0.057898
0.153816 0.246408 -0.058006
0.119804 0.260951 -0.056627
0.054718 0.249665 -0.044497
-0.072264 0.124679 -0.013856
-0.289427 0.128936 -0.069570
-0.285445 0.120524 -0.066383
-0.223839 0.122262 -0.044304
-0.165719 0.109419 -0.026537
-0.265398 0.104551 -0.055855
-0.271643 0.101778 -0.057843
-0.279654 0.073730 -0.057481
-0.193822 0.047152 -0.026780
-0.300529 0.021955 -0.062621
-0.061777 -0.147776 -0.017155
-0.169641 -0.190328 -0.044270
-0.163588 -0.231767 -0.055220
-0.152093 -0.245206 -0.057206
-0.145664 -0.300572 -0.077750
-0.120867 -0.227697 -0.045290
-0.069021 -0.245869 -0.044419
-0.061382 -0.250254 -0.045248
-0.057226 -0.248866 -0.044414
-0.028002 -0.235356 -0.038098
0.116304 -0.142673 -0.022742
0.059918 -0.083166 -0.006978
0.233742 -0.109202 -0.045364
0.255323 -0.032693 -0.045152
0.005396 0.359099 -0.090710
0.064641 -0.363329 -0.096145
0.057490 -0.383988 -0.107271
0.030545 -0.374694 -0.100052
0.030503 -0.359507 -0.091608
0.000310 -0.386586 -0.106267
0.025569 0.347911 -0.085260
0.063564 0.345380 -0.086477
0.048110 0.326653 -0.075878
-0.316430 0.047404 -0.071015
0.354928 -0.039458 -0.089622
0.342049 -0.028338 -0.082364
0.338308 -0.097431 -0.086938
0.331428 -0.048719 -0.078235
0.326011 -0.136866 -0.087738
0.330180 -0.064953 -0.078987
0.329977 -0.038260 -0.076858
0.325180 -0.067991 -0.076869
0.318436 -0.116396 -0.080252
0.315767 -0.080403 -0.073792
FRAME 71 181
0.299459 0.002834 -0.061817
0.279487 0.106630 -0.061672
0.261907 0.129973 -0.058803
0.252432 0.034986 -0.044230
0.252236 0.040875 -0.044474
0.247318 0.034207 -0.042400
0.238565 0.095135 -0.044945
0.231407 0.056126 -0.038462
0.224442 0.121562 -0.044374
0.212847 0.091378 -0.036344
0.209578 0.049934 -0.031335
0.205491 0.128385 -0.039864
0.203040 0.140634 -0.041466
0.290932 0.268732 -0.111992
0.255661 0.212332 -0.076930
0.249129 0.249344 -0.087156
0.219649 0.220904 -0.067137
0.206017 0.179544 -0.051097
0.193896 0.295925 -0.087851
0.202519 0.212204 -0.059202
-0.058052 0.310967 -0.069336
-0.052234 0.307537 -0.067327
-0.002561 0.292458 -0.058839
-0.004211 0.292429 -0.058834
-0.091943 0.259739 -0.051976
-0.057319 0.258051 -0.047700
-0.017470 0.252188 -0.043498
-0.007271 0.243171 -0.040196
-0.119866 0.229345 -0.045650
-0.143499 0.224491 -0.048485
-0.024171 0.225960 -0.034949
-0.114950 0.221406 -0.042328
-0.141685 0.217610 -0.045975
-0.180849 0.317358 -0.094055
-0.202126 0.238780 -0.067737
-0.172664 0.225872 -0.055472
-0.207529 0.202031 -0.057654
-0.186326 0.202775 -0.051917
-0.270118 -0.104793 -0.057698
-0.252094 -0.040960 -0.044429
-0.217454 -0.067645 -0.035101
-0.210692 -0.147808 -0.045138
-0.331792 -0.168537 -0.097893
-0.309877 -0.177711 -0.089677
-0.292786 -0.185178 -0.084008
-0.248701 -0.217932 -0.076120
-0.233381 -0.168046 -0.056812
-0.219757 -0.193570 -0.058999
-0.213007 -0.210179 -0.061718
-0.200812 -0.251299 -0.071819
-0.006514 -0.334493 -0.078021
-0.001770 -0.292533 -0.058868
0.081889 -0.290464 -0.062820
0.124457 -0.280432 -0.065027
0.145410 -0.272930 -0.066115
0.100010 -0.270601 -0.057184
0.032638 -0.269507 -0.050403
0.122044 -0.264487 -0.058344
0.079335 -0.260491 -0.050722
0.040397 -0.254238 -0.045159
0.015945 -0.248029 -0.042005
0.085780 -0.243133 -0.045302
0.141307 -0.239837 -0.053093
0.139776 -0.236633 -0.051702
0.085239 -0.221773 -0.038288
0.029847 -0.218520 -0.032872
0.267317 -0.238552 -0.090248
0.176377 -0.210180 -0.051526
0.136219 -0.002316 -0.012372
0.118999 0.102694 -0.016514
0.112611 0.073748 -0.012076
0.105257 0.023335 -0.007724
0.102574 0.123021 -0.017156
0.079465 0.084285 -0.008924
0.070604 0.121656 -0.013195
0.173717 0.203736 -0.048978
0.157155 0.243971 -0.057894
0.153824 0.246407 -0.058008
0.156290 0.161708 -0.034210
0.138801 0.280850 -0.067934
0.133443 0.226194 -0.047061
0.130280 0.266945 -0.060773
0.120845 0.212084 -0.040474
0.112311 0.295684 -0.069315
0.101840 0.225285 -0.041551
0.079217 0.238421 -0.042949
0.072750 0.245106 -0.044527
0.059177 0.306819 -0.067569
0.049517 0.264630 -0.049540
-0.128290 0.165641 -0.029599
-0.030345 0.148172 -0.015278
-0.144631 0.108145 -0.021877
-0.126132 0.103026 -0.017743
-0.079148 0.099747 -0.010796
-0.064143 0.025632 -0.003161
-0.248009 0.146200 -0.056938
-0.297445 0.138787 -0.074937
-0.170786 0.143158 -0.033577
-0.223839 0.122262 -0.044304
-0.271636 0.101779 -0.057841
-0.244142 0.101163 -0.047674
-0.194587 0.100324 -0.032379
-0.179399 0.099161 -0.028307
-0.207438 0.097499 -0.035569
-0.278050 0.093177 -0.059165
-0.236104 0.056073 -0.039989
-0.200787 0.039689 -0.028221
-0.197110 0.027088 -0.026640
-0.182102 -0.026290 -0.022721
-0.162087 -0.072332 -0.021123
-0.158005 -0.087324 -0.021862
-0.121009 -0.157355 -0.026515
-0.110798 -0.088121 -0.013368
-0.105443 0.003743 -0.007396
-0.081829 -0.056910 -0.006597
-0.069113 -0.026481 -0.003630
-0.030666 -0.126357 -0.011261
-0.163699 -0.302364 -0.082676
-0.169650 -0.190320 -0.044269
-0.152093 -0.245206 -0.057206
-0.146836 -0.263369 -0.062710
-0.137648 -0.255378 -0.057855
-0.136063 -0.200944 -0.039991
-0.120874 -0.227719 -0.045298
-0.118549 -0.211373 -0.039880
-0.107650 -0.289339 -0.065876
-0.089948 -0.258100 -0.051116
-0.069020 -0.245892 -0.044427
-0.061373 -0.250255 -0.045247
-0.057226 -0.248866 -0.044414
0.023839 -0.174191 -0.020719
0.083247 -0.128036 -0.015580
0.054033 -0.094076 -0.007822
0.120667 -0.081145 -0.014111
0.085995 -0.072037 -0.008366
0.020596 -0.071589 -0.003678
0.037684 -0.071097 -0.004293
0.025800 -0.052992 -0.002300
0.125168 -0.050160 -0.012118
0.274952 -0.152044 -0.068350
0.239820 -0.138415 -0.052512
0.233720 -0.109187 -0.045354
0.261998 -0.093989 -0.053084
0.291403 -0.085091 -0.063599
0.223677 -0.074712 -0.037706
0.275914 -0.073599 -0.055982
0.209708 -0.064930 -0.032562
0.196140 -0.054292 -0.027896
0.206959 -0.050076 -0.030593
0.289193 -0.041852 -0.058728
0.182660 -0.042787 -0.023637
0.255323 -0.032693 -0.045152
0.359187 0.265794 -0.146112
-0.161554 0.426073 -0.152683
0.226124 -0.385185 -0.145979
0.198965 -0.437497 -0.172347
0.401168 0.085300 -0.120863
0.405444 0.000390 -0.117859
0.368533 -0.000611 -0.095865
-0.014366 0.387228 -0.106808
-0.375693 -0.027749 -0.100498
0.066130 -0.416073 -0.128206
0.062183 -0.385741 -0.108744
0.028115 -0.396135 -0.112656
0.013444 -0.416558 -0.125198
0.232275 0.387968 -0.150065
0.247568 0.361452 -0.139815
0.076237 0.405947 -0.122750
0.138826 0.337419 -0.093830
0.067904 0.321553 -0.075137
-0.413275 0.168494 -0.145723
-0.405529 0.042778 -0.119349
-0.332899 0.138380 -0.091454
-0.319682 0.034400 -0.071748
-0.273693 -0.321895 -0.129030
-0.055621 -0.374583 -0.101636
-0.112098 -0.330887 -0.085525
0.322666 -0.178609 -0.096015
0.306802 -0.204157 -0.095858
0.388501 -0.039058 -0.108587
0.373921 -0.051940 -0.100956
FRAME 72 73
0.304627 0.079328 -0.068623
0.259400 0.066600 -0.049005
0.255448 0.034961 -0.045305
0.252432 0.034986 -0.044230
0.252236 0.040875 -0.044474
0.247792 0.063574 -0.044578
0.244021 0.031986 -0.041163
0.238557 0.095135 -0.044942
0.224442 0.121562 -0.044374
0.307240 0.222501 -0.102016
0.255784 0.263908 -0.095302
-0.111345 0.294661 -0.068719
-0.119868 0.229322 -0.045643
-0.141693 0.217609 -0.045977
-0.253872 0.225683 -0.080573
-0.207536 0.202038 -0.057658
-0.285483 -0.093743 -0.062252
-0.278258 -0.122181 -0.063743
-0.263999 -0.046987 -0.049132
-0.252109 -0.040960 -0.044434
-0.220644 -0.151754 -0.048997
-0.210692 -0.147808 -0.045138
-0.213850 -0.048554 -0.032490
-0.206456 -0.142754 -0.042866
-0.269353 -0.256841 -0.097914
-0.259601 -0.213693 -0.078854
-0.233374 -0.168046 -0.056809
0.099994 -0.270594 -0.057179
0.032638 -0.269507 -0.050403
0.079336 -0.260483 -0.050719
0.040397 -0.254238 -0.045159
0.085780 -0.243133 -0.045302
0.158678 0.064345 -0.019638
0.133824 0.143621 -0.025921
0.106463 0.014456 -0.007670
0.037628 0.106893 -0.008538
0.157155 0.243971 -0.057894
0.153824 0.246407 -0.058008
0.030210 0.272266 -0.051354
-0.001261 0.177021 -0.021010
-0.140752 0.113817 -0.021981
-0.145045 0.082344 -0.018620
-0.223839 0.122262 -0.044304
-0.271636 0.101770 -0.057840
-0.184686 -0.096905 -0.029326
-0.116425 -0.123599 -0.019307
-0.036496 -0.081100 -0.005247
-0.169649 -0.190328 -0.044271
-0.152093 -0.245206 -0.057206
-0.135941 -0.276026 -0.065416
-0.121797 -0.267101 -0.059297
-0.120866 -0.227712 -0.045294
-0.069021 -0.245869 -0.044419
-0.061373 -0.250255 -0.045247
-0.057193 -0.248837 -0.044401
0.233742 -0.109202 -0.045364
0.247994 -0.093919 -0.048014
0.188356 -0.049990 -0.025538
0.255323 -0.032685 -0.045151
0.169547 -0.024685 -0.019663
-0.377602 -0.026933 -0.101562
-0.427077 0.000072 -0.132124
0.019295 -0.375166 -0.099894
0.093500 0.422548 -0.136056
0.069029 0.339325 -0.083928
-0.177367 -0.343297 -0.106162
-0.053370 -0.420868 -0.130191
-0.145302 -0.359242 -0.106821
-0.083886 -0.358083 -0.095444
-0.040248 -0.331258 -0.077596
0.343357 -0.274469 -0.140862
0.382985 -0.121988 -0.115650
0.382976 -0.056095 -0.106551
FRAME 73 82
0.252424 0.034994 -0.044227
0.252236 0.040875 -0.044474
0.238565 0.095135 -0.044945
0.224434 0.121562 -0.044372
-0.103634 0.258989 -0.053324
-0.035922 0.244981 -0.041678
-0.119833 0.229354 -0.045647
-0.141693 0.217609 -0.045977
-0.061587 0.205749 -0.031135
-0.207536 0.202038 -0.057658
-0.163680 0.202345 -0.046191
-0.252109 -0.040960 -0.044434
-0.245192 -0.071500 -0.044430
-0.210669 -0.147810 -0.045131
-0.233383 -0.168022 -0.056807
0.112217 -0.277271 -0.061664
0.097663 -0.271308 -0.057126
0.100620 -0.270397 -0.057192
0.032638 -0.269507 -0.050403
0.079344 -0.260490 -0.050722
0.040397 -0.254238 -0.045159
0.085780 -0.243141 -0.045305
0.034888 -0.235556 -0.038465
0.136062 -0.213248 -0.043557
0.126040 -0.209494 -0.040607
0.218045 -0.203569 -0.061313
0.172775 0.151821 -0.035821
0.161981 0.001781 -0.017552
0.093745 0.109515 -0.013866
0.069973 0.088866 -0.008506
0.029436 0.116575 -0.009618
0.172428 0.226685 -0.055677
0.157163 0.243970 -0.057895
0.153824 0.246407 -0.058008
0.147548 0.219340 -0.047703
0.087271 0.169912 -0.024519
0.072565 0.246360 -0.044941
0.039740 0.307100 -0.066299
0.004284 0.180218 -0.021798
-0.063238 0.148118 -0.017347
-0.008352 0.099738 -0.006652
-0.054781 0.087091 -0.007031
-0.032504 0.070618 -0.004006
-0.085160 0.071092 -0.008180
-0.103593 0.053454 -0.009038
-0.007455 0.044153 -0.001327
-0.175974 0.157976 -0.037922
-0.223846 0.122270 -0.044308
-0.271636 0.101787 -0.057842
-0.212828 0.093219 -0.036575
-0.178602 -0.032393 -0.022105
-0.150476 -0.132477 -0.027056
-0.123424 -0.144872 -0.024338
-0.089045 -0.034922 -0.006073
-0.071277 -0.149570 -0.018372
-0.068212 0.004129 -0.003094
-0.169649 -0.190328 -0.044271
-0.152126 -0.245175 -0.057202
-0.120858 -0.227705 -0.045291
-0.104923 -0.186633 -0.030938
-0.069020 -0.245892 -0.044427
-0.062186 -0.287992 -0.059749
-0.061373 -0.250255 -0.045247
-0.057226 -0.248866 -0.044414
-0.056684 -0.195726 -0.027967
0.113268 -0.136892 -0.021167
0.142137 -0.055582 -0.015559
0.091504 -0.051435 -0.007320
0.171295 -0.157330 -0.036651
0.218521 -0.135090 -0.044971
0.233727 -0.109186 -0.045357
0.255330 -0.032693 -0.045154
-0.384553 -0.100314 -0.112835
-0.360969 -0.049964 -0.093582
0.056424 -0.390182 -0.110881
0.004897 -0.388271 -0.107291
-0.313388 0.242952 -0.112287
-0.036019 -0.407813 -0.120389
-0.036399 -0.339978 -0.081703
0.353381 -0.160489 -0.107180
0.330666 -0.060196 -0.078785
0.316269 -0.068385 -0.072715
FRAME 74 74
0.275506 0.027411 -0.052499
0.252432 0.034986 -0.044230
0.252236 0.040875 -0.044474
0.249448 0.023114 -0.042695
0.243013 -0.005206 -0.040124
0.238557 0.095135 -0.044942
0.224442 0.121562 -0.044374
0.284556 0.216252 -0.089776
-0.006310 0.317488 -0.069895
-0.084492 0.304799 -0.069314
-0.093703 0.298244 -0.067634
-0.050712 0.256182 -0.046519
-0.098240 0.251416 -0.049809
-0.041830 0.232620 -0.037879
-0.119866 0.229345 -0.045650
-0.141693 0.217609 -0.045977
-0.194187 0.221403 -0.059692
-0.207529 0.202031 -0.057654
-0.252109 -0.040951 -0.044433
-0.228623 -0.115662 -0.044721
-0.213473 -0.105057 -0.038399
-0.210692 -0.147808 -0.045138
-0.249467 -0.179513 -0.065263
-0.233383 -0.168022 -0.056807
-0.211242 -0.225771 -0.066086
0.145549 -0.281780 -0.069710
0.097663 -0.271308 -0.057126
0.100610 -0.270427 -0.057202
0.032630 -0.269500 -0.050400
0.079335 -0.260491 -0.050722
0.040405 -0.254237 -0.045159
0.085789 -0.243133 -0.045303
0.103670 -0.231855 -0.043920
0.083298 -0.230946 -0.040957
0.144972 -0.224517 -0.048793
0.075038 0.017053 -0.003925
0.157155 0.243971 -0.057894
0.153824 0.246407 -0.058008
0.054084 0.278656 -0.055289
-0.116396 0.161572 -0.026686
-0.128657 0.158504 -0.028073
-0.056103 0.122830 -0.012153
-0.081343 0.066398 -0.007324
-0.142338 0.047776 -0.015053
-0.223839 0.122270 -0.044305
-0.271636 0.101779 -0.057841
-0.296025 0.065730 -0.063451
-0.238338 0.021472 -0.038857
-0.091574 -0.049929 -0.007226
-0.079300 -0.047119 -0.005646
-0.066087 -0.111752 -0.011227
-0.053182 -0.096435 -0.008061
-0.169649 -0.190328 -0.044271
-0.156494 -0.239348 -0.056148
-0.152093 -0.245206 -0.057206
-0.148613 -0.266437 -0.064263
-0.120857 -0.227720 -0.045296
-0.100675 -0.288094 -0.064305
-0.089864 -0.294804 -0.065644
-0.069036 -0.245899 -0.044431
-0.061382 -0.250247 -0.045245
-0.057226 -0.248866 -0.044414
0.069335 -0.157349 -0.019806
0.189408 -0.156383 -0.040996
0.217844 -0.149413 -0.047632
0.254309 -0.144251 -0.058798
0.272795 -0.112713 -0.059975
0.233720 -0.109187 -0.045354
0.255323 -0.032685 -0.045151
-0.217771 0.344013 -0.118945
-0.031965 0.461788 -0.158202
0.122139 -0.376808 -0.112026
0.025473 0.424926 -0.131176
-0.076208 -0.335881 -0.082975
FRAME 75 44
0.252432 0.034986 -0.044230
0.252236 0.040875 -0.044474
0.238557 0.095135 -0.044942
0.235699 0.026690 -0.038161
0.224442 0.121562 -0.044374
0.220190 0.089441 -0.038312
0.206233 0.127079 -0.039844
-0.058787 0.279050 -0.055825
-0.119866 0.229345 -0.045650
-0.141693 0.217609 -0.045977
-0.207536 0.202038 -0.057658
-0.252834 -0.080774 -0.048104
-0.252094 -0.040960 -0.044429
-0.230584 -0.148649 -0.051513
-0.210692 -0.147808 -0.045138
-0.233381 -0.168046 -0.056812
-0.198851 -0.266426 -0.076987
0.031933 -0.313005 -0.068551
0.100002 -0.270601 -0.057183
0.032638 -0.269507 -0.050403
0.079336 -0.260483 -0.050719
0.040405 -0.254237 -0.045159
0.085780 -0.243133 -0.045302
0.167698 -0.205553 -0.048052
0.176830 0.074009 -0.024696
0.157155 0.243971 -0.057894
0.153824 0.246407 -0.058008
0.004563 0.155183 -0.016106
-0.190762 0.171126 -0.044741
-0.223839 0.122262 -0.044304
-0.271636 0.101779 -0.057841
-0.253392 0.041389 -0.044914
-0.108563 -0.036768 -0.008736
-0.064867 -0.142494 -0.016383
-0.169650 -0.190320 -0.044269
-0.120866 -0.227712 -0.045294
-0.103085 -0.182437 -0.029609
-0.077242 -0.248746 -0.046265
-0.069021 -0.245869 -0.044419
-0.061373 -0.250255 -0.045247
-0.057226 -0.248866 -0.044414
0.083850 -0.059176 -0.006995
0.233719 -0.109195 -0.045356
0.255323 -0.032685 -0.045151
FRAME 76 55
0.252432 0.034986 -0.044230
0.252236 0.040875 -0.044474
0.238557 0.095135 -0.044942
0.239307 0.067130 -0.042006
0.224442 0.121562 -0.044374
0.301273 0.158254 -0.080888
-0.134995 0.299709 -0.075168
-0.117449 0.267832 -0.058832
-0.119866 0.229345 -0.045650
-0.141685 0.217610 -0.045975
-0.263289 0.274610 -0.102649
-0.207535 0.202045 -0.057660
-0.252094 -0.040960 -0.044429
-0.210692 -0.147808 -0.045138
-0.233380 -0.168069 -0.056817
0.017847 -0.285186 -0.056057
0.097663 -0.271308 -0.057126
0.100627 -0.270418 -0.057202
0.032638 -0.269507 -0.050403
0.079335 -0.260491 -0.050722
0.057722 -0.259254 -0.048172
0.040397 -0.254238 -0.045159
0.085780 -0.243141 -0.045305
0.213677 -0.232811 -0.069182
0.186349 -0.227675 -0.059573
0.125616 0.049610 -0.012157
0.063378 0.038581 -0.003648
0.157155 0.243971 -0.057894
0.153824 0.246407 -0.058008
0.147668 0.215299 -0.046490
0.123165 0.282346 -0.065575
-0.298676 0.150594 -0.077990
-0.223839 0.122262 -0.044304
-0.271636 0.101779 -0.057841
-0.264788 0.058650 -0.050299
-0.150866 -0.111816 -0.023684
-0.112710 -0.011799 -0.008539
-0.169649 -0.190328 -0.044271
-0.152124 -0.245204 -0.057212
-0.120857 -0.227720 -0.045296
-0.069020 -0.245892 -0.044427
-0.061373 -0.250255 -0.045247
-0.057226 -0.248866 -0.044414
-0.046758 -0.250399 -0.044187
0.134252 -0.161099 -0.029654
0.038041 -0.030255 -0.001563
0.233720 -0.109187 -0.045354
0.277636 -0.064204 -0.055738
0.223304 -0.054358 -0.035765
0.255323 -0.032685 -0.045151
0.084431 0.365044 -0.099333
-0.332612 0.089842 -0.083033
-0.081358 -0.361850 -0.097182
-0.072953 -0.341129 -0.085256
-0.068843 -0.330659 -0.079605
FRAME 77 73
0.252432 0.034986 -0.044230
0.252236 0.040875 -0.044474
0.238557 0.095135 -0.044942
0.224442 0.121562 -0.044374
0.210616 0.040523 -0.031049
0.208617 0.265870 -0.079704
-0.069916 0.269696 -0.053188
-0.023699 0.266474 -0.048896
-0.051297 0.250247 -0.044447
-0.119866 0.229345 -0.045650
-0.141694 0.217602 -0.045974
-0.154789 0.319869 -0.088681
-0.243726 0.231309 -0.078742
-0.222603 0.229757 -0.070990
-0.207535 0.202045 -0.057660
-0.253677 0.196972 -0.071581
-0.252109 -0.040960 -0.044434
-0.210692 -0.147808 -0.045138
-0.233401 -0.168076 -0.056825
0.082209 -0.306724 -0.069894
0.132274 -0.291331 -0.071011
0.123433 -0.288530 -0.068183
0.099993 -0.270609 -0.057184
0.032630 -0.269508 -0.050402
0.079344 -0.260483 -0.050720
0.040405 -0.254245 -0.045162
0.146666 -0.244536 -0.055813
0.085789 -0.243133 -0.045303
0.074283 -0.223741 -0.037682
0.138652 -0.202622 -0.040961
0.188916 -0.321721 -0.098427
0.160341 -0.283273 -0.073630
0.265285 -0.244823 -0.091713
0.286698 -0.205994 -0.087449
0.241892 -0.207282 -0.070360
0.159958 0.300257 -0.080838
0.157155 0.243971 -0.057894
0.153825 0.246400 -0.058005
0.089104 0.303729 -0.069423
-0.102560 0.102112 -0.013976
-0.223831 0.122262 -0.044302
-0.271636 0.101787 -0.057842
-0.263326 0.084693 -0.052399
-0.269077 0.030232 -0.050132
-0.128379 0.002811 -0.010981
-0.058827 -0.087144 -0.007344
-0.038903 -0.119863 -0.010573
-0.180440 -0.188515 -0.046445
-0.169657 -0.190335 -0.044275
-0.152126 -0.245175 -0.057202
-0.146142 -0.191239 -0.039320
-0.120867 -0.227682 -0.045285
-0.069004 -0.245877 -0.044420
-0.061381 -0.250262 -0.045250
-0.057202 -0.248836 -0.044402
-0.044613 -0.223142 -0.035046
-0.010631 -0.129460 -0.011238
0.228231 -0.161849 -0.053658
0.282190 -0.140553 -0.068838
0.192338 -0.140250 -0.038438
0.295377 -0.118752 -0.070267
0.233734 -0.109203 -0.045362
0.255330 -0.032685 -0.045154
-0.192479 0.354364 -0.116480
0.097806 0.324016 -0.079958
-0.318095 0.059402 -0.072723
-0.240243 -0.332811 -0.121075
-0.042880 -0.350774 -0.087638
-0.060271 -0.325932 -0.076501
0.335055 -0.071417 -0.082039
0.324250 -0.173279 -0.095371
0.325281 -0.027932 -0.074096
0.317281 -0.058767 -0.072290
FRAME 78 278
0.264183 0.147680 -0.063199
0.268318 0.003520 -0.049205
0.254967 0.113336 -0.053351
0.251833 0.122865 -0.053822
0.252454 0.034994 -0.044238
0.252236 0.040875 -0.044474
0.245344 0.129235 -0.052670
0.237861 0.148875 -0.053983
0.238565 0.095135 -0.044945
0.238273 0.047890 -0.040114
0.233086 0.047523 -0.038384
0.232510 0.079440 -0.041025
0.232095 0.086672 -0.041730
0.224442 0.121554 -0.044373
0.216110 0.125359 -0.042457
0.219003 0.020257 -0.032686
0.290452 0.201654 -0.087746
0.268208 0.222708 -0.085140
0.264776 0.222830 -0.083819
0.240445 0.175606 -0.061074
0.226033 0.290256 -0.095504
0.221238 0.206625 -0.063227
-0.059794 0.336330 -0.081542
-0.018419 0.325094 -0.073684
-0.096247 0.318968 -0.077340
-0.103082 0.300877 -0.070124
0.002419 0.297809 -0.061106
-0.123014 0.288371 -0.068041
-0.095547 0.285938 -0.062686
-0.072930 0.279359 -0.057279
0.000307 0.269002 -0.049456
0.008579 0.231596 -0.036384
-0.119867 0.229337 -0.045648
-0.135375 0.228230 -0.048080
-0.056255 0.228374 -0.037502
0.006280 0.227282 -0.034986
-0.093790 0.223041 -0.039748
-0.141693 0.217609 -0.045977
-0.098477 0.215659 -0.038119
-0.147265 0.206874 -0.043905
-0.257959 0.299454 -0.111494
-0.164398 0.282214 -0.074157
-0.174148 0.275727 -0.073923
-0.265723 0.263783 -0.099185
-0.212632 0.238317 -0.070747
-0.270872 0.219410 -0.085123
-0.258035 0.210246 -0.077179
-0.207529 0.202031 -0.057654
-0.157395 0.201857 -0.044632
-0.332441 -0.064718 -0.080072
-0.283079 -0.034725 -0.055835
-0.280527 -0.051234 -0.055821
-0.275970 -0.120852 -0.062595
-0.267771 -0.019717 -0.049264
-0.267340 -0.025134 -0.049272
-0.265919 -0.060194 -0.050854
-0.255228 -0.063724 -0.047224
-0.252109 -0.040960 -0.044434
-0.244653 -0.097112 -0.047283
-0.229574 -0.075842 -0.039687
-0.210669 -0.147810 -0.045131
-0.214927 -0.019477 -0.031443
-0.328192 -0.194855 -0.103374
-0.303760 -0.236443 -0.105289
-0.222884 -0.212486 -0.065530
0.099706 -0.306912 -0.072301
0.022542 -0.292180 -0.059082
0.084708 -0.290337 -0.063105
0.123192 -0.286556 -0.067315
-0.008236 -0.275687 -0.052085
0.097652 -0.271358 -0.057144
0.100611 -0.270405 -0.057194
0.032638 -0.269507 -0.050403
0.063898 -0.267397 -0.051739
0.079360 -0.260504 -0.050729
0.040405 -0.254237 -0.045159
0.131339 -0.241824 -0.051842
0.085789 -0.243126 -0.045300
0.071487 -0.239953 -0.042646
0.039799 -0.237725 -0.039437
0.135250 -0.229313 -0.048407
0.129734 -0.227106 -0.046665
0.017007 -0.227652 -0.035276
0.103130 -0.223721 -0.041245
-0.002189 -0.219129 -0.032444
0.048999 -0.208320 -0.030909
0.230000 -0.255947 -0.082815
0.193513 -0.253504 -0.070531
0.155550 -0.254724 -0.061383
0.163877 -0.241135 -0.058454
0.172830 0.117242 -0.029407
0.170915 0.130426 -0.031202
0.148565 -0.003471 -0.014743
0.148565 -0.000883 -0.014736
0.139328 0.099651 -0.019654
0.136234 0.136795 -0.025056
0.137916 -0.007592 -0.012720
0.134222 0.156117 -0.028562
0.126129 0.101266 -0.017499
0.120914 0.118564 -0.019203
0.093227 0.118396 -0.015165
0.092663 0.005957 -0.005722
0.089318 0.126838 -0.016081
0.075058 0.015959 -0.003903
0.075107 -0.000363 -0.003739
0.063702 0.062482 -0.005282
0.060420 0.022271 -0.002746
0.056534 0.003251 -0.002123
0.051520 0.108504 -0.009599
0.029292 0.054673 -0.002548
0.167784 0.220910 -0.052711
0.162836 0.159565 -0.035180
0.157171 0.243962 -0.057895
0.154543 0.273227 -0.068220
0.153824 0.246407 -0.058008
0.134309 0.205734 -0.041021
0.103445 0.249643 -0.049923
0.095034 0.283291 -0.061530
0.094678 0.297713 -0.067538
0.087481 0.304444 -0.069531
0.085358 0.171832 -0.024742
0.069261 0.275846 -0.055513
0.058580 0.200450 -0.029404
0.055831 0.275523 -0.054189
0.045328 0.250865 -0.044259
0.040630 0.261938 -0.047973
0.028153 0.286966 -0.057123
-0.047504 0.175668 -0.022220
-0.080114 0.171847 -0.024152
-0.141594 0.169579 -0.032985
-0.083957 0.167198 -0.023507
-0.005922 0.165744 -0.018409
-0.135894 0.158980 -0.029493
-0.003866 0.144395 -0.013922
-0.009495 0.137397 -0.012646
-0.149562 0.126499 -0.025808
-0.149947 0.113375 -0.023735
-0.111586 0.113368 -0.016918
-0.139259 0.078655 -0.017104
-0.081111 0.069492 -0.007580
-0.001621 0.068713 -0.003130
-0.131899 0.057129 -0.013785
-0.089037 0.051528 -0.007029
-0.062667 0.041039 -0.003719
-0.151786 0.027871 -0.015912
0.010875 0.026074 -0.000528
-0.088448 0.025565 -0.005625
-0.173278 0.158591 -0.037402
-0.157712 0.155069 -0.033064
-0.299866 0.125370 -0.073399
-0.223831 0.122279 -0.044304
-0.271560 0.101855 -0.057823
-0.254627 0.096189 -0.050677
-0.285134 0.093771 -0.062113
-0.198285 0.092411 -0.032329
-0.224954 0.086636 -0.039446
-0.293546 0.077609 -0.063626
-0.249052 0.073812 -0.046008
-0.293304 0.071518 -0.062868
-0.203348 0.073013 -0.031518
-0.195250 0.069228 -0.028925
-0.195221 0.066029 -0.028619
-0.221265 0.055859 -0.035251
-0.299646 0.051283 -0.063788
-0.160895 0.051977 -0.019142
-0.161604 0.048964 -0.019091
-0.199471 0.038729 -0.027808
-0.167516 -0.007945 -0.018828
-0.163004 -0.144301 -0.032009
-0.145178 -0.050208 -0.015765
-0.135845 -0.138576 -0.025319
-0.135067 -0.042993 -0.013401
-0.114114 -0.024323 -0.009054
-0.112126 -0.032870 -0.009080
-0.104406 -0.140751 -0.020584
-0.089725 -0.019431 -0.005593
-0.082016 -0.006303 -0.004487
-0.072940 -0.145340 -0.017689
-0.070378 -0.123852 -0.013537
-0.048668 -0.105321 -0.008952
-0.031219 -0.115272 -0.009488
-0.171935 -0.173825 -0.040609
-0.169642 -0.190312 -0.044266
-0.160364 -0.253554 -0.062049
-0.152126 -0.245175 -0.057202
-0.139764 -0.247453 -0.055427
-0.131726 -0.202838 -0.039714
-0.126856 -0.253736 -0.055218
-0.120867 -0.227697 -0.045290
-0.111452 -0.211061 -0.038650
-0.109583 -0.192051 -0.033045
-0.105486 -0.274488 -0.059508
-0.101656 -0.272559 -0.058183
-0.101524 -0.247116 -0.048757
-0.093802 -0.244082 -0.046641
-0.089903 -0.272959 -0.056728
-0.078353 -0.298455 -0.065810
-0.079773 -0.180930 -0.026306
-0.073072 -0.263950 -0.051331
-0.069004 -0.245870 -0.044417
-0.064762 -0.309287 -0.069177
-0.061373 -0.250255 -0.045247
-0.060765 -0.242360 -0.042466
-0.057226 -0.248858 -0.044412
-0.049491 -0.279661 -0.055350
-0.048222 -0.253068 -0.045229
-0.046863 -0.283560 -0.056737
-0.043978 -0.310208 -0.067949
0.049137 -0.155488 -0.017789
0.091706 -0.144068 -0.019534
-0.010194 -0.139273 -0.013004
0.049610 -0.125895 -0.012204
0.052643 -0.107611 -0.009548
0.008520 -0.095806 -0.006141
-0.010120 -0.091151 -0.005581
0.095307 -0.089119 -0.011341
0.127856 -0.080860 -0.015284
0.069313 -0.072727 -0.006703
0.144117 -0.071404 -0.017300
0.053532 -0.070560 -0.005204
0.013421 -0.025402 -0.000546
0.147104 -0.024126 -0.014836
0.171527 -0.168937 -0.039342
0.177805 -0.159997 -0.038821
0.240358 -0.135010 -0.052034
0.187858 -0.134107 -0.036082
0.268944 -0.126554 -0.060855
0.211852 -0.126363 -0.041359
0.246657 -0.114977 -0.050658
0.178315 -0.117426 -0.030762
0.248095 -0.110902 -0.050510
0.258208 -0.109803 -0.053974
0.233727 -0.109186 -0.045357
0.273629 -0.107840 -0.059530
0.259076 -0.099271 -0.052727
0.185756 -0.097644 -0.029698
0.210109 -0.093050 -0.035754
0.297584 -0.079233 -0.065535
0.219039 -0.069342 -0.035742
0.259645 -0.058486 -0.048378
0.265056 -0.054555 -0.050071
0.261122 -0.040625 -0.047671
0.300433 -0.039029 -0.063330
0.300890 -0.034310 -0.063279
0.255315 -0.032693 -0.045149
0.246949 -0.026738 -0.041953
0.283985 -0.024454 -0.055768
-0.160927 0.365643 -0.114117
-0.358396 -0.188438 -0.117524
0.382518 0.063094 -0.106923
-0.364843 0.000982 -0.093820
0.025374 -0.381512 -0.103770
0.230759 0.364599 -0.135164
0.243295 0.328948 -0.120224
0.209446 0.318649 -0.103164
0.080516 0.405765 -0.123163
0.038844 0.357153 -0.090775
0.053553 0.349247 -0.087608
0.164832 0.334114 -0.098129
0.072084 0.336850 -0.083005
0.034603 0.330981 -0.077150
0.047618 0.328956 -0.076954
0.050463 0.327910 -0.076654
-0.334092 0.231113 -0.118366
-0.321244 0.227187 -0.110406
-0.308269 0.293276 -0.131040
-0.321595 0.038423 -0.072859
-0.212453 -0.349453 -0.120110
-0.122126 -0.355397 -0.099970
-0.102019 -0.346893 -0.092035
-0.068277 -0.344095 -0.086279
-0.069687 -0.329404 -0.079080
0.302927 -0.239327 -0.105955
0.384635 -0.160473 -0.125194
0.349526 -0.072590 -0.089552
0.335397 -0.041279 -0.079694
0.329092 -0.047996 -0.077046
0.324459 -0.037186 -0.074146
FRAME 79 65
0.297763 0.101627 -0.068550
0.272971 0.057772 -0.053349
0.257972 0.016469 -0.045547
0.252432 0.034986 -0.044230
0.252236 0.040875 -0.044474
0.238557 0.095135 -0.044942
0.224442 0.121562 -0.044374
0.202743 0.152704 -0.043863
0.280394 0.219009 -0.088913
0.236789 0.199845 -0.066384
0.236312 0.169284 -0.058095
-0.127500 0.322205 -0.084051
-0.119866 0.229345 -0.045650
-0.141693 0.217609 -0.045977
-0.207536 0.202038 -0.057658
-0.252094 -0.040960 -0.044429
-0.243690 -0.086643 -0.045597
-0.210692 -0.147808 -0.045138
-0.210964 -0.131766 -0.042072
-0.269646 -0.273557 -0.104803
-0.233381 -0.168046 -0.056812
-0.222132 -0.265172 -0.083744
0.097663 -0.271308 -0.057126
0.100635 -0.270411 -0.057200
0.032630 -0.269508 -0.050402
0.006715 -0.262671 -0.047111
0.079336 -0.260483 -0.050719
0.040405 -0.254237 -0.045159
0.085789 -0.243133 -0.045303
0.069126 -0.212788 -0.033851
0.021690 -0.208780 -0.029712
0.264079 -0.289767 -0.109548
0.073113 0.113837 -0.012200
0.170547 0.228918 -0.055942
0.169319 0.167393 -0.038456
0.157155 0.243971 -0.057894
0.153824 0.246407 -0.058008
0.089107 0.216511 -0.037152
0.088618 0.185795 -0.028552
0.065513 0.233538 -0.039949
-0.139839 0.165557 -0.031713
-0.041975 0.073300 -0.004732
-0.123448 0.048864 -0.011745
-0.254400 0.142933 -0.058560
-0.183395 0.134097 -0.034930
-0.223839 0.122262 -0.044304
-0.271636 0.101779 -0.057841
-0.195285 0.026838 -0.026140
-0.134528 -0.102610 -0.019168
-0.169650 -0.190320 -0.044269
-0.159599 -0.202704 -0.045364
-0.120858 -0.227713 -0.045293
-0.102213 -0.191425 -0.031801
-0.069020 -0.245892 -0.044427
-0.061373 -0.250255 -0.045247
-0.057226 -0.248866 -0.044414
-0.045484 -0.222955 -0.035042
0.233727 -0.109186 -0.045357
0.255323 -0.032685 -0.045151
-0.174340 0.375406 -0.123317
-0.382890 -0.191497 -0.132830
0.177535 0.346851 -0.108098
0.201199 0.329709 -0.106068
-0.316443 0.124238 -0.080712
-0.065756 -0.328426 -0.078212
FRAME 80 80
0.261951 0.078798 -0.051202
0.252432 0.034986 -0.044230
0.252236 0.040875 -0.044474
0.239243 0.139594 -0.052548
0.238565 0.095135 -0.044945
0.224442 0.121562 -0.044374
0.212196 0.114686 -0.039494
0.249494 0.219822 -0.077020
-0.119866 0.229345 -0.045650
0.001234 0.230864 -0.036098
-0.141693 0.217609 -0.045977
-0.207536 0.202038 -0.057658
-0.320674 -0.005206 -0.071368
-0.309916 -0.001100 -0.066415
-0.300563 -0.098054 -0.069250
-0.278841 -0.089679 -0.059023
-0.252094 -0.040960 -0.044429
-0.210692 -0.147808 -0.045138
-0.208750 -0.089153 -0.034867
-0.233381 -0.168046 -0.056812
0.097663 -0.271308 -0.057126
0.100627 -0.270411 -0.057199
0.032630 -0.269508 -0.050402
0.079335 -0.260491 -0.050722
0.040397 -0.254238 -0.045159
0.085780 -0.243133 -0.045302
0.063984 -0.230774 -0.038916
0.067529 -0.208765 -0.032527
0.224288 -0.221894 -0.068951
0.279079 -0.194483 -0.080814
0.090916 0.002539 -0.005489
0.062736 0.122837 -0.012684
0.157155 0.243971 -0.057894
0.153824 0.246407 -0.058008
0.117007 0.205459 -0.037909
0.115597 0.191354 -0.033797
0.103125 0.267402 -0.056406
0.099106 0.183844 -0.029410
0.001061 0.176782 -0.020952
-0.042210 0.113663 -0.009782
-0.087497 0.083424 -0.009725
-0.082693 0.060685 -0.006988
-0.118503 0.048915 -0.010945
-0.223839 0.122262 -0.044304
-0.231075 0.114118 -0.045264
-0.271636 0.101779 -0.057841
-0.297122 0.035498 -0.061714
-0.143155 -0.143819 -0.027731
-0.110361 -0.111018 -0.016378
-0.072072 -0.072998 -0.006989
-0.169650 -0.190320 -0.044269
-0.152124 -0.245204 -0.057212
-0.120858 -0.227713 -0.045293
-0.105440 -0.187209 -0.031162
-0.080207 -0.253945 -0.048438
-0.069021 -0.245869 -0.044419
-0.066559 -0.180258 -0.024817
-0.065945 -0.168432 -0.021949
-0.061373 -0.250255 -0.045247
-0.057226 -0.248866 -0.044414
-0.057984 -0.179256 -0.023842
0.126517 -0.171219 -0.030581
0.013726 -0.134851 -0.012246
0.013625 -0.068954 -0.003273
0.106731 -0.047419 -0.009072
0.178451 -0.175605 -0.042642
0.250739 -0.149907 -0.058698
0.239402 -0.134885 -0.051685
0.215472 -0.112875 -0.040184
0.233727 -0.109186 -0.045357
0.249683 -0.098163 -0.049184
0.208010 -0.072076 -0.032748
0.272981 -0.039026 -0.052064
0.255315 -0.032693 -0.045149
0.373707 0.193996 -0.128049
0.098379 0.379514 -0.109553
-0.380295 0.034397 -0.103473
-0.356259 0.074432 -0.093329
-0.345493 0.078765 -0.088152
-0.319486 0.172386 -0.092822
FRAME 81 365
0.325642 0.022766 -0.074076
0.308702 0.054386 -0.068015
0.286405 0.107850 -0.064685
0.278309 -0.001382 -0.053070
0.272476 0.038201 -0.051823
0.252432 0.034986 -0.044230
0.252243 0.040875 -0.044476
0.248885 0.111874 -0.050941
0.251427 0.043405 -0.044338
0.248696 0.105977 -0.049965
0.247501 0.020279 -0.041932
0.244685 0.067829 -0.043897
0.243092 0.080691 -0.044692
0.238550 0.095135 -0.044940
0.237396 0.134366 -0.050907
0.231737 0.145465 -0.051227
0.224442 0.121562 -0.044374
0.219396 -0.002534 -0.032526
0.212119 0.062087 -0.033015
0.270012 0.250542 -0.095760
0.239090 0.220584 -0.073534
-0.118206 0.314362 -0.078661
-0.051301 0.315650 -0.070936
-0.079398 0.315744 -0.073664
-0.090281 0.313907 -0.074169
-0.006089 0.309790 -0.066385
-0.081965 0.306900 -0.069944
-0.122672 0.295446 -0.070987
-0.097443 0.287367 -0.063541
-0.003898 0.285353 -0.055908
-0.132863 0.267390 -0.061433
-0.072770 0.267203 -0.052526
-0.082096 0.257776 -0.050041
-0.053917 0.257667 -0.047293
-0.121456 0.252627 -0.053863
-0.065424 0.254541 -0.047132
-0.008809 0.251831 -0.043213
0.008129 0.246419 -0.041316
-0.040058 0.239790 -0.040139
-0.127603 0.233239 -0.048269
-0.119868 0.229322 -0.045643
-0.057514 0.223813 -0.036168
-0.141694 0.217602 -0.045974
-0.122706 0.217716 -0.042484
-0.246369 0.316474 -0.115100
-0.158393 0.303685 -0.082002
-0.170345 0.298047 -0.082400
-0.247228 0.279195 -0.098334
-0.171453 0.269535 -0.070774
-0.198363 0.261964 -0.075112
-0.260195 0.253426 -0.092926
-0.271039 0.248321 -0.095342
-0.194683 0.229250 -0.062374
-0.205906 0.223593 -0.063769
-0.169355 0.224477 -0.054218
-0.219332 0.214202 -0.064923
-0.267814 0.203756 -0.078989
-0.207535 0.202045 -0.057660
-0.320416 -0.130613 -0.083794
-0.319334 -0.062523 -0.073580
-0.311571 -0.020247 -0.067457
-0.305012 -0.081000 -0.068989
-0.280954 -0.116929 -0.063925
-0.279440 -0.027897 -0.054071
-0.279134 -0.056113 -0.055639
-0.279148 0.000721 -0.053402
-0.267144 -0.106879 -0.056870
-0.261637 -0.118526 -0.056666
-0.260388 -0.051250 -0.048090
-0.255988 -0.129907 -0.056597
-0.256767 -0.015137 -0.045082
-0.250098 -0.141045 -0.056623
-0.251244 -0.109396 -0.051389
-0.252102 -0.040943 -0.044430
-0.228557 -0.130019 -0.047183
-0.224244 -0.036499 -0.034932
-0.222564 -0.048925 -0.035147
-0.210714 -0.147831 -0.045149
-0.213438 -0.106721 -0.038634
-0.326363 -0.151654 -0.091109
-0.323810 -0.175227 -0.095669
-0.314683 -0.174256 -0.091018
-0.223784 -0.270616 -0.086465
-0.233406 -0.168021 -0.056814
-0.209676 -0.191884 -0.055438
-0.207982 -0.178946 -0.051522
0.117227 -0.325029 -0.083541
0.129128 -0.319031 -0.082850
0.007859 -0.309734 -0.066377
0.072453 -0.287306 -0.060458
0.121085 -0.276418 -0.062815
0.019254 -0.274590 -0.051871
0.097621 -0.271338 -0.057132
0.100626 -0.270433 -0.057207
-0.001795 -0.272247 -0.050702
0.032638 -0.269500 -0.050400
0.079327 -0.260491 -0.050721
0.109390 -0.258818 -0.054134
0.120890 -0.252610 -0.053759
0.040397 -0.254238 -0.045159
0.085780 -0.243133 -0.045302
0.028787 -0.241948 -0.040323
0.148537 -0.224576 -0.049552
0.043940 -0.217433 -0.033263
0.280685 -0.299405 -0.121033
0.221344 -0.301231 -0.098837
0.168157 -0.285582 -0.076479
0.160165 -0.281038 -0.072666
0.196280 -0.257184 -0.072691
0.170633 -0.248269 -0.062587
0.198604 -0.245048 -0.068915
0.213500 -0.234772 -0.069794
0.175047 -0.231424 -0.057879
0.235768 -0.225627 -0.074027
0.206134 -0.218074 -0.062079
0.229817 -0.211906 -0.067627
0.258691 -0.200769 -0.074566
0.294329 -0.193646 -0.087075
0.155799 0.150024 -0.031587
0.155843 0.100409 -0.023074
0.153222 0.140361 -0.029106
0.137691 0.013067 -0.012754
0.121332 0.156864 -0.026463
0.103242 0.145007 -0.021246
0.098762 0.012434 -0.006579
0.090546 0.124618 -0.015853
0.059875 0.144816 -0.016413
0.040497 0.148387 -0.015806
0.028003 0.003776 -0.000528
0.023902 0.155035 -0.016447
0.159562 0.293650 -0.077846
0.157003 0.295812 -0.078188
0.157155 0.243971 -0.057894
0.153824 0.246407 -0.058008
0.141860 0.212362 -0.044423
0.134121 0.288063 -0.069990
0.127527 0.178691 -0.032562
0.098560 0.191051 -0.031196
0.095116 0.275505 -0.058417
0.093847 0.162028 -0.023545
0.084367 0.239556 -0.043920
0.078553 0.281817 -0.058877
0.076685 0.304231 -0.068148
0.042333 0.234765 -0.038607
0.025384 0.240357 -0.039659
-0.100451 0.176679 -0.027819
-0.044087 0.176881 -0.022298
-0.150891 0.165614 -0.033947
-0.125597 0.160291 -0.027931
-0.100452 0.120942 -0.016521
-0.148433 0.118197 -0.024189
-0.151019 0.112310 -0.023791
-0.050080 0.105900 -0.009127
-0.006545 0.104057 -0.007221
-0.057880 0.091144 -0.007746
-0.042420 0.086943 -0.006213
-0.027005 0.079524 -0.004677
-0.003202 0.047934 -0.001527
-0.015625 0.048595 -0.001725
-0.051517 0.045371 -0.003122
-0.079796 0.045577 -0.005604
-0.125024 0.022686 -0.010750
-0.012128 0.022749 -0.000440
-0.187542 0.168216 -0.043193
-0.168264 0.167575 -0.038250
-0.284119 0.154979 -0.072744
-0.162244 0.159893 -0.035120
-0.173432 0.154058 -0.036454
-0.184744 0.148151 -0.038030
-0.223839 0.122270 -0.044305
-0.224178 0.114535 -0.043127
-0.271629 0.101779 -0.057838
-0.266747 0.101713 -0.055949
-0.208234 0.093951 -0.035327
-0.241214 0.091560 -0.045369
-0.203386 0.093286 -0.033858
-0.175929 0.091767 -0.026493
-0.230279 0.084393 -0.040870
-0.283777 0.079259 -0.059752
-0.257728 0.069007 -0.048625
-0.274345 0.059968 -0.054069
-0.289308 0.057826 -0.059919
-0.263663 0.051971 -0.049355
-0.190697 0.049646 -0.026122
-0.255950 0.048533 -0.046283
-0.269368 0.034936 -0.050460
-0.268542 0.021653 -0.049613
-0.182467 -0.071880 -0.025869
-0.179006 -0.121413 -0.031589
-0.151911 -0.034418 -0.016213
-0.146341 -0.046032 -0.015722
-0.141055 -0.000680 -0.013270
-0.140669 -0.057246 -0.015405
-0.123291 -0.091244 -0.015717
-0.102763 -0.031723 -0.007686
-0.100440 -0.108063 -0.014529
-0.098962 -0.013610 -0.006626
-0.083487 -0.113566 -0.013251
-0.072839 -0.110415 -0.011657
-0.068968 -0.078292 -0.007231
-0.055815 -0.082673 -0.006607
-0.055235 -0.113232 -0.010567
-0.049975 -0.127031 -0.012421
-0.043929 -0.107713 -0.008999
-0.043998 -0.138350 -0.014065
-0.037766 -0.149378 -0.015861
-0.032716 -0.101992 -0.007623
-0.180501 -0.180982 -0.044503
-0.168920 -0.243087 -0.060337
-0.169649 -0.190328 -0.044271
-0.151820 -0.283741 -0.071879
-0.152085 -0.245207 -0.057205
-0.145816 -0.294730 -0.075225
-0.130431 -0.237284 -0.050131
-0.128407 -0.273503 -0.062976
-0.120866 -0.227705 -0.045292
-0.115622 -0.303859 -0.073445
-0.100906 -0.265119 -0.055215
-0.089984 -0.259840 -0.051760
-0.088511 -0.256067 -0.050194
-0.087477 -0.260853 -0.051819
-0.085341 -0.243504 -0.045376
-0.072752 -0.264553 -0.051524
-0.069053 -0.245906 -0.044435
-0.061365 -0.250255 -0.045246
-0.057234 -0.248873 -0.044417
-0.056762 -0.243363 -0.042477
-0.040952 -0.221419 -0.034298
-0.030741 -0.188334 -0.024470
-0.028651 -0.242940 -0.040654
0.152978 -0.175678 -0.036769
0.145375 -0.175605 -0.035176
0.146771 -0.165786 -0.033138
0.062441 -0.168096 -0.021565
0.100187 -0.162985 -0.024598
0.101129 -0.160440 -0.024165
0.117005 -0.140217 -0.022380
0.122406 -0.123388 -0.020242
0.141165 -0.093805 -0.019236
0.139050 -0.072146 -0.016401
0.006406 -0.040068 -0.001089
0.144138 -0.026809 -0.014346
0.011733 -0.023617 -0.000460
0.193336 -0.175632 -0.046536
0.228543 -0.161906 -0.053772
0.257323 -0.154692 -0.062149
0.247822 -0.151455 -0.057990
0.190489 -0.152280 -0.040399
0.285123 -0.138382 -0.069608
0.263087 -0.137865 -0.060765
0.244633 -0.133928 -0.053300
0.268327 -0.120696 -0.059577
0.233757 -0.109193 -0.045368
0.274021 -0.103304 -0.058997
0.194803 -0.099745 -0.032358
0.242894 -0.080281 -0.044578
0.185302 -0.077596 -0.027169
0.279102 -0.058299 -0.055804
0.220449 -0.059476 -0.035290
0.287291 -0.045296 -0.058158
0.266493 -0.037478 -0.049499
0.273945 -0.038175 -0.052392
0.255323 -0.032685 -0.045151
0.220265 -0.031515 -0.033472
0.279402 -0.030041 -0.054144
0.290593 -0.026083 -0.058542
0.473362 0.153880 -0.186878
0.365159 0.242139 -0.139843
0.410916 0.151950 -0.139818
-0.194821 0.456618 -0.185742
-0.157565 0.432526 -0.156228
-0.428483 -0.160391 -0.154081
0.262604 -0.349398 -0.139087
0.233110 -0.395080 -0.154999
0.163788 -0.361571 -0.112537
0.490328 0.091357 -0.187772
0.521853 0.064713 -0.212725
0.391731 0.098906 -0.116960
0.362271 0.037738 -0.093483
0.376676 0.034425 -0.101379
0.367901 0.029252 -0.096160
-0.100166 0.363360 -0.100611
-0.072483 0.362952 -0.096752
-0.055217 0.364164 -0.095750
-0.044557 0.362701 -0.094142
-0.019110 0.403642 -0.117004
-0.013875 0.361971 -0.092391
0.002161 0.375796 -0.099974
-0.363932 -0.130752 -0.106340
-0.392428 -0.090721 -0.116174
-0.404209 -0.076223 -0.121638
-0.452251 -0.029224 -0.150820
-0.359369 0.004530 -0.090849
0.045168 -0.448055 -0.148684
0.048018 -0.382886 -0.105851
0.036781 -0.409410 -0.121460
0.030436 -0.362502 -0.093234
0.006453 -0.373264 -0.098559
0.000496 -0.370902 -0.097193
-0.003950 -0.382905 -0.104105
-0.305287 0.335489 -0.151124
-0.308750 0.374656 -0.176388
0.270191 -0.476625 -0.234938
0.196641 0.441370 -0.174478
-0.436702 0.078404 -0.143817
-0.160838 -0.482154 -0.196254
-0.135274 -0.453850 -0.166628
-0.033331 -0.459365 -0.156413
0.258404 0.401591 -0.169833
0.172765 0.410303 -0.144913
0.239270 0.377703 -0.146315
0.250341 0.333016 -0.125094
0.249225 0.326138 -0.121074
0.182120 0.325882 -0.098558
0.190315 0.324054 -0.099977
0.213216 0.307594 -0.099097
0.123916 0.405101 -0.129779
0.059316 0.400923 -0.117760
0.025535 0.396747 -0.112925
0.041869 0.391724 -0.110707
0.059405 0.386556 -0.108970
0.047904 0.371443 -0.099241
0.082254 0.360539 -0.096575
0.053503 0.359586 -0.093106
0.026312 0.350084 -0.086420
0.068787 0.327933 -0.078274
0.065057 0.322854 -0.075474
0.119939 0.318175 -0.080748
-0.375092 0.209053 -0.133729
-0.319755 0.265687 -0.124510
-0.327603 0.191105 -0.101971
-0.310084 0.214047 -0.100539
-0.404758 0.094009 -0.124379
-0.393743 0.071663 -0.114567
-0.388357 0.088706 -0.113415
-0.323681 0.093119 -0.079137
-0.323375 0.047191 -0.074250
-0.317668 0.110508 -0.078904
-0.318627 0.045348 -0.071895
-0.313335 0.124408 -0.079296
-0.254550 -0.315112 -0.117630
-0.178080 -0.325339 -0.097184
-0.277106 -0.298220 -0.118908
-0.071512 -0.421234 -0.132250
-0.068064 -0.377145 -0.104288
-0.040083 -0.376650 -0.101687
-0.113600 -0.371381 -0.107330
-0.028794 -0.341756 -0.082234
-0.048655 -0.327026 -0.076096
-0.046685 -0.324351 -0.074679
0.355837 -0.247286 -0.136444
0.347072 -0.179817 -0.108845
0.410727 -0.047966 -0.123059
0.368541 -0.084016 -0.101235
0.347103 -0.081113 -0.089268
0.344356 -0.082642 -0.088033
0.336226 -0.171747 -0.100979
0.344468 -0.047296 -0.084663
0.338917 -0.096813 -0.087157
0.335403 -0.079236 -0.083086
0.326421 -0.032052 -0.074822
0.324524 -0.076714 -0.077485
0.321312 -0.108243 -0.080258
0.324434 -0.036768 -0.074112
0.321894 -0.076920 -0.076257
FRAME 82 62
0.252447 0.034994 -0.044235
0.252236 0.040875 -0.044474
0.243586 0.081348 -0.044936
0.238557 0.095135 -0.044942
0.224442 0.121562 -0.044374
0.222051 0.061623 -0.035963
0.211675 0.181830 -0.053362
-0.108250 0.231760 -0.044570
-0.119866 0.229345 -0.045650
-0.141693 0.217609 -0.045977
-0.207536 0.202038 -0.057658
-0.315690 -0.112118 -0.078244
-0.305103 -0.125841 -0.075810
-0.293894 -0.139912 -0.073628
-0.252109 -0.040960 -0.044434
-0.228463 -0.001076 -0.035333
-0.210692 -0.147808 -0.045138
-0.311498 -0.192174 -0.094462
-0.233381 -0.168046 -0.056812
0.097655 -0.271308 -0.057125
0.100627 -0.270418 -0.057202
0.032638 -0.269507 -0.050403
0.079336 -0.260483 -0.050719
0.040397 -0.254238 -0.045159
0.076493 -0.247524 -0.045757
0.085780 -0.243133 -0.045302
0.098833 -0.242011 -0.046615
0.103264 -0.238056 -0.045909
0.056184 0.044193 -0.003386
0.035154 0.027394 -0.001314
0.162294 0.180985 -0.040133
0.157155 0.243971 -0.057894
0.153824 0.246407 -0.058008
0.110394 0.262829 -0.055783
0.034160 0.173608 -0.020988
-0.124465 0.129296 -0.021602
-0.121559 0.052969 -0.011714
-0.223839 0.122262 -0.044304
-0.271636 0.101779 -0.057841
-0.089653 -0.119528 -0.014906
-0.169650 -0.190320 -0.044269
-0.152126 -0.245175 -0.057202
-0.120858 -0.227713 -0.045293
-0.082734 -0.308246 -0.070640
-0.069850 -0.309429 -0.069740
-0.069020 -0.245892 -0.044427
-0.061373 -0.250255 -0.045247
-0.057226 -0.248866 -0.044414
0.124073 -0.160658 -0.027750
0.025241 -0.120641 -0.010111
0.093067 -0.090464 -0.011220
0.145001 -0.054801 -0.016056
0.228939 -0.151037 -0.051484
0.233727 -0.109186 -0.045357
0.210285 -0.082410 -0.034511
0.225997 -0.058820 -0.036956
0.255323 -0.032685 -0.045151
0.366792 0.133889 -0.108590
0.367453 0.031924 -0.096035
0.265668 0.350111 -0.140805
0.246132 0.304797 -0.109377
0.317153 -0.077541 -0.074103
FRAME 83 182
0.287873 0.106969 -0.065158
0.279303 0.022042 -0.053809
0.266845 0.136893 -0.062006
0.262460 0.090402 -0.052786
0.257566 0.073284 -0.048996
0.252447 0.034994 -0.044235
0.252228 0.040876 -0.044471
0.242623 0.028339 -0.040534
0.241531 0.068187 -0.042855
0.238565 0.095126 -0.044944
0.224442 0.121562 -0.044374
0.222944 0.111233 -0.042218
0.308605 0.239418 -0.108664
0.262115 0.247388 -0.091405
0.241913 0.181586 -0.063122
0.224874 0.223000 -0.069501
-0.126366 0.304546 -0.075658
-0.119867 0.229337 -0.045648
-0.003102 0.224502 -0.034095
-0.141685 0.217610 -0.045975
-0.069988 0.214551 -0.034455
-0.166677 0.285649 -0.076143
-0.155749 0.280258 -0.071327
-0.288463 0.246334 -0.102007
-0.255513 0.235029 -0.084389
-0.228099 0.232930 -0.073874
-0.207536 0.202038 -0.057658
-0.311082 -0.094519 -0.073449
-0.287185 -0.087655 -0.062159
-0.272859 -0.111529 -0.059809
-0.254080 -0.128065 -0.055563
-0.253425 -0.027114 -0.044239
-0.252109 -0.040951 -0.044433
-0.246919 -0.073614 -0.045243
-0.236498 -0.100240 -0.044956
-0.232416 -0.064918 -0.039531
-0.229789 -0.031267 -0.036432
-0.228269 -0.015178 -0.035430
-0.218850 -0.023742 -0.032746
-0.210669 -0.147810 -0.045131
-0.233404 -0.168044 -0.056819
-0.215148 -0.219849 -0.065382
0.049225 -0.326904 -0.076078
0.108631 -0.317170 -0.078367
0.007919 -0.308374 -0.065769
0.096678 -0.298076 -0.067973
0.083540 -0.295563 -0.065175
0.024028 -0.294720 -0.060202
-0.003155 -0.292611 -0.058905
0.097646 -0.271316 -0.057127
0.100635 -0.270411 -0.057200
0.032638 -0.269507 -0.050403
0.089903 -0.263206 -0.053000
0.079335 -0.260491 -0.050722
0.040397 -0.254238 -0.045159
0.085789 -0.243133 -0.045303
0.016952 -0.239318 -0.039062
0.113393 -0.231197 -0.045188
0.134944 -0.230156 -0.048622
0.180878 -0.258711 -0.069028
0.185553 -0.220608 -0.057092
0.165352 -0.212803 -0.049643
0.144181 0.052880 -0.015756
0.138955 0.118434 -0.022369
0.128313 0.007056 -0.010997
0.124334 -0.000562 -0.010290
0.109879 0.102762 -0.015114
0.095351 0.096013 -0.012204
0.081598 0.157815 -0.021163
0.072460 -0.007603 -0.003518
0.067138 0.017655 -0.003193
0.061624 0.009724 -0.002577
0.035011 0.103847 -0.007982
0.157162 0.243977 -0.057898
0.153824 0.246415 -0.058010
0.157079 0.188678 -0.040956
0.140241 0.261242 -0.060545
0.141675 0.181574 -0.035919
0.127745 0.304127 -0.075728
0.116551 0.240048 -0.048640
0.112755 0.237456 -0.047152
0.109683 0.217896 -0.040422
0.109803 0.167194 -0.026931
0.097202 0.230302 -0.042505
0.055118 0.207611 -0.031145
0.046360 0.267429 -0.050380
0.043352 0.273205 -0.052404
0.041704 0.278333 -0.054316
-0.151765 0.149040 -0.030528
-0.021285 0.150672 -0.015466
-0.006885 0.122625 -0.010039
0.008625 0.095337 -0.006082
-0.001525 0.082380 -0.004502
-0.090144 0.071705 -0.008823
-0.074616 0.070431 -0.006992
-0.295917 0.135970 -0.073705
-0.221648 0.129187 -0.044842
-0.223847 0.122261 -0.044306
-0.216217 0.112712 -0.040384
-0.208222 0.113130 -0.038083
-0.271636 0.101770 -0.057840
-0.296152 0.079773 -0.064982
-0.192882 0.081799 -0.029598
-0.202373 0.075586 -0.031509
-0.205687 0.070403 -0.031920
-0.237374 0.066542 -0.041306
-0.286709 0.064019 -0.059385
-0.279686 0.058648 -0.056067
-0.276589 0.058246 -0.054804
-0.189137 0.047066 -0.025546
-0.184151 0.026152 -0.023228
-0.210383 0.022348 -0.030194
-0.181424 -0.057401 -0.024330
-0.178372 -0.093640 -0.027325
-0.128445 -0.121194 -0.020906
-0.092915 -0.130204 -0.017109
-0.092446 -0.029376 -0.006246
-0.086370 -0.102016 -0.011906
-0.070864 -0.008820 -0.003379
-0.061406 -0.074334 -0.006171
-0.049603 -0.103110 -0.008705
-0.047616 0.003788 -0.001510
-0.046393 -0.157359 -0.018007
-0.029337 -0.096675 -0.006778
-0.169649 -0.190328 -0.044271
-0.152093 -0.245206 -0.057206
-0.139264 -0.174244 -0.033642
-0.120857 -0.227720 -0.045296
-0.081961 -0.255103 -0.049055
-0.069020 -0.245892 -0.044427
-0.061374 -0.250247 -0.045245
-0.057226 -0.248866 -0.044414
-0.059118 -0.164184 -0.020407
-0.041586 -0.233728 -0.038225
-0.027247 -0.223526 -0.034300
0.140707 -0.167942 -0.032430
0.073376 -0.156362 -0.019987
0.106402 -0.149078 -0.022512
0.022242 -0.137267 -0.012894
0.015590 -0.104598 -0.007430
0.003968 -0.097015 -0.006259
0.113487 -0.079320 -0.012782
0.110447 -0.029820 -0.008703
-0.009938 -0.023704 -0.000437
0.241736 -0.170826 -0.060331
0.189267 -0.143175 -0.038199
0.178576 -0.126045 -0.032274
0.264824 -0.120648 -0.058230
0.248499 -0.110245 -0.050549
0.233720 -0.109187 -0.045354
0.264323 -0.103235 -0.055253
0.202154 -0.104787 -0.035090
0.231790 -0.098746 -0.043199
0.279079 -0.069237 -0.056792
0.163889 -0.053281 -0.019896
0.267969 -0.051111 -0.050913
0.232513 -0.036423 -0.037550
0.255323 -0.032693 -0.045152
0.212541 -0.026090 -0.030948
0.349090 0.264571 -0.139753
0.362975 0.186404 -0.119516
-0.206140 0.374663 -0.132501
-0.373524 -0.178258 -0.123295
0.369516 0.085404 -0.101964
0.396646 -0.005057 -0.112377
-0.035208 0.382629 -0.104881
-0.032323 0.364956 -0.094671
0.121434 -0.358603 -0.101587
0.082976 -0.406876 -0.124194
0.047745 -0.408525 -0.121620
0.040437 -0.446685 -0.147343
0.051275 0.354175 -0.090025
0.057301 0.353009 -0.089898
0.078789 0.336579 -0.083620
0.033383 0.337380 -0.080244
0.068101 0.333124 -0.080740
-0.369445 0.025651 -0.096873
-0.349894 0.080260 -0.090625
-0.201165 -0.320321 -0.101382
-0.155067 -0.331519 -0.094454
0.330609 -0.148674 -0.092535
0.332024 -0.083021 -0.081868
FRAME 84 177
0.265584 0.101925 -0.055538
0.258864 0.009628 -0.045746
0.252424 0.034986 -0.044227
0.252236 0.040875 -0.044474
0.238565 0.095126 -0.044944
0.224412 0.121547 -0.044362
0.213930 0.107899 -0.038956
0.208031 -0.000277 -0.029174
0.316250 0.197359 -0.098252
0.287389 0.271264 -0.111464
0.246460 0.253622 -0.087776
0.216997 0.224377 -0.067418
0.205846 0.240522 -0.069447
-0.101732 0.329175 -0.083036
-0.123188 0.309506 -0.077314
-0.113181 0.282052 -0.063749
-0.103592 0.281863 -0.062173
-0.092230 0.256397 -0.050790
-0.011330 0.252531 -0.043496
-0.084864 0.240960 -0.044453
-0.119866 0.229345 -0.045650
-0.141693 0.217609 -0.045977
-0.247173 0.296581 -0.105965
-0.275845 0.274622 -0.107853
-0.284723 0.265482 -0.107884
-0.216593 0.233605 -0.070365
-0.225557 0.224441 -0.070194
-0.207529 0.202031 -0.057654
-0.337448 -0.112658 -0.088896
-0.334176 -0.080120 -0.082580
-0.323618 -0.019000 -0.072998
-0.315499 -0.062806 -0.071825
-0.283810 -0.003818 -0.055281
-0.276194 -0.047813 -0.053861
-0.260082 0.007539 -0.046165
-0.252109 -0.040960 -0.044434
-0.245773 -0.123127 -0.051725
-0.210692 -0.147808 -0.045138
-0.307723 -0.273036 -0.121675
-0.291030 -0.249580 -0.104378
-0.265029 -0.275405 -0.103688
-0.233381 -0.168046 -0.056812
-0.213556 -0.203178 -0.059807
-0.199307 -0.285959 -0.085111
0.056553 -0.326116 -0.076270
0.033344 -0.323933 -0.073697
0.096949 -0.313206 -0.074762
0.067911 -0.302235 -0.066349
0.097654 -0.271315 -0.057128
0.100627 -0.270411 -0.057199
0.032638 -0.269507 -0.050403
0.079336 -0.260483 -0.050719
0.040405 -0.254237 -0.045159
0.090402 -0.252561 -0.049172
0.085781 -0.243126 -0.045299
0.162573 -0.320776 -0.090970
0.157684 -0.240134 -0.056684
0.277711 -0.224629 -0.089660
0.174483 -0.228559 -0.056795
0.294280 -0.190909 -0.086267
0.152525 0.096851 -0.021898
0.117207 0.026240 -0.009598
0.112841 0.137748 -0.021261
0.109017 0.030317 -0.008513
0.085414 0.140026 -0.018000
0.082918 0.036205 -0.005431
0.070829 0.072401 -0.006813
0.057050 0.121777 -0.012052
0.044093 0.004938 -0.001303
0.039209 0.050236 -0.002690
0.035171 0.089901 -0.006186
0.168543 0.242456 -0.060025
0.167823 0.229328 -0.055419
0.157154 0.243985 -0.057899
0.153824 0.246407 -0.058008
0.145263 0.283235 -0.070248
0.138937 0.206570 -0.042146
0.121847 0.181281 -0.032228
0.116794 0.248214 -0.051503
0.110306 0.299989 -0.070859
0.110340 0.216565 -0.040119
0.082624 0.304727 -0.069055
0.073978 0.245940 -0.044941
0.063425 0.292857 -0.061892
0.063174 0.299264 -0.064606
0.064053 0.218770 -0.035171
0.048019 0.302120 -0.064629
0.046440 0.163705 -0.019392
0.040455 0.245251 -0.042013
-0.013553 0.100566 -0.006838
-0.046320 0.085570 -0.006285
-0.008777 0.043983 -0.001331
-0.054491 0.035641 -0.002808
-0.039773 0.023844 -0.001423
-0.248672 0.151591 -0.058322
-0.268034 0.145331 -0.064182
-0.223839 0.122270 -0.044305
-0.175258 0.120918 -0.030591
-0.192269 0.107431 -0.032780
-0.271636 0.101779 -0.057841
-0.180607 0.101655 -0.028951
-0.160393 0.068031 -0.020341
-0.302183 0.058604 -0.065473
-0.236567 0.025628 -0.038408
-0.163579 -0.115396 -0.026975
-0.152638 -0.116865 -0.024840
-0.133084 -0.037228 -0.012733
-0.058838 -0.138548 -0.015130
-0.030080 -0.096801 -0.006824
-0.180442 -0.188484 -0.046438
-0.169641 -0.190328 -0.044270
-0.159770 -0.270833 -0.068467
-0.156735 -0.271798 -0.068150
-0.152087 -0.245177 -0.057195
-0.137746 -0.279539 -0.067189
-0.135628 -0.192552 -0.037607
-0.120858 -0.227713 -0.045293
-0.105591 -0.279448 -0.061498
-0.094162 -0.283195 -0.061372
-0.089793 -0.197742 -0.031852
-0.069019 -0.245914 -0.044434
-0.061373 -0.250255 -0.045247
-0.057139 -0.284226 -0.057772
-0.057192 -0.248867 -0.044412
-0.032732 -0.282329 -0.055437
0.134160 -0.171205 -0.031952
0.150499 -0.166934 -0.034169
0.146626 -0.161256 -0.032085
0.022664 -0.106302 -0.007851
-0.007446 -0.100140 -0.006696
0.063195 -0.081027 -0.007013
0.062598 -0.078867 -0.006733
0.072283 -0.077262 -0.007437
0.053364 -0.050830 -0.003599
0.098807 -0.045133 -0.007842
0.007740 -0.035585 -0.000877
0.107881 -0.035758 -0.008588
0.255775 -0.146980 -0.059905
0.233727 -0.109186 -0.045357
0.188036 -0.107005 -0.031605
0.269049 -0.072765 -0.053229
0.241167 -0.069605 -0.042869
0.186209 -0.061732 -0.025886
0.249495 -0.052876 -0.044298
0.220405 -0.045129 -0.034237
0.255315 -0.032693 -0.045149
-0.207647 0.367171 -0.128558
-0.470927 -0.199497 -0.199145
0.201302 -0.437629 -0.173248
0.433648 -0.004694 -0.136688
-0.042144 0.401621 -0.116835
-0.003941 0.378736 -0.101675
0.001378 0.408735 -0.119963
0.050565 -0.374830 -0.101368
0.202589 0.350722 -0.117596
0.266189 0.323383 -0.126571
0.184478 0.316613 -0.094700
0.292549 0.297775 -0.125636
0.154215 0.398336 -0.132171
0.132523 0.385001 -0.118959
0.054961 0.344102 -0.085059
0.056636 0.323151 -0.074863
-0.369217 0.180118 -0.121298
-0.329000 0.223611 -0.113067
-0.326771 0.235613 -0.116223
-0.322339 0.258168 -0.122709
-0.331618 0.055692 -0.078865
-0.313074 0.134573 -0.081122
-0.228398 -0.385131 -0.146792
-0.253545 -0.304028 -0.111883
-0.131955 -0.338094 -0.092771
-0.033643 -0.337159 -0.080147
-0.022186 -0.321135 -0.071924
0.341375 -0.254162 -0.131115
0.342980 -0.053904 -0.084400
0.329118 -0.079722 -0.080048
0.317883 -0.059914 -0.072669
FRAME 85 59
0.252447 0.034994 -0.044235
0.252236 0.040875 -0.044474
0.238558 0.095127 -0.044941
0.224442 0.121562 -0.044374
-0.017772 0.271013 -0.050448
-0.135456 0.238948 -0.051640
-0.047133 0.235737 -0.039225
-0.119866 0.229345 -0.045650
0.008180 0.229235 -0.035624
-0.141583 0.217692 -0.045980
-0.207535 0.202045 -0.057660
-0.297652 0.191031 -0.087793
-0.252109 -0.040960 -0.044434
-0.210692 -0.147808 -0.045138
-0.266028 -0.170154 -0.069083
-0.233402 -0.168068 -0.056824
0.088189 -0.282814 -0.060434
0.097655 -0.271308 -0.057125
0.100636 -0.270404 -0.057197
0.032630 -0.269508 -0.050402
0.020973 -0.268142 -0.049440
0.079335 -0.260491 -0.050722
0.040405 -0.254230 -0.045157
0.085780 -0.243133 -0.045302
-0.001727 -0.235287 -0.037532
0.123861 0.011305 -0.010297
0.025129 0.096524 -0.006606
0.157155 0.243971 -0.057894
0.153816 0.246408 -0.058006
0.114382 0.192910 -0.034017
0.074288 0.204851 -0.032071
-0.131026 0.170636 -0.031244
-0.043496 0.053314 -0.003136
-0.081486 0.049871 -0.006058
-0.052716 0.044949 -0.003180
-0.223847 0.122261 -0.044306
-0.271636 0.101770 -0.057840
-0.284224 0.082489 -0.060309
-0.183467 0.062397 -0.025248
-0.163374 -0.141902 -0.031619
-0.150363 0.004981 -0.015114
-0.039339 -0.107335 -0.008690
-0.169649 -0.190328 -0.044271
-0.151880 -0.184227 -0.038677
-0.120866 -0.227705 -0.045292
-0.069021 -0.245869 -0.044419
-0.061382 -0.250254 -0.045248
-0.057234 -0.248873 -0.044417
0.090705 -0.046473 -0.006899
0.071753 -0.023709 -0.003785
0.162995 -0.132572 -0.029769
0.233720 -0.109187 -0.045354
0.225512 -0.103916 -0.041922
0.229940 -0.094731 -0.042056
0.273774 -0.048129 -0.052935
0.255323 -0.032693 -0.045152
-0.378368 -0.202320 -0.133487
-0.176860 -0.320656 -0.094567
-0.072043 -0.356644 -0.093272
FRAME 86 55
0.277257 0.078942 -0.057095
0.252432 0.034978 -0.044229
0.252236 0.040875 -0.044474
0.238565 0.095135 -0.044945
0.233947 0.036879 -0.038039
0.224442 0.121562 -0.044374
0.205132 0.094937 -0.034567
-0.026234 0.265108 -0.048473
-0.089085 0.242644 -0.045541
-0.119866 0.229345 -0.045650
-0.141693 0.217609 -0.045977
-0.099895 0.217201 -0.038780
-0.158795 0.215235 -0.048876
-0.207536 0.202038 -0.057658
-0.252094 -0.040960 -0.044429
-0.210669 -0.147810 -0.045131
-0.233381 -0.168046 -0.056812
-0.006482 -0.288633 -0.057273
0.100001 -0.270608 -0.057185
0.032630 -0.269500 -0.050400
0.079336 -0.260483 -0.050719
0.040397 -0.254238 -0.045159
0.077369 -0.246195 -0.045390
0.085789 -0.243133 -0.045303
0.181078 0.047140 -0.023512
0.087139 0.131993 -0.016723
0.069432 0.002085 -0.003197
0.042443 0.079343 -0.005372
0.026734 0.125617 -0.010984
0.157155 0.243971 -0.057894
0.153824 0.246407 -0.058008
0.032148 0.256366 -0.045503
-0.223839 0.122262 -0.044304
-0.271636 0.101779 -0.057841
-0.196973 0.089807 -0.031644
-0.223223 0.050930 -0.035489
-0.134460 -0.070265 -0.015373
-0.107300 -0.014470 -0.007790
-0.102435 -0.091674 -0.012598
-0.071198 -0.127083 -0.014161
-0.169649 -0.190328 -0.044271
-0.152126 -0.245175 -0.057202
-0.120869 -0.227651 -0.045275
-0.069021 -0.245869 -0.044419
-0.066369 -0.168349 -0.021968
-0.061373 -0.250255 -0.045247
-0.057226 -0.248866 -0.044414
-0.037337 -0.172534 -0.020890
0.091140 -0.067430 -0.008546
0.007834 -0.063001 -0.002669
0.124979 -0.034754 -0.011208
0.178638 -0.164751 -0.040105
0.233720 -0.109187 -0.045354
0.255323 -0.032685 -0.045151
0.267208 -0.022742 -0.049141
FRAME 87 111
0.300881 0.123154 -0.073442
0.252447 0.034994 -0.044235
0.252236 0.040875 -0.044474
0.238550 0.095127 -0.044939
0.236674 0.129902 -0.049829
0.235771 -0.004224 -0.037701
0.224442 0.121562 -0.044374
0.220080 0.124268 -0.043480
0.322902 0.179452 -0.096359
0.259417 0.214379 -0.079000
-0.032484 0.327401 -0.075312
-0.075973 0.267159 -0.052848
-0.130826 0.247751 -0.053809
-0.057438 0.248086 -0.044159
-0.146852 0.240624 -0.054499
-0.119876 0.229321 -0.045644
-0.141289 0.217737 -0.045935
-0.069688 0.217330 -0.035258
-0.100356 0.215738 -0.038403
-0.166614 0.293412 -0.079440
-0.282237 0.235645 -0.095388
-0.270397 0.235649 -0.090458
-0.176513 0.205532 -0.050191
-0.207536 0.202038 -0.057658
-0.317253 -0.142877 -0.084789
-0.295889 -0.108735 -0.068829
-0.252109 -0.040960 -0.044434
-0.235052 -0.140233 -0.051264
-0.229587 -0.048314 -0.037311
-0.215705 -0.130224 -0.043206
-0.214625 -0.093547 -0.037151
-0.210669 -0.147810 -0.045131
-0.233372 -0.168070 -0.056814
-0.231277 -0.173661 -0.057485
0.004746 -0.289382 -0.057569
0.097654 -0.271322 -0.057130
0.100627 -0.270418 -0.057202
0.032630 -0.269508 -0.050402
0.113405 -0.266023 -0.057471
0.079336 -0.260483 -0.050719
0.040405 -0.254230 -0.045157
0.085789 -0.243133 -0.045303
0.006398 -0.219454 -0.032567
0.147553 -0.208049 -0.044307
0.012787 -0.210492 -0.029995
0.151792 -0.316625 -0.086450
0.251853 -0.267297 -0.095155
0.173709 0.124905 -0.030894
0.054609 0.045797 -0.003366
0.157154 0.243978 -0.057896
0.153824 0.246407 -0.058008
0.144852 0.282850 -0.070002
0.142481 0.271421 -0.064910
0.120808 0.215504 -0.041490
0.103554 0.177192 -0.028379
0.102893 0.181683 -0.029392
0.028373 0.282743 -0.055414
-0.129135 0.130195 -0.022568
-0.104845 0.090128 -0.012745
-0.094444 0.056681 -0.008064
-0.127470 0.045043 -0.012181
-0.179681 0.157623 -0.038763
-0.253862 0.133880 -0.056571
-0.265949 0.133037 -0.060913
-0.186238 0.129014 -0.034732
-0.223839 0.122262 -0.044304
-0.271636 0.101779 -0.057841
-0.214413 0.101233 -0.038129
-0.052647 -0.034370 -0.002618
-0.178010 -0.209794 -0.051822
-0.173010 -0.244587 -0.061868
-0.169649 -0.190328 -0.044271
-0.152124 -0.245204 -0.057212
-0.120866 -0.227712 -0.045294
-0.119082 -0.266842 -0.058729
-0.069020 -0.245892 -0.044427
-0.061373 -0.250255 -0.045247
-0.057234 -0.248866 -0.044415
-0.049725 -0.207779 -0.030803
0.142384 -0.172836 -0.033912
0.019063 -0.121564 -0.010077
0.031740 -0.080435 -0.004960
0.052235 -0.051748 -0.003583
0.270442 -0.138060 -0.063630
0.197023 -0.127333 -0.037302
0.302756 -0.115086 -0.072864
0.233720 -0.109187 -0.045354
0.272859 -0.093325 -0.057137
0.255323 -0.032685 -0.045151
-0.360225 -0.248281 -0.139383
-0.410115 -0.203638 -0.154363
0.253215 -0.384777 -0.156450
0.369404 0.121500 -0.107633
0.386220 0.018593 -0.106316
-0.035462 0.439153 -0.141582
-0.391248 -0.040975 -0.110361
0.013286 -0.430490 -0.134615
0.281808 0.337872 -0.141143
0.202918 0.349609 -0.117090
0.154805 0.406270 -0.137453
0.046598 0.383621 -0.106181
0.156703 0.350695 -0.104803
-0.312832 0.132958 -0.080690
-0.178584 -0.397450 -0.138131
-0.256321 -0.374848 -0.151503
-0.302871 -0.316899 -0.139992
-0.039375 -0.395456 -0.112829
-0.155892 -0.337756 -0.097810
0.336407 -0.187385 -0.105371
0.324293 -0.194528 -0.101331
0.365811 -0.153516 -0.112401
FRAME 88 424
0.336506 -0.000611 -0.078986
0.331608 0.112310 -0.085917
0.328808 -0.004697 -0.075232
0.312837 0.057655 -0.070152
0.310608 -0.002437 -0.066730
0.302735 0.111253 -0.072220
0.286410 0.134426 -0.069358
0.277115 0.141825 -0.067037
0.281653 0.010364 -0.054478
0.252432 0.034978 -0.044229
0.252236 0.040875 -0.044474
0.252159 0.008892 -0.043329
0.243901 0.062831 -0.043170
0.238557 0.095135 -0.044942
0.236467 0.043991 -0.039265
0.236239 -0.000430 -0.037842
0.232116 -0.006476 -0.036529
0.224442 0.121554 -0.044373
0.227050 0.000747 -0.034886
0.226879 -0.007062 -0.034867
0.222368 0.078092 -0.037660
0.213685 0.026446 -0.031297
0.326960 0.191456 -0.101752
0.319737 0.227382 -0.109727
0.298815 0.158708 -0.079904
0.255405 0.189579 -0.070138
0.238811 0.279143 -0.095210
0.245586 0.189763 -0.066613
0.229029 0.246586 -0.079003
0.233020 0.175221 -0.058454
0.222845 0.236369 -0.073321
0.209852 0.227982 -0.066389
0.208748 0.197500 -0.056723
0.201834 0.235914 -0.066664
-0.010038 0.328604 -0.075191
-0.033939 0.318245 -0.071056
-0.058238 0.307361 -0.067730
-0.123170 0.304392 -0.075003
0.000822 0.304859 -0.064165
-0.087003 0.300668 -0.067809
-0.111663 0.271672 -0.059367
-0.033705 0.267059 -0.049523
-0.110914 0.262162 -0.055615
-0.009627 0.253996 -0.043991
-0.101444 0.250801 -0.050043
-0.058375 0.249501 -0.044730
-0.063813 0.248582 -0.044875
0.009077 0.243266 -0.040249
-0.095454 0.239916 -0.045442
-0.101860 0.236493 -0.045184
-0.119866 0.229345 -0.045650
-0.121657 0.226719 -0.045112
-0.011489 0.228161 -0.035328
-0.149066 0.224350 -0.049592
-0.046569 0.225453 -0.035889
-0.112376 0.223156 -0.042463
-0.148268 0.221097 -0.048400
-0.141693 0.217617 -0.045979
0.001682 0.218840 -0.032355
-0.116369 0.216403 -0.041025
-0.141292 0.215321 -0.045200
-0.104320 0.214101 -0.038478
-0.128145 0.209912 -0.041104
-0.019874 0.209347 -0.029823
-0.096126 0.208402 -0.035662
-0.133216 0.206572 -0.041058
-0.096519 0.205182 -0.034791
-0.142401 0.202889 -0.041773
-0.274494 0.312507 -0.124648
-0.184919 0.285460 -0.080794
-0.281467 0.269820 -0.108253
-0.252993 0.273060 -0.097951
-0.185436 0.262875 -0.071829
-0.229431 0.253539 -0.081711
-0.236483 0.241480 -0.079725
-0.174775 0.245028 -0.062466
-0.202583 0.236220 -0.066988
-0.253137 0.214403 -0.076635
-0.191602 0.216125 -0.057323
-0.219632 0.209444 -0.063562
-0.205976 0.206165 -0.058403
-0.207529 0.202031 -0.057654
-0.325584 -0.092479 -0.079962
-0.327382 -0.004738 -0.074545
-0.319142 -0.013310 -0.070763
-0.311610 -0.119131 -0.077553
-0.312359 -0.049059 -0.069266
-0.309016 -0.029149 -0.066626
-0.305294 0.003376 -0.064365
-0.298939 -0.081025 -0.066328
-0.291913 -0.097436 -0.065443
-0.277469 -0.089943 -0.058510
-0.264857 -0.085711 -0.053097
-0.264589 -0.016785 -0.047991
-0.262987 -0.080856 -0.051821
-0.252109 -0.040960 -0.044434
-0.243323 -0.135109 -0.053072
-0.237574 -0.074901 -0.042200
-0.230443 -0.121630 -0.046305
-0.228112 -0.141260 -0.049193
-0.226583 -0.077889 -0.038955
-0.221089 -0.136160 -0.045969
-0.223565 -0.010323 -0.033872
-0.223519 -0.038209 -0.034795
-0.219735 -0.118616 -0.042411
-0.221650 -0.006567 -0.033238
-0.210646 -0.147811 -0.045125
-0.296828 -0.158560 -0.078995
-0.289357 -0.175062 -0.079826
-0.274607 -0.166806 -0.071641
-0.259461 -0.216909 -0.079823
-0.262655 -0.163366 -0.066145
-0.254928 -0.191644 -0.070534
-0.239576 -0.195956 -0.066231
-0.240176 -0.175844 -0.061041
-0.233381 -0.168046 -0.056812
-0.228745 -0.202231 -0.064369
-0.206068 -0.193065 -0.054693
0.128103 -0.332518 -0.089208
0.014766 -0.336823 -0.079304
0.099252 -0.330150 -0.083143
0.070843 -0.327173 -0.078119
0.045783 -0.322083 -0.073543
0.034453 -0.308576 -0.066674
0.120982 -0.300660 -0.072957
0.005094 -0.300209 -0.062154
0.007576 -0.287155 -0.056675
0.027467 -0.283299 -0.055602
0.021708 -0.279407 -0.053840
-0.005868 -0.277449 -0.052753
0.097655 -0.271308 -0.057125
0.100627 -0.270418 -0.057202
0.033250 -0.272041 -0.051404
0.032630 -0.269478 -0.050391
0.047863 -0.266768 -0.050231
0.079261 -0.260486 -0.050712
0.130691 -0.257364 -0.057248
0.041585 -0.258983 -0.046942
0.108261 -0.256973 -0.053282
0.080744 -0.257492 -0.049781
0.046251 -0.255161 -0.045847
0.040405 -0.254237 -0.045159
0.116661 -0.242660 -0.049549
0.085789 -0.243133 -0.045303
0.087858 -0.239512 -0.044327
0.060203 -0.232116 -0.039022
0.084834 -0.222849 -0.038573
0.117339 -0.219781 -0.042215
0.144665 -0.211772 -0.044812
0.110978 -0.208990 -0.037971
0.058418 -0.210287 -0.032175
0.180064 -0.305149 -0.088129
0.178477 -0.294803 -0.083078
0.221103 -0.276784 -0.088097
0.173951 -0.272093 -0.072416
0.164000 -0.272302 -0.070045
0.252054 -0.253614 -0.089862
0.282664 -0.228578 -0.093093
0.233468 -0.232144 -0.075424
0.235413 -0.230304 -0.075468
0.184274 -0.226524 -0.058646
0.175830 -0.212352 -0.052041
0.171431 -0.204386 -0.048608
0.177243 0.054106 -0.023055
0.174567 0.092085 -0.026206
0.166499 0.015974 -0.018728
0.164049 0.023897 -0.018393
0.162615 0.021874 -0.018013
0.159311 0.059601 -0.019376
0.158177 0.043120 -0.017984
0.155561 0.038795 -0.017189
0.142893 0.118266 -0.023098
0.138639 0.011693 -0.012908
0.126734 0.104029 -0.017987
0.126090 0.080527 -0.014945
0.126212 -0.004971 -0.010622
0.114679 0.001201 -0.008746
0.102961 0.093725 -0.012926
0.078787 0.083279 -0.008739
0.076435 0.023709 -0.004246
0.073447 0.080854 -0.007930
0.069269 0.039967 -0.004240
0.059026 0.053850 -0.004232
0.057824 0.093990 -0.008094
0.045329 0.156648 -0.017790
0.044740 0.074450 -0.005004
0.041439 0.121687 -0.011005
0.031678 0.146334 -0.014968
0.028109 0.130598 -0.011892
0.172227 0.204883 -0.048945
0.159843 0.275146 -0.070198
0.157154 0.243978 -0.057896
0.153824 0.246407 -0.058008
0.155312 0.188788 -0.040599
0.155391 0.165566 -0.034890
0.128595 0.280930 -0.065987
0.131280 0.174335 -0.032171
0.128947 0.222106 -0.044941
0.124133 0.171752 -0.030296
0.106907 0.206280 -0.036571
0.103859 0.271900 -0.058250
0.100869 0.255898 -0.051792
0.098371 0.180605 -0.028498
0.093180 0.177388 -0.027026
0.087941 0.297562 -0.066580
0.085700 0.252576 -0.048592
0.086021 0.242178 -0.045005
0.079458 0.279836 -0.058182
0.075495 0.295379 -0.064171
0.069286 0.167129 -0.021959
0.058644 0.264697 -0.050264
0.057829 0.289635 -0.060055
0.057069 0.232344 -0.038840
0.049995 0.207723 -0.030806
0.048625 0.266934 -0.050345
0.046238 0.240285 -0.040678
0.039674 0.274767 -0.052795
0.036518 0.291110 -0.059226
0.029774 0.178049 -0.021860
0.026121 0.197207 -0.026631
-0.108227 0.178869 -0.029469
-0.002611 0.175293 -0.020599
-0.050185 0.174001 -0.022001
0.008923 0.162455 -0.017708
-0.055755 0.158623 -0.018926
-0.019941 0.155726 -0.016475
-0.049710 0.147900 -0.016270
-0.133399 0.138837 -0.024918
-0.080293 0.136619 -0.016788
-0.106412 0.122819 -0.017665
-0.112960 0.117782 -0.017817
-0.023670 0.118059 -0.009646
-0.141771 0.115059 -0.022371
-0.052422 0.111525 -0.010107
-0.015759 0.108840 -0.008039
-0.026747 0.107473 -0.008153
-0.048050 0.106524 -0.009083
-0.061756 0.088813 -0.007776
-0.005177 0.076229 -0.003869
-0.087543 0.074922 -0.008829
-0.122740 0.074388 -0.013743
-0.111383 0.066154 -0.011178
-0.022113 0.064669 -0.003094
-0.111881 0.056636 -0.010468
-0.077102 0.049052 -0.005541
-0.010170 0.043458 -0.001318
-0.014204 0.037827 -0.001080
-0.074208 0.037519 -0.004585
-0.061306 0.034614 -0.003284
-0.024862 0.032086 -0.001090
-0.172981 0.169618 -0.039852
-0.165102 0.160804 -0.035971
-0.252997 0.150931 -0.059735
-0.245101 0.138391 -0.054329
-0.182678 0.136511 -0.035201
-0.223831 0.122270 -0.044303
-0.205686 0.123166 -0.039004
-0.267451 0.118939 -0.058938
-0.233550 0.104536 -0.044600
-0.271644 0.101770 -0.057842
-0.189619 0.103865 -0.031561
-0.259977 0.089470 -0.051745
-0.218308 0.072068 -0.035788
-0.200961 0.071141 -0.030667
-0.203355 0.059825 -0.030313
-0.194189 0.056310 -0.027527
-0.236245 0.054915 -0.039946
-0.173416 0.052421 -0.022019
-0.163500 0.047201 -0.019394
-0.172704 0.038717 -0.021001
-0.252735 0.032829 -0.044234
-0.285925 0.023740 -0.056533
-0.199371 0.024172 -0.027152
-0.184576 -0.014136 -0.023005
-0.180719 -0.137406 -0.034878
-0.153623 -0.057041 -0.017967
-0.150148 -0.130492 -0.026631
-0.146619 -0.073633 -0.018011
-0.139303 -0.021379 -0.013247
-0.130861 0.001471 -0.011409
-0.110631 -0.087310 -0.013247
-0.107022 -0.099913 -0.014307
-0.087875 -0.097225 -0.011441
-0.086674 -0.079351 -0.009185
-0.081374 -0.084867 -0.009195
-0.038451 -0.002763 -0.000983
-0.180442 -0.188484 -0.046438
-0.169553 -0.258606 -0.066108
-0.172866 -0.178079 -0.041880
-0.169649 -0.190328 -0.044271
-0.159882 -0.265987 -0.066605
-0.165016 -0.171113 -0.038331
-0.150349 -0.291426 -0.074789
-0.152085 -0.245207 -0.057205
-0.140694 -0.237932 -0.052323
-0.123711 -0.244190 -0.051277
-0.120853 -0.260978 -0.056818
-0.120866 -0.227712 -0.045294
-0.120707 -0.209675 -0.039741
-0.096201 -0.257904 -0.051870
-0.095167 -0.223918 -0.040203
-0.092473 -0.240825 -0.045355
-0.086847 -0.274519 -0.056952
-0.085746 -0.212717 -0.035613
-0.084622 -0.223047 -0.038610
-0.078937 -0.261346 -0.050993
-0.077894 -0.230407 -0.040175
-0.072370 -0.188050 -0.027335
-0.069021 -0.245869 -0.044419
-0.061374 -0.250247 -0.045245
-0.060046 -0.260340 -0.048764
-0.058105 -0.253866 -0.046253
-0.057226 -0.248866 -0.044414
-0.054244 -0.218324 -0.034232
-0.047118 -0.213415 -0.032267
-0.044728 -0.245648 -0.042405
-0.035139 -0.270969 -0.051083
-0.027067 -0.272341 -0.051255
0.084559 -0.167947 -0.023747
0.009251 -0.162853 -0.017799
0.093192 -0.155734 -0.022098
0.062076 -0.149700 -0.017567
0.095305 -0.149515 -0.021078
0.004388 -0.149278 -0.014891
0.134649 -0.146657 -0.026676
0.039984 -0.143814 -0.014877
0.095852 -0.121562 -0.016013
0.107682 -0.120044 -0.017393
0.138993 -0.102770 -0.020019
0.129623 -0.088761 -0.016497
-0.007687 -0.082500 -0.004552
0.148392 -0.053255 -0.016615
0.082487 -0.051320 -0.006265
0.069150 -0.048959 -0.004761
0.103194 -0.039806 -0.008131
0.122788 -0.037410 -0.010972
0.008594 -0.027690 -0.000556
0.262644 -0.160592 -0.065490
0.169114 -0.165133 -0.037884
0.264121 -0.158646 -0.065603
0.171855 -0.154619 -0.036197
0.179936 -0.140572 -0.035292
0.253440 -0.135414 -0.056714
0.220782 -0.132730 -0.045224
0.219486 -0.128378 -0.044026
0.303189 -0.123273 -0.074486
0.178032 -0.119343 -0.031006
0.162548 -0.116064 -0.026850
0.243668 -0.110108 -0.048845
0.233727 -0.109186 -0.045357
0.175473 -0.110824 -0.029033
0.186481 -0.105526 -0.030987
0.293800 -0.097819 -0.066298
0.197730 -0.099932 -0.033177
0.217744 -0.090061 -0.037644
0.204156 -0.088773 -0.033507
0.261451 -0.081187 -0.051288
0.215463 -0.074842 -0.035214
0.244993 -0.073564 -0.044572
0.301519 -0.065758 -0.065827
0.293518 -0.063632 -0.062190
0.169948 -0.063950 -0.022122
0.185281 -0.060636 -0.025558
0.265985 -0.058161 -0.050708
0.193643 -0.053595 -0.027177
0.286112 -0.042660 -0.057508
0.210906 -0.043595 -0.031311
0.297635 -0.040520 -0.062209
0.255315 -0.032685 -0.045149
0.268976 -0.030780 -0.050117
0.304522 -0.029335 -0.064638
0.210718 -0.026477 -0.030430
0.236195 -0.025346 -0.038275
0.270577 -0.022293 -0.050410
-0.357899 -0.235161 -0.132923
-0.348631 -0.182076 -0.110316
0.248815 -0.362935 -0.141190
0.210278 -0.348089 -0.118642
0.157601 -0.359372 -0.109767
0.358338 0.064101 -0.093370
-0.068580 0.382310 -0.107357
-0.063577 0.358818 -0.093579
-0.044770 0.392829 -0.111574
-0.371802 -0.102927 -0.105792
-0.416809 -0.091871 -0.131943
-0.391281 -0.090816 -0.115486
0.048808 -0.426848 -0.133877
0.026789 -0.370757 -0.097656
0.204204 0.353427 -0.119604
0.143620 0.416194 -0.141363
0.038796 0.399202 -0.115111
0.050489 0.327243 -0.076334
-0.354506 0.211954 -0.122745
-0.308731 0.258639 -0.116158
-0.367788 0.041083 -0.096728
-0.363666 0.057743 -0.095692
-0.341947 0.169315 -0.103310
-0.339267 0.137108 -0.094416
-0.327559 0.113345 -0.084103
-0.318165 0.156665 -0.088305
-0.324475 0.037923 -0.074194
-0.315821 0.089473 -0.074947
-0.178590 -0.366125 -0.119080
-0.046579 -0.345357 -0.085070
-0.102811 -0.339426 -0.088310
-0.074095 -0.336993 -0.083294
-0.044881 -0.334141 -0.079302
-0.073715 -0.327872 -0.078763
-0.055529 -0.324274 -0.075306
-0.140916 -0.316560 -0.084048
0.402278 -0.177563 -0.140967
0.359015 -0.232181 -0.132447
0.333690 -0.207920 -0.110226
0.311066 -0.182290 -0.091470
0.397992 -0.092249 -0.119838
0.398807 -0.023178 -0.114111
0.372372 -0.039258 -0.099194
0.362550 -0.159597 -0.112035
0.362146 -0.122732 -0.103783
0.360300 -0.061888 -0.094224
0.335343 -0.122292 -0.089531
0.322645 -0.152534 -0.089498
0.323871 -0.058063 -0.075325
0.312793 -0.157688 -0.086012
FRAME 89 137
0.282621 0.079381 -0.059296
0.252424 0.035003 -0.044228
0.252236 0.040875 -0.044474
0.238573 0.095126 -0.044946
0.224441 0.121570 -0.044375
0.282681 0.265659 -0.107064
0.273998 0.182475 -0.075405
0.257927 0.168487 -0.065593
0.216950 0.172874 -0.052711
0.211990 0.193426 -0.056559
-0.066800 0.335168 -0.081621
-0.003461 0.296801 -0.060680
-0.064716 0.251578 -0.046011
-0.036226 0.231977 -0.037367
-0.119866 0.229345 -0.045650
-0.078043 0.227298 -0.039198
-0.141693 0.217609 -0.045977
-0.153801 0.262836 -0.064019
-0.225776 0.251592 -0.079752
-0.236709 0.245576 -0.081280
-0.166499 0.240845 -0.058975
-0.207529 0.202031 -0.057654
-0.266781 -0.001715 -0.048617
-0.252124 -0.040959 -0.044439
-0.210668 -0.147834 -0.045136
-0.233376 -0.168023 -0.056804
-0.212542 -0.215462 -0.063196
-0.214718 -0.162194 -0.049491
-0.006117 -0.338202 -0.079859
0.022508 -0.282409 -0.055066
0.112585 -0.271023 -0.059263
0.097662 -0.271315 -0.057129
0.100619 -0.270419 -0.057201
0.123530 -0.269499 -0.060526
0.032630 -0.269508 -0.050402
0.079336 -0.260483 -0.050719
0.086067 -0.256879 -0.050187
0.040405 -0.254230 -0.045157
0.066122 -0.249910 -0.045552
0.085788 -0.243141 -0.045305
0.063617 -0.230284 -0.038726
0.102993 -0.227001 -0.042260
-0.004323 -0.225995 -0.034568
-0.007259 -0.224626 -0.034164
0.068960 -0.222810 -0.036863
0.057060 -0.221647 -0.035462
0.136745 -0.208081 -0.042162
0.189562 -0.303454 -0.089987
0.147029 0.130071 -0.025921
0.129038 0.150732 -0.026492
0.108837 0.133579 -0.019889
0.107159 0.105644 -0.015121
0.105735 0.049033 -0.009034
0.060535 0.102533 -0.009432
0.048909 0.105749 -0.009028
0.027950 0.056778 -0.002652
0.170979 0.178974 -0.041650
0.157163 0.243970 -0.057895
0.153816 0.246408 -0.058006
0.148372 0.301455 -0.078730
0.135981 0.276875 -0.065764
0.125377 0.189765 -0.035010
0.079433 0.267603 -0.053399
0.059721 0.245596 -0.043484
0.049257 0.201711 -0.029061
0.046249 0.288489 -0.058714
0.037779 0.222807 -0.034552
0.032912 0.233933 -0.037842
0.027106 0.256759 -0.045434
-0.023640 0.169818 -0.019691
-0.070617 0.150507 -0.018499
0.004356 0.141071 -0.013286
-0.072221 0.122535 -0.013495
-0.078645 0.106033 -0.011611
-0.026994 0.104444 -0.007733
-0.114094 0.061771 -0.011212
-0.137659 0.048032 -0.014186
-0.148046 0.045316 -0.016017
-0.223847 0.122261 -0.044306
-0.212319 0.121587 -0.040669
-0.223455 0.116206 -0.043170
-0.168628 0.115678 -0.028170
-0.234534 0.110639 -0.045847
-0.245430 0.104783 -0.048646
-0.271636 0.101770 -0.057840
-0.240645 0.068300 -0.042567
-0.263452 0.054006 -0.049429
-0.203238 0.045543 -0.029244
-0.251777 0.021869 -0.043475
-0.160019 0.007376 -0.017159
-0.115531 -0.017092 -0.009072
-0.105504 -0.020344 -0.007671
-0.094615 -0.149047 -0.020893
-0.074948 -0.059500 -0.006078
-0.061921 -0.101783 -0.009443
-0.169657 -0.190335 -0.044275
-0.152156 -0.245202 -0.057219
-0.127736 -0.287277 -0.068444
-0.120858 -0.227705 -0.045291
-0.103950 -0.265565 -0.055829
-0.101385 -0.182834 -0.029469
-0.092479 -0.275745 -0.058157
-0.069003 -0.245892 -0.044425
-0.067527 -0.270302 -0.053187
-0.061373 -0.250255 -0.045247
-0.057234 -0.248866 -0.044415
0.145479 -0.172334 -0.034409
0.110931 -0.160499 -0.025599
0.015472 -0.138198 -0.012894
0.136294 -0.122747 -0.022578
0.090104 -0.106851 -0.013028
0.007627 -0.100063 -0.006687
0.143514 -0.077868 -0.017835
0.149406 -0.060689 -0.017392
0.055743 -0.047956 -0.003583
0.061913 -0.030986 -0.003176
0.233743 -0.109186 -0.045362
0.189251 -0.046248 -0.025523
0.255337 -0.032710 -0.045158
0.286754 -0.022035 -0.056817
0.345007 0.234368 -0.125401
0.392109 0.114376 -0.119779
-0.029277 0.373771 -0.099468
-0.356951 -0.085823 -0.095080
0.045501 -0.431112 -0.136572
0.028223 0.352791 -0.087919
-0.307494 0.223134 -0.102351
-0.220305 -0.339870 -0.117595
-0.026242 -0.408823 -0.120559
-0.058295 -0.358776 -0.093071
-0.038458 -0.356155 -0.090218
-0.027095 -0.350559 -0.086699
-0.072698 -0.325147 -0.077341
-0.160518 -0.314476 -0.087473
0.309867 -0.224982 -0.104106
0.382982 -0.073231 -0.108262
0.312998 -0.144723 -0.083189
FRAME 90 54
0.268291 0.098735 -0.056113
0.252447 0.034994 -0.044235
0.252236 0.040875 -0.044474
0.238557 0.095135 -0.044942
0.224442 0.121562 -0.044374
0.243190 0.176931 -0.062366
0.232092 0.277960 -0.092325
-0.110224 0.271914 -0.059232
-0.009686 0.263208 -0.047344
-0.119867 0.229337 -0.045648
-0.141693 0.217609 -0.045977
-0.058445 0.211436 -0.032512
-0.176028 0.289781 -0.080259
-0.207536 0.202038 -0.057658
-0.257125 -0.000930 -0.045050
-0.252094 -0.040960 -0.044429
-0.210669 -0.147810 -0.045131
-0.233381 -0.168046 -0.056812
-0.202007 -0.261688 -0.076077
-0.206353 -0.176642 -0.050463
0.097654 -0.271315 -0.057128
0.100627 -0.270418 -0.057202
0.032630 -0.269508 -0.050402
0.079344 -0.260483 -0.050720
0.040397 -0.254238 -0.045159
0.085780 -0.243133 -0.045302
0.258959 -0.209963 -0.077443
0.090997 0.008302 -0.005540
0.034279 0.017891 -0.000989
0.157155 0.243971 -0.057894
0.153824 0.246407 -0.058008
0.046215 0.178703 -0.022870
-0.156050 0.049229 -0.017913
-0.255286 0.161706 -0.062996
-0.223839 0.122262 -0.044304
-0.271636 0.101779 -0.057841
-0.170637 0.091793 -0.025241
-0.169650 -0.190320 -0.044269
-0.152093 -0.245199 -0.057204
-0.145408 -0.187086 -0.038076
-0.120857 -0.227720 -0.045296
-0.069020 -0.245892 -0.044427
-0.061373 -0.250255 -0.045247
-0.057226 -0.248866 -0.044414
0.135221 -0.055154 -0.014233
0.233719 -0.109195 -0.045356
0.302778 -0.072441 -0.067048
0.203776 -0.073060 -0.031643
0.215532 -0.069780 -0.034728
0.227206 -0.066138 -0.037973
0.255323 -0.032685 -0.045151
0.234774 -0.369429 -0.139539
-0.386430 0.055802 -0.108574
-0.345661 0.115583 -0.093616
FRAME 91 97
0.252447 0.034994 -0.044235
0.252236 0.040875 -0.044474
0.238558 0.095127 -0.044941
0.233068 0.058709 -0.039207
0.224442 0.121562 -0.044374
0.215787 0.083703 -0.036286
0.235243 0.161679 -0.055935
0.233107 0.161839 -0.055258
0.208639 0.250136 -0.073737
-0.012573 0.284580 -0.055696
-0.141592 0.280296 -0.068276
-0.081266 0.268385 -0.053907
-0.119867 0.229337 -0.045648
-0.141693 0.217609 -0.045977
-0.085104 0.214106 -0.035949
-0.201141 0.251140 -0.071857
-0.205243 0.242591 -0.069994
-0.157714 0.239988 -0.056641
-0.207535 0.202045 -0.057660
-0.328020 -0.032594 -0.075616
-0.252109 -0.040951 -0.044433
-0.234871 -0.120173 -0.047509
-0.210669 -0.147810 -0.045131
-0.210683 -0.095795 -0.036282
-0.236471 -0.230172 -0.075791
-0.233381 -0.168046 -0.056812
-0.217385 -0.285395 -0.090504
0.051496 -0.300904 -0.064349
0.097663 -0.271308 -0.057126
0.100635 -0.270425 -0.057205
0.032630 -0.269508 -0.050402
0.079336 -0.260483 -0.050719
0.040405 -0.254237 -0.045159
0.085780 -0.243133 -0.045302
0.019655 -0.210537 -0.030161
0.030722 -0.207448 -0.029656
0.134430 -0.203424 -0.040383
0.152710 -0.279899 -0.070496
0.213028 -0.247139 -0.074001
0.161826 -0.227511 -0.053419
0.197567 -0.223730 -0.061388
0.150208 0.016745 -0.015255
0.040062 0.066142 -0.003964
0.029814 0.072359 -0.004060
0.172344 0.222779 -0.054404
0.157154 0.243978 -0.057896
0.153816 0.246408 -0.058006
0.094964 0.306243 -0.071327
0.082228 0.181058 -0.026611
0.038583 0.194617 -0.026488
0.030208 0.254858 -0.044875
-0.044200 0.155471 -0.017473
-0.067790 0.125166 -0.013516
-0.025796 0.111807 -0.008755
-0.076710 0.038633 -0.004893
-0.215004 0.156974 -0.048400
-0.223839 0.122262 -0.044304
-0.271636 0.101779 -0.057841
-0.256715 0.072880 -0.048645
-0.291993 0.033962 -0.059466
-0.166732 -0.063726 -0.021365
-0.155876 -0.122846 -0.026505
-0.115223 -0.157988 -0.025716
-0.091268 -0.056515 -0.007657
-0.060979 -0.029998 -0.003059
-0.040131 -0.108896 -0.008957
-0.036667 -0.015690 -0.001052
-0.169649 -0.190328 -0.044271
-0.162625 -0.170497 -0.037639
-0.152124 -0.245204 -0.057212
-0.120866 -0.227705 -0.045292
-0.122479 -0.197203 -0.036508
-0.109965 -0.199056 -0.034999
-0.069037 -0.245876 -0.044423
-0.061381 -0.250262 -0.045250
-0.057226 -0.248866 -0.044414
-0.047371 -0.165971 -0.019958
0.118955 -0.176735 -0.030625
0.080903 -0.176926 -0.025450
0.093635 -0.175691 -0.026673
0.106012 -0.174273 -0.028028
-0.007526 -0.073258 -0.003594
0.230300 -0.163860 -0.054800
0.265977 -0.157094 -0.065961
0.233720 -0.109187 -0.045354
0.195401 -0.082649 -0.030368
0.278835 -0.066926 -0.056470
0.198005 -0.063770 -0.029171
0.255300 -0.032710 -0.045144
-0.114187 0.440341 -0.152104
-0.102620 0.370098 -0.104773
0.019496 -0.360379 -0.091667
0.202011 0.327302 -0.105104
0.066183 0.354253 -0.091382
-0.344201 0.039721 -0.084036
-0.335789 0.070262 -0.082283
0.360408 -0.160656 -0.111097
FRAME 92 138
0.299618 -0.005814 -0.061904
0.250493 0.132346 -0.055067
0.252432 0.034986 -0.044230
0.252236 0.040875 -0.044474
0.248480 0.116324 -0.051519
0.245511 0.080231 -0.045471
0.238557 0.095135 -0.044942
0.224441 0.121570 -0.044375
0.299753 0.269811 -0.116502
0.297261 0.253018 -0.108528
0.215336 0.184372 -0.055138
0.005025 0.332204 -0.076884
-0.066367 0.313568 -0.071274
-0.086829 0.292638 -0.064336
-0.130700 0.280982 -0.066404
-0.119866 0.229345 -0.045650
-0.141693 0.217609 -0.045977
0.005557 0.217832 -0.032070
-0.126510 0.203950 -0.039090
-0.243420 0.271203 -0.093588
-0.288009 0.240505 -0.099642
-0.207536 0.202038 -0.057658
-0.331176 -0.004426 -0.076378
-0.305492 -0.097794 -0.071390
-0.297287 -0.015015 -0.061041
-0.289018 -0.052580 -0.059382
-0.281666 -0.027501 -0.054945
-0.276601 0.003118 -0.052402
-0.252094 -0.040960 -0.044429
-0.244953 -0.123171 -0.051447
-0.226840 0.000238 -0.034820
-0.210692 -0.147808 -0.045138
-0.275997 -0.274345 -0.107801
-0.248721 -0.174209 -0.063639
-0.240845 -0.228933 -0.076908
-0.233383 -0.168022 -0.056807
0.072237 -0.335531 -0.082363
0.039038 -0.330111 -0.076967
0.104366 -0.320141 -0.079094
0.120104 -0.311248 -0.077558
0.140724 -0.292763 -0.073308
0.100002 -0.270601 -0.057183
0.032630 -0.269508 -0.050402
0.005725 -0.267417 -0.048878
0.079335 -0.260491 -0.050722
0.040397 -0.254238 -0.045159
0.085780 -0.243133 -0.045302
0.101826 -0.220078 -0.039929
0.291795 -0.209402 -0.090719
0.280626 -0.207510 -0.085346
0.257574 -0.203821 -0.075049
0.276552 -0.200132 -0.081424
0.245583 -0.201525 -0.069957
0.153064 0.037948 -0.016624
0.103439 0.076772 -0.011051
0.053718 0.095342 -0.007959
0.166359 0.244270 -0.060134
0.165052 0.182172 -0.041065
0.157155 0.243971 -0.057894
0.153816 0.246408 -0.058006
0.140339 0.211453 -0.043852
0.102076 0.251300 -0.050312
0.074047 0.201743 -0.031174
0.064041 0.297869 -0.064084
0.048029 0.257681 -0.046875
-0.121226 0.129311 -0.021063
-0.070456 0.126142 -0.013929
-0.137212 0.121564 -0.022553
-0.033173 0.068048 -0.003798
-0.121666 0.066381 -0.012808
-0.101057 0.064895 -0.009597
-0.117003 0.056903 -0.011275
-0.008934 0.037883 -0.001002
-0.255121 0.166375 -0.064041
-0.282418 0.141588 -0.069144
-0.258508 0.130760 -0.057683
-0.208614 0.127431 -0.040596
-0.223839 0.122262 -0.044304
-0.294855 0.105216 -0.067838
-0.271636 0.101779 -0.057841
-0.195917 0.099469 -0.032620
-0.160412 -0.156775 -0.034026
-0.092287 -0.035389 -0.006486
-0.055457 -0.069366 -0.005232
-0.051751 -0.116717 -0.010855
-0.039641 -0.061339 -0.003535
-0.169649 -0.190328 -0.044271
-0.166250 -0.203152 -0.047018
-0.152093 -0.245206 -0.057206
-0.147995 -0.239017 -0.054190
-0.120865 -0.227727 -0.045299
-0.098764 -0.276503 -0.059319
-0.069021 -0.245869 -0.044419
-0.061349 -0.250233 -0.045237
-0.057226 -0.248866 -0.044414
0.118653 -0.154791 -0.025580
0.145988 -0.148831 -0.029301
0.103580 -0.105651 -0.014614
0.131044 -0.099353 -0.018095
0.012632 -0.085683 -0.004975
0.152635 -0.062171 -0.018176
0.099630 -0.057849 -0.008826
0.126978 -0.051891 -0.012544
0.235602 -0.142516 -0.051906
0.233742 -0.109202 -0.045364
0.293121 -0.094558 -0.065554
0.281536 -0.092721 -0.060505
0.256434 -0.063575 -0.047646
0.278099 -0.045022 -0.054428
0.255315 -0.032685 -0.045149
0.240434 -0.032328 -0.039965
0.401119 0.190874 -0.144203
0.396357 0.092301 -0.118826
0.368425 0.023625 -0.096227
-0.097722 0.456245 -0.161083
-0.061438 0.417290 -0.128538
-0.016408 0.404913 -0.117733
0.118717 -0.400505 -0.125829
0.072543 -0.444956 -0.149058
0.271725 0.353350 -0.145316
0.261964 0.328357 -0.127374
0.067142 0.395689 -0.115275
0.136949 0.354016 -0.102153
0.098006 0.349994 -0.093058
0.138691 0.328148 -0.089161
0.099867 0.323661 -0.080089
-0.342282 0.233627 -0.123645
-0.405649 0.118382 -0.129064
-0.387936 0.099836 -0.114795
-0.327047 0.091121 -0.080484
-0.086573 -0.357658 -0.095560
0.373587 -0.243333 -0.145388
0.379175 -0.176327 -0.126120
0.398823 -0.075309 -0.118131
0.395306 -0.027262 -0.112110
0.375332 -0.050574 -0.101656
0.337689 -0.159347 -0.098603
0.334802 -0.054362 -0.080324
FRAME 93 209
0.321477 0.061384 -0.074482
0.302968 0.012595 -0.063449
0.298322 -0.001340 -0.061323
0.267248 0.002695 -0.048796
0.261393 -0.006518 -0.046637
0.257198 0.041534 -0.046290
0.252439 0.035028 -0.044234
0.252236 0.040875 -0.044474
0.252132 0.032366 -0.044000
0.238557 0.095135 -0.044942
0.231392 -0.000521 -0.036267
0.224442 0.121562 -0.044374
0.220579 0.038145 -0.033887
0.305115 0.198729 -0.093426
0.262351 0.254340 -0.094126
0.262915 0.237143 -0.087997
0.225341 0.188595 -0.059419
0.008072 0.255974 -0.044681
-0.119866 0.229345 -0.045650
-0.141693 0.217609 -0.045977
-0.094845 0.218264 -0.038417
-0.063258 0.206744 -0.031562
-0.174107 0.306514 -0.087176
-0.276538 0.267260 -0.105078
-0.280309 0.257933 -0.102933
-0.229829 0.257297 -0.083271
-0.280172 0.241169 -0.096503
-0.173443 0.248157 -0.063244
-0.229419 0.240579 -0.076977
-0.279478 0.224344 -0.090303
-0.228671 0.223789 -0.071013
-0.245545 0.214565 -0.073907
-0.278530 0.207720 -0.084538
-0.274211 0.200132 -0.080470
-0.207536 0.202038 -0.057658
-0.252087 -0.040952 -0.044425
-0.249932 -0.006702 -0.042522
-0.241517 -0.044316 -0.040971
-0.210669 -0.147810 -0.045131
-0.213212 -0.052559 -0.032582
-0.297289 -0.210220 -0.093414
-0.289187 -0.155135 -0.074908
-0.233383 -0.168022 -0.056807
-0.216959 -0.292985 -0.093669
-0.210622 -0.160698 -0.047918
0.107988 -0.288406 -0.065539
0.092760 -0.288361 -0.063311
0.061108 -0.288033 -0.059670
0.120139 -0.277517 -0.063089
0.056514 -0.277207 -0.054906
0.097646 -0.271316 -0.057127
0.100627 -0.270411 -0.057199
0.032630 -0.269500 -0.050400
0.092303 -0.263856 -0.053555
0.060187 -0.264425 -0.050292
0.079344 -0.260490 -0.050722
0.084340 -0.253696 -0.048829
0.040405 -0.254237 -0.045159
0.087226 -0.252888 -0.048890
0.138387 -0.244169 -0.054003
0.085814 -0.243132 -0.045306
0.054882 -0.243726 -0.042454
0.077511 -0.231012 -0.040328
0.129488 -0.222385 -0.045126
0.073156 -0.220110 -0.036446
0.036103 -0.211578 -0.031096
0.278626 -0.290027 -0.115798
0.175356 -0.302947 -0.085879
0.218766 -0.272329 -0.085502
0.287095 -0.235298 -0.097360
0.267955 -0.208703 -0.080553
0.130671 0.121795 -0.021398
0.129495 0.141917 -0.024808
0.111208 0.067674 -0.011288
0.038122 0.122032 -0.010884
0.157162 0.243977 -0.057898
0.152754 0.285575 -0.072850
0.154054 0.252205 -0.060131
0.154764 0.234886 -0.054255
0.153816 0.246408 -0.058006
0.151911 0.237244 -0.054425
0.142364 0.202957 -0.041785
0.117911 0.294700 -0.069831
0.098200 0.278300 -0.059955
0.095023 0.269061 -0.055895
0.087253 0.286516 -0.061832
0.088895 0.227961 -0.040673
0.056381 0.244909 -0.042976
0.054913 0.278484 -0.055285
0.054383 0.294850 -0.061968
0.050097 0.202559 -0.029354
0.033819 0.201421 -0.028100
-0.088257 0.177950 -0.026550
-0.115424 0.166956 -0.027745
-0.081579 0.116536 -0.013499
0.003526 0.111862 -0.008327
-0.137585 0.109776 -0.020766
-0.131054 0.088474 -0.016714
-0.104713 0.076592 -0.011210
-0.125131 0.039025 -0.011445
-0.247677 0.150701 -0.057776
-0.243368 0.142904 -0.054630
-0.226410 0.136754 -0.047761
-0.223839 0.122262 -0.044304
-0.193707 0.120061 -0.035153
-0.271615 0.101763 -0.057830
-0.288400 0.099217 -0.064222
-0.232950 0.087999 -0.042171
-0.186930 0.075615 -0.027376
-0.288334 0.058448 -0.059566
-0.237067 0.058573 -0.040508
-0.232162 0.053488 -0.038505
-0.181322 -0.114353 -0.031017
-0.165706 -0.133458 -0.030545
-0.131708 -0.151119 -0.027050
-0.109079 -0.105464 -0.015376
-0.092817 -0.094772 -0.011724
-0.033373 -0.099822 -0.007360
-0.176768 -0.224990 -0.056212
-0.169649 -0.190328 -0.044271
-0.157856 -0.238067 -0.056017
-0.161837 -0.163640 -0.035869
-0.152158 -0.245172 -0.057209
-0.148983 -0.225758 -0.050023
-0.136167 -0.302514 -0.076643
-0.120874 -0.227719 -0.045298
-0.111093 -0.287593 -0.065692
-0.112669 -0.210532 -0.038684
-0.106711 -0.298752 -0.069750
-0.103469 -0.242554 -0.047461
-0.093875 -0.187535 -0.029658
-0.069021 -0.245869 -0.044419
-0.062943 -0.300838 -0.065268
-0.061382 -0.250247 -0.045245
-0.060744 -0.270548 -0.052664
-0.057217 -0.248866 -0.044414
-0.056253 -0.282121 -0.056848
-0.051802 -0.293414 -0.061163
-0.046589 -0.304079 -0.065390
0.008983 -0.138624 -0.012867
0.035756 -0.127377 -0.011661
0.099519 -0.126861 -0.017387
0.124261 -0.117409 -0.019575
0.061301 -0.117200 -0.011655
0.121223 -0.100235 -0.016538
0.152841 -0.087750 -0.020821
0.142058 -0.067756 -0.016558
0.020444 -0.044116 -0.001565
0.069269 -0.027619 -0.003685
0.198890 -0.120529 -0.036644
0.235750 -0.113856 -0.046759
0.233742 -0.109194 -0.045363
0.212875 -0.092662 -0.036517
0.209127 -0.091441 -0.035263
0.250634 -0.083690 -0.047661
0.220370 -0.081300 -0.037400
0.247256 -0.050224 -0.043326
0.255315 -0.032685 -0.045149
0.231291 -0.023701 -0.036624
0.344817 0.210789 -0.117035
-0.468766 -0.185183 -0.192423
-0.371130 -0.275071 -0.157476
0.243890 -0.356469 -0.135463
0.181466 -0.373036 -0.123919
0.357115 0.121037 -0.100701
0.433143 0.006626 -0.136353
-0.092996 0.386180 -0.112710
-0.036889 0.358797 -0.091548
-0.006285 0.375692 -0.099941
-0.492211 -0.079864 -0.187669
-0.394321 -0.009020 -0.110994
0.103921 -0.357976 -0.098239
0.077284 -0.368496 -0.100382
0.037707 -0.370156 -0.097852
-0.379496 -0.313273 -0.181987
0.169558 0.473382 -0.191365
0.098328 0.461560 -0.165296
0.189241 0.365219 -0.121639
0.223702 0.315232 -0.106241
0.300651 0.300924 -0.130964
0.056468 0.391753 -0.111837
0.120768 0.376422 -0.111542
0.086815 0.368878 -0.101790
0.054337 0.352256 -0.089252
0.024161 0.351903 -0.087292
0.023251 0.335717 -0.078993
-0.381556 0.036900 -0.104346
-0.378340 0.024244 -0.101883
-0.367736 0.118468 -0.106126
-0.344449 0.123932 -0.094495
-0.347946 0.023341 -0.085197
-0.345655 0.044854 -0.085106
-0.331460 0.036497 -0.077483
-0.325444 0.043212 -0.074971
-0.320067 0.047297 -0.072699
-0.276593 -0.390928 -0.170926
-0.178899 -0.380785 -0.127819
-0.106439 -0.419519 -0.136086
-0.092391 -0.392022 -0.116164
-0.037288 -0.386808 -0.107470
-0.050561 -0.344270 -0.084800
-0.092171 -0.331892 -0.082993
-0.097095 -0.320974 -0.078407
0.349170 -0.200246 -0.116009
0.343557 -0.222013 -0.120163
0.365719 -0.150764 -0.111699
0.332312 -0.076338 -0.081221
0.327713 -0.062811 -0.077588
0.322450 -0.074658 -0.076268
FRAME 94 310
0.319498 0.034894 -0.071688
0.310905 0.044457 -0.068294
0.252447 0.034986 -0.044235
0.252236 0.040875 -0.044474
0.243572 -0.007216 -0.040332
0.238557 0.095135 -0.044942
0.224442 0.121562 -0.044374
0.217755 0.119261 -0.041912
0.218672 -0.000459 -0.032303
0.215565 0.123243 -0.041924
0.208954 0.013087 -0.029556
0.272993 0.225939 -0.088155
0.273221 0.161704 -0.069865
0.271013 0.166037 -0.070025
0.241637 0.182567 -0.063284
0.236082 0.172083 -0.058702
0.210187 0.294594 -0.092202
0.211608 0.240851 -0.071316
0.214524 0.160527 -0.049051
-0.025197 0.311656 -0.067659
-0.116877 0.294289 -0.069478
-0.076416 0.274986 -0.055919
-0.007278 0.266468 -0.048535
-0.069298 0.265391 -0.051491
-0.045278 0.264776 -0.049311
-0.099240 0.256917 -0.051931
0.000428 0.255851 -0.044591
-0.087591 0.248491 -0.047378
-0.115880 0.241346 -0.048971
-0.025357 0.238110 -0.038908
-0.032820 0.232576 -0.037397
0.008000 0.231617 -0.036384
-0.119866 0.229352 -0.045652
-0.058429 0.225381 -0.036731
-0.086336 0.221677 -0.038390
-0.141685 0.217610 -0.045975
-0.114185 0.213410 -0.039775
-0.016813 0.213459 -0.030943
-0.103254 0.209098 -0.036851
-0.140353 0.206350 -0.042360
-0.164788 0.311983 -0.087344
-0.206175 0.287524 -0.087860
-0.241788 0.273504 -0.093937
-0.194800 0.275059 -0.079258
-0.190863 0.251070 -0.068895
-0.160019 0.250074 -0.060709
-0.184335 0.243890 -0.064542
-0.205107 0.234648 -0.067198
-0.294909 0.223590 -0.096734
-0.237248 0.220397 -0.072832
-0.165743 0.217830 -0.051268
-0.157343 0.216604 -0.048970
-0.203441 0.208947 -0.058487
-0.285960 0.199338 -0.085120
-0.173033 0.206721 -0.049677
-0.207536 0.202038 -0.057658
-0.197451 0.201214 -0.054505
-0.298523 -0.086633 -0.066830
-0.293026 -0.123852 -0.070161
-0.294788 -0.071538 -0.063499
-0.278575 0.003710 -0.053184
-0.261455 -0.067576 -0.049855
-0.251293 -0.098402 -0.049788
-0.252109 -0.040951 -0.044433
-0.235295 -0.026444 -0.038019
-0.210692 -0.147808 -0.045138
-0.276025 -0.232991 -0.091833
-0.268565 -0.251760 -0.095633
-0.270164 -0.217874 -0.084338
-0.270898 -0.206202 -0.080959
-0.268618 -0.209695 -0.081124
-0.248335 -0.281155 -0.099587
-0.257588 -0.181570 -0.068789
-0.257092 -0.187232 -0.070123
-0.254912 -0.179309 -0.067200
-0.237450 -0.168778 -0.058359
-0.233374 -0.168046 -0.056809
-0.221492 -0.280036 -0.089583
-0.209418 -0.167549 -0.049149
0.060534 -0.328204 -0.077619
0.001684 -0.326369 -0.074046
0.027089 -0.313263 -0.068461
0.036940 -0.312165 -0.068420
0.130051 -0.306711 -0.077326
0.007840 -0.311125 -0.067003
0.136331 -0.289346 -0.070965
0.038413 -0.285397 -0.056969
0.066625 -0.276994 -0.055711
0.097663 -0.271308 -0.057126
0.100627 -0.270411 -0.057199
0.126400 -0.267148 -0.060135
0.032630 -0.269500 -0.050400
0.051890 -0.264162 -0.049535
0.079327 -0.260483 -0.050718
0.120227 -0.257939 -0.055584
0.040397 -0.254238 -0.045159
0.010143 -0.251911 -0.043258
0.110784 -0.246660 -0.049988
0.144131 -0.245009 -0.055452
0.120585 -0.242081 -0.050010
0.085789 -0.243133 -0.045303
0.097360 -0.241964 -0.046395
0.066012 -0.235168 -0.040529
0.127129 -0.224984 -0.045518
0.045273 -0.225000 -0.035665
0.138603 -0.217502 -0.045334
0.247116 -0.318619 -0.116451
0.173285 -0.304253 -0.085932
0.236520 -0.295110 -0.101350
0.227087 -0.278629 -0.090876
0.177884 -0.264749 -0.070548
0.159168 -0.265525 -0.066262
0.197366 -0.261226 -0.074539
0.162039 -0.263851 -0.066288
0.287757 -0.225655 -0.094283
0.259603 -0.220138 -0.080922
0.196266 -0.223819 -0.061048
0.259380 -0.198104 -0.074049
0.271404 -0.194882 -0.077808
0.179962 0.063034 -0.024432
0.168778 0.073655 -0.022761
0.132612 0.071121 -0.015121
0.127112 0.118716 -0.020271
0.102523 0.080220 -0.011287
0.101807 0.004515 -0.006897
0.100829 0.124285 -0.017127
0.087572 -0.002668 -0.005092
0.075196 0.106301 -0.011293
0.068514 0.108920 -0.011027
0.063907 0.071201 -0.006076
0.039181 0.110138 -0.009089
0.034637 0.072120 -0.004244
0.172906 0.167873 -0.039423
0.157141 0.243949 -0.057883
0.153825 0.246400 -0.058005
0.147179 0.289855 -0.073429
0.141613 0.279506 -0.067959
0.111767 0.168890 -0.027620
0.107492 0.228376 -0.043362
0.102645 0.206687 -0.036068
0.085059 0.219021 -0.037423
0.083397 0.247772 -0.046621
0.067890 0.197247 -0.029337
0.056689 0.278350 -0.055374
0.058980 0.187137 -0.025895
0.040270 0.170655 -0.020606
0.027861 0.195686 -0.026286
-0.123060 0.171368 -0.030022
-0.065968 0.164879 -0.021145
0.005444 0.149785 -0.015001
-0.113129 0.144853 -0.022672
-0.138976 0.138456 -0.025885
-0.001715 0.119945 -0.009574
-0.106995 0.082645 -0.012182
0.006189 0.072981 -0.003555
-0.077234 0.023818 -0.004331
-0.142137 0.022256 -0.013810
-0.238558 0.170192 -0.059080
-0.156668 0.170944 -0.036423
-0.212008 0.167896 -0.050004
-0.202546 0.139715 -0.041146
-0.223839 0.122262 -0.044304
-0.251366 0.119113 -0.053009
-0.302678 0.107875 -0.071654
-0.215802 0.110117 -0.039855
-0.185318 0.107725 -0.031012
-0.271629 0.101779 -0.057838
-0.269177 0.095867 -0.056055
-0.214525 0.097893 -0.037700
-0.160728 0.057770 -0.019538
-0.192185 0.057456 -0.027086
-0.298548 0.039452 -0.062540
-0.240139 0.039472 -0.040224
-0.209935 0.034484 -0.030540
-0.291709 0.029031 -0.059125
-0.185392 -0.027125 -0.023576
-0.166103 -0.108472 -0.026483
-0.147873 -0.005544 -0.014618
-0.142556 -0.119924 -0.023302
-0.118493 -0.131151 -0.020944
-0.108349 -0.140485 -0.021103
-0.107470 -0.018796 -0.007911
-0.068501 -0.075385 -0.006891
-0.052796 -0.050382 -0.003529
-0.041720 -0.154221 -0.017067
-0.169649 -0.190328 -0.044271
-0.166981 -0.176144 -0.040003
-0.159871 -0.242423 -0.057971
-0.158809 -0.199697 -0.044337
-0.152129 -0.245145 -0.057193
-0.152290 -0.177895 -0.037168
-0.143985 -0.299845 -0.077071
-0.148548 -0.214950 -0.046567
-0.143039 -0.187259 -0.037646
-0.135356 -0.285301 -0.069079
-0.135275 -0.273649 -0.064341
-0.123837 -0.278430 -0.064107
-0.125529 -0.213766 -0.041782
-0.120867 -0.227689 -0.045287
-0.086243 -0.167667 -0.023879
-0.069012 -0.245892 -0.044426
-0.068311 -0.283155 -0.058341
-0.065389 -0.291393 -0.061458
-0.066138 -0.239149 -0.041861
-0.064360 -0.202766 -0.030536
-0.061725 -0.267853 -0.051718
-0.061373 -0.250255 -0.045247
-0.059679 -0.219547 -0.035032
-0.057226 -0.248873 -0.044417
-0.042464 -0.272803 -0.052194
-0.030945 -0.245040 -0.041466
-0.027943 -0.287467 -0.057320
-0.027505 -0.203091 -0.028298
0.117171 -0.168279 -0.028328
0.072049 -0.156296 -0.019842
0.135986 -0.144750 -0.026543
0.091418 -0.132736 -0.017372
0.005658 -0.114952 -0.008808
0.001857 -0.096195 -0.006145
0.099592 -0.094506 -0.012566
0.077824 -0.091350 -0.009581
0.140227 -0.082502 -0.017707
0.088554 -0.081122 -0.009596
0.131496 -0.065321 -0.014389
0.058536 -0.064975 -0.005073
0.142938 -0.052642 -0.015498
0.132320 -0.039961 -0.012738
0.122293 -0.025810 -0.010399
0.280048 -0.168973 -0.074382
0.283148 -0.168386 -0.075518
0.189105 -0.166415 -0.043183
0.224232 -0.159042 -0.051732
0.171418 -0.142319 -0.033561
0.276997 -0.135882 -0.065793
0.207195 -0.138381 -0.042219
0.179760 -0.133371 -0.033881
0.243528 -0.121421 -0.050650
0.174898 -0.116451 -0.029774
0.269722 -0.112097 -0.058679
0.233758 -0.109177 -0.045366
0.258123 -0.103200 -0.052942
0.179879 -0.104204 -0.029131
0.216289 -0.097545 -0.038181
0.222242 -0.086196 -0.038547
0.241517 -0.079068 -0.043974
0.174913 -0.073255 -0.024160
0.300145 -0.051103 -0.063991
0.256644 -0.050268 -0.046654
0.278521 -0.049126 -0.054871
0.255323 -0.032693 -0.045152
0.282036 -0.026925 -0.055072
0.383216 0.212592 -0.139906
0.354145 0.175155 -0.111402
0.265020 -0.366662 -0.150235
0.211160 -0.354186 -0.122301
0.436006 0.075321 -0.142935
0.370563 0.029811 -0.097676
0.408519 0.022651 -0.120226
0.363237 -0.003505 -0.092947
-0.115588 0.406032 -0.128790
-0.063911 0.446691 -0.149361
-0.061843 0.398471 -0.116466
-0.021403 0.418537 -0.126728
-0.010633 0.374659 -0.099407
0.004198 0.359406 -0.090868
-0.490987 -0.068727 -0.185160
-0.405210 -0.066743 -0.121208
-0.427088 -0.063222 -0.135341
-0.360917 -0.051524 -0.093673
0.055417 -0.388603 -0.109842
0.047613 -0.358548 -0.092096
-0.003156 -0.386860 -0.106438
-0.358416 0.322375 -0.173544
0.036219 0.446596 -0.147012
-0.463561 0.038580 -0.159966
0.184413 0.358930 -0.116650
0.068185 0.367127 -0.098607
0.039106 0.368086 -0.096774
0.092086 0.356209 -0.095523
0.070509 0.340171 -0.084509
-0.344218 0.236991 -0.125950
-0.339607 0.198559 -0.110365
-0.320723 0.282888 -0.132519
-0.296817 0.276574 -0.118023
-0.402813 0.113105 -0.126268
-0.390872 0.138814 -0.123891
-0.381087 0.126476 -0.115388
-0.383036 0.046476 -0.105828
-0.329595 0.151081 -0.092574
-0.331819 0.060041 -0.079335
-0.317048 0.118992 -0.080051
-0.189886 -0.370503 -0.124903
-0.043565 -0.426924 -0.133541
-0.023241 -0.408577 -0.120284
-0.077069 -0.375132 -0.104129
-0.125095 -0.355734 -0.100712
-0.087101 -0.328584 -0.080699
-0.022176 -0.321460 -0.072076
0.373262 -0.215398 -0.134794
0.361835 -0.200345 -0.123111
0.349813 -0.226509 -0.125177
0.324571 -0.180845 -0.097559
0.412833 -0.159507 -0.143015
0.355596 -0.155860 -0.107262
0.360110 -0.065777 -0.094495
0.339705 -0.120472 -0.091411
0.339526 -0.063326 -0.083468
0.332825 -0.039354 -0.078311
0.318616 -0.122841 -0.081478
0.320928 -0.053670 -0.073574
FRAME 95 106
0.252432 0.034986 -0.044230
0.252236 0.040875 -0.044474
0.238557 0.095135 -0.044942
0.224442 0.121562 -0.044374
0.206113 0.265444 -0.078769
-0.119866 0.229345 -0.045650
-0.075043 0.223585 -0.037712
-0.141693 0.217609 -0.045977
-0.018410 0.219319 -0.032732
-0.214568 0.291030 -0.092031
-0.166115 0.276183 -0.072107
-0.178869 0.252478 -0.066190
-0.163782 0.232952 -0.055658
-0.207536 0.202038 -0.057658
-0.321230 -0.050427 -0.073469
-0.260865 -0.098680 -0.053305
-0.253328 -0.144437 -0.058480
-0.255910 -0.087706 -0.050037
-0.252109 -0.040960 -0.044434
-0.225852 -0.146154 -0.049462
-0.212107 -0.116771 -0.039805
-0.210692 -0.147808 -0.045138
-0.321577 -0.174394 -0.094359
-0.294603 -0.175743 -0.082272
-0.242248 -0.289897 -0.101116
-0.233383 -0.168022 -0.056807
0.002348 -0.313038 -0.067829
0.009194 -0.301835 -0.062901
0.131639 -0.291870 -0.071119
0.013611 -0.291194 -0.058438
0.030320 -0.276936 -0.053180
0.097655 -0.271308 -0.057125
0.100627 -0.270418 -0.057202
0.032638 -0.269507 -0.050403
0.124274 -0.266447 -0.059484
0.023464 -0.269657 -0.050096
0.079335 -0.260491 -0.050722
0.028252 -0.258329 -0.046048
0.040405 -0.254237 -0.045159
0.085780 -0.243133 -0.045302
0.058608 -0.228177 -0.037627
0.011042 -0.225953 -0.034626
0.035947 -0.225763 -0.035378
0.116863 -0.212098 -0.039817
0.151606 -0.205660 -0.044465
0.169060 -0.255262 -0.064744
0.158405 0.019899 -0.017042
0.091021 0.095725 -0.011624
0.058813 -0.009385 -0.002349
0.157155 0.243971 -0.057894
0.153824 0.246407 -0.058008
0.069040 0.294753 -0.063231
0.071896 0.166977 -0.022175
0.053756 0.190738 -0.026424
0.047903 0.226587 -0.036332
-0.111289 0.170155 -0.027841
-0.147827 0.160025 -0.032056
-0.122302 0.133012 -0.021902
-0.240215 0.156845 -0.056524
-0.223839 0.122262 -0.044304
-0.205589 0.106227 -0.036273
-0.271636 0.101779 -0.057841
-0.260772 0.096658 -0.052990
-0.196047 0.098263 -0.032491
-0.259690 0.076282 -0.050090
-0.187825 0.054125 -0.025696
-0.256730 0.027066 -0.045422
-0.088174 -0.046381 -0.006591
-0.077044 -0.148457 -0.018727
-0.031780 -0.000345 -0.000668
-0.169649 -0.190328 -0.044271
-0.152093 -0.245206 -0.057206
-0.132899 -0.233956 -0.049481
-0.124145 -0.181640 -0.032708
-0.120858 -0.227713 -0.045293
-0.115872 -0.296183 -0.070122
-0.119266 -0.170919 -0.029284
-0.115239 -0.184191 -0.031881
-0.069021 -0.245869 -0.044419
-0.061373 -0.250255 -0.045247
-0.057201 -0.248844 -0.044405
-0.045243 -0.281148 -0.055658
-0.031606 -0.178968 -0.022160
0.101084 -0.111710 -0.015157
0.055427 -0.092782 -0.007762
0.124073 -0.045971 -0.011664
0.008596 -0.023252 -0.000406
0.198377 -0.168477 -0.046193
0.233719 -0.109195 -0.045356
0.184942 -0.085854 -0.028004
0.162550 -0.064197 -0.020470
0.255323 -0.032685 -0.045151
-0.180453 0.371775 -0.122887
-0.010548 0.456921 -0.153719
-0.444231 -0.125031 -0.157119
0.380000 0.319936 -0.186008
-0.033654 -0.457831 -0.155260
0.285701 0.332314 -0.139912
0.214525 0.309862 -0.100590
0.156556 0.408226 -0.139183
0.043448 0.322166 -0.073429
-0.317501 0.184194 -0.095046
-0.080490 -0.383636 -0.109511
-0.107119 -0.321403 -0.080122
0.385855 -0.205941 -0.139295
0.331138 -0.028989 -0.076964
FRAME 96 85
0.274068 0.024086 -0.051816
0.252447 0.034994 -0.044235
0.252236 0.040875 -0.044474
0.249965 0.102395 -0.049884
0.246467 0.036744 -0.042231
0.238557 0.095135 -0.044942
0.224442 0.121562 -0.044374
0.218546 0.036842 -0.033202
0.251240 0.165057 -0.062308
0.229408 0.267731 -0.087209
0.201444 0.267717 -0.078260
-0.115359 0.243876 -0.049754
-0.020734 0.244469 -0.040901
-0.071752 0.231807 -0.039985
-0.119866 0.229345 -0.045650
-0.141693 0.217609 -0.045977
-0.038194 0.220263 -0.033793
-0.129485 0.215814 -0.043104
-0.172192 0.285202 -0.077330
-0.176505 0.220752 -0.054798
-0.203406 0.208912 -0.058466
-0.280361 0.198501 -0.082515
-0.207535 0.202045 -0.057660
-0.311592 -0.057159 -0.069544
-0.311542 0.006228 -0.067175
-0.252124 -0.040959 -0.044439
-0.210669 -0.147810 -0.045131
-0.213780 -0.074866 -0.034716
-0.233380 -0.168069 -0.056817
0.112362 -0.304171 -0.073039
0.084519 -0.291273 -0.063475
0.097654 -0.271315 -0.057128
0.100627 -0.270418 -0.057202
0.032630 -0.269508 -0.050402
0.079344 -0.260483 -0.050720
0.040397 -0.254238 -0.045159
0.032047 -0.251611 -0.043801
0.085780 -0.243133 -0.045302
0.143211 -0.231348 -0.050638
0.080588 -0.224608 -0.038632
0.164151 -0.216318 -0.050431
0.165081 0.100743 -0.025144
0.111044 0.126440 -0.018959
0.054338 0.050445 -0.003643
0.161933 0.241821 -0.058238
0.157155 0.243971 -0.057894
0.153824 0.246407 -0.058008
0.141248 0.190231 -0.038072
-0.020660 0.178882 -0.021750
-0.127897 0.142622 -0.024664
-0.023290 0.127834 -0.011246
-0.104343 0.078227 -0.011328
-0.223839 0.122262 -0.044304
-0.271636 0.101779 -0.057841
-0.260756 0.030907 -0.047046
-0.134986 -0.055585 -0.014222
-0.132349 -0.124942 -0.022227
-0.050945 -0.141967 -0.015193
-0.169649 -0.190328 -0.044271
-0.154932 -0.275611 -0.069259
-0.156084 -0.237914 -0.055568
-0.157387 -0.187747 -0.040779
-0.152095 -0.245177 -0.057196
-0.120857 -0.227720 -0.045296
-0.069021 -0.245869 -0.044419
-0.061365 -0.250255 -0.045246
-0.057226 -0.248866 -0.044414
0.052871 -0.082426 -0.006366
0.233720 -0.109187 -0.045354
0.273932 -0.077499 -0.055625
0.270475 -0.068059 -0.053305
0.255323 -0.032693 -0.045152
-0.241442 0.378227 -0.147497
-0.358342 -0.269770 -0.147361
0.121278 -0.440553 -0.153642
0.009809 -0.402634 -0.116159
0.212159 0.397724 -0.149014
0.069307 0.333200 -0.080900
-0.379699 0.201635 -0.134075
-0.328671 0.225697 -0.113628
-0.330652 0.187027 -0.102327
-0.360126 0.085405 -0.096750
-0.229820 -0.310934 -0.106305
-0.096205 -0.413912 -0.130670
0.323938 -0.028339 -0.073474
FRAME 97 57
0.252432 0.034986 -0.044230
0.252236 0.040875 -0.044474
0.237855 0.146478 -0.053478
0.238557 0.095135 -0.044942
0.224442 0.121562 -0.044374
0.215447 0.044740 -0.032718
-0.119866 0.229352 -0.045652
-0.141693 0.217609 -0.045977
-0.181768 0.287857 -0.080956
-0.207529 0.202031 -0.057654
-0.252094 -0.040960 -0.044429
-0.244879 -0.060645 -0.043315
-0.227356 -0.010915 -0.035065
-0.210692 -0.147808 -0.045138
-0.233381 -0.168046 -0.056812
0.139667 -0.269996 -0.063779
0.097663 -0.271308 -0.057126
0.100635 -0.270418 -0.057203
0.032630 -0.269508 -0.050402
0.079336 -0.260483 -0.050719
0.040397 -0.254238 -0.045159
0.085780 -0.243133 -0.045302
0.125500 0.151954 -0.026129
0.157155 0.243971 -0.057894
0.153824 0.246407 -0.058008
0.077612 0.278967 -0.057627
-0.151781 0.144815 -0.029677
-0.070993 0.123075 -0.013466
-0.143660 0.121325 -0.023748
-0.059845 0.059969 -0.004760
-0.127748 0.047065 -0.012354
-0.223839 0.122262 -0.044304
-0.271636 0.101779 -0.057841
-0.227696 0.085332 -0.040155
-0.225203 0.046171 -0.035785
-0.130436 -0.010520 -0.011407
-0.082463 -0.103366 -0.011649
-0.070953 -0.070206 -0.006616
-0.169649 -0.190328 -0.044271
-0.152095 -0.245177 -0.057196
-0.141336 -0.203526 -0.041743
-0.120857 -0.227720 -0.045296
-0.069021 -0.245869 -0.044419
-0.061373 -0.250262 -0.045250
-0.057226 -0.248866 -0.044414
-0.053401 -0.179224 -0.023485
-0.039028 -0.248505 -0.043059
0.142599 -0.177591 -0.035109
0.062321 -0.162634 -0.020327
0.092663 -0.050597 -0.007405
0.233727 -0.109186 -0.045357
0.274772 -0.078281 -0.056041
0.255323 -0.032693 -0.045152
0.081060 -0.403120 -0.121544
0.164116 0.343864 -0.102990
-0.347424 0.177682 -0.108445
-0.055234 -0.333787 -0.079893
FRAME 98 221
0.300082 0.098313 -0.069077
0.290897 0.037379 -0.059183
0.283077 0.138908 -0.068868
0.275518 0.105570 -0.059927
0.277739 0.011434 -0.052936
0.270697 0.021031 -0.050417
0.262808 0.080530 -0.051717
0.252417 0.034994 -0.044225
0.252236 0.040884 -0.044474
0.250295 0.006424 -0.042647
0.238558 0.095127 -0.044941
0.224442 0.121554 -0.044373
0.286222 0.176024 -0.078743
0.261102 0.251559 -0.092572
0.238006 0.281708 -0.096009
0.230784 0.291850 -0.097852
0.212237 0.277641 -0.085583
0.216270 0.189566 -0.056813
-0.013919 0.317276 -0.069909
-0.079873 0.315127 -0.073434
-0.036444 0.305782 -0.065532
-0.092580 0.290691 -0.064261
-0.054567 0.287309 -0.058828
-0.115763 0.274514 -0.061152
-0.011510 0.274290 -0.051585
-0.106236 0.265895 -0.056297
-0.068103 0.262810 -0.050408
-0.136698 0.260051 -0.059394
-0.022335 0.249566 -0.042712
-0.119867 0.229337 -0.045648
-0.038101 0.224343 -0.035045
-0.141693 0.217609 -0.045977
-0.066922 0.218348 -0.035304
-0.279236 0.288724 -0.115475
-0.261945 0.271361 -0.100755
-0.184105 0.269129 -0.073903
-0.159909 0.242006 -0.057836
-0.250569 0.219144 -0.077196
-0.239738 0.204579 -0.068794
-0.207537 0.202022 -0.057654
-0.269587 0.193966 -0.076822
-0.276900 0.192887 -0.079461
-0.329113 -0.001803 -0.075365
-0.281342 -0.010916 -0.054361
-0.271585 -0.029265 -0.051051
-0.257097 -0.097502 -0.051754
-0.252109 -0.040960 -0.044434
-0.210692 -0.147808 -0.045138
-0.233406 -0.168021 -0.056814
-0.214355 -0.201246 -0.059491
-0.211679 -0.159838 -0.048039
0.011492 -0.336733 -0.079196
0.106027 -0.329798 -0.084004
0.123924 -0.303502 -0.074743
0.044610 -0.289322 -0.058953
0.136385 -0.283450 -0.068517
0.139143 -0.271461 -0.064246
0.097655 -0.271308 -0.057125
0.100610 -0.270427 -0.057202
0.032638 -0.269507 -0.050403
0.031974 -0.265806 -0.048970
0.079420 -0.260436 -0.050711
0.040414 -0.254230 -0.045157
0.121090 -0.246345 -0.051572
0.085789 -0.243133 -0.045303
0.085877 -0.240565 -0.044441
0.078898 -0.231094 -0.040506
0.091703 -0.223142 -0.039510
0.004473 -0.212376 -0.030444
-0.000105 -0.208721 -0.029371
0.004512 -0.208753 -0.029394
0.152117 -0.330680 -0.093350
0.276304 -0.301625 -0.120164
0.223606 -0.257228 -0.081152
0.172555 -0.224572 -0.055028
0.165705 -0.215075 -0.050414
0.294897 -0.190850 -0.086522
0.166518 0.042044 -0.019758
0.164105 0.089754 -0.023495
0.138114 0.038093 -0.013694
0.101845 -0.005005 -0.006905
0.087706 0.064048 -0.007838
0.058679 0.011705 -0.002371
0.051181 0.021530 -0.002041
0.043153 0.032781 -0.001944
0.040803 0.125723 -0.011640
0.030435 0.097547 -0.006935
0.162802 0.301995 -0.082293
0.157154 0.243978 -0.057896
0.153816 0.246408 -0.058006
0.120207 0.260543 -0.056545
0.117973 0.261416 -0.056490
0.122598 0.162035 -0.027805
0.113066 0.284489 -0.064727
0.090856 0.269995 -0.055702
0.085989 0.279407 -0.058784
0.076501 0.302561 -0.067392
0.070411 0.255704 -0.048029
0.049620 0.240849 -0.041094
0.046176 0.252659 -0.044948
0.044241 0.290778 -0.059535
0.036533 0.215904 -0.032393
0.031843 0.180749 -0.022607
0.031234 0.225477 -0.035069
0.026705 0.309017 -0.066528
0.025815 0.190574 -0.024860
-0.025749 0.169423 -0.019671
-0.040264 0.143747 -0.014879
-0.107891 0.140630 -0.021063
-0.129663 0.123821 -0.021558
-0.106036 0.095344 -0.013565
-0.060299 0.081935 -0.006873
-0.135359 0.040854 -0.013334
-0.170169 0.171349 -0.039591
-0.200026 0.163555 -0.045505
-0.290185 0.130454 -0.070177
-0.169676 0.126350 -0.030190
-0.223839 0.122270 -0.044305
-0.190852 0.108967 -0.032634
-0.271636 0.101770 -0.057840
-0.220926 0.100746 -0.040037
-0.291979 0.093154 -0.064881
-0.243746 0.082972 -0.045179
-0.167645 0.080771 -0.023251
-0.191018 0.063554 -0.027285
-0.259483 0.055448 -0.048074
-0.165991 0.033178 -0.019187
-0.278608 0.028742 -0.053775
-0.199659 0.026012 -0.027294
-0.149807 -0.083912 -0.019750
-0.116824 -0.135383 -0.021444
-0.081368 -0.030337 -0.005002
-0.078813 -0.138067 -0.016898
-0.067946 -0.149541 -0.018052
-0.055440 -0.120859 -0.011780
-0.044942 -0.131715 -0.012915
-0.031993 -0.103301 -0.007771
-0.169657 -0.190335 -0.044275
-0.168518 -0.214227 -0.050822
-0.152132 -0.245204 -0.057214
-0.141724 -0.268593 -0.063651
-0.140173 -0.257418 -0.059107
-0.130516 -0.216627 -0.043539
-0.121932 -0.301857 -0.073654
-0.120849 -0.227713 -0.045292
-0.108839 -0.240082 -0.047424
-0.074631 -0.199311 -0.030562
-0.069021 -0.245869 -0.044419
-0.061382 -0.250247 -0.045245
-0.057226 -0.248873 -0.044417
-0.054857 -0.233176 -0.038937
-0.028022 -0.267403 -0.049405
-0.027223 -0.291262 -0.058865
0.021668 -0.129801 -0.011537
0.036681 -0.101877 -0.007791
0.093453 -0.090728 -0.011300
-0.008350 -0.086388 -0.004996
0.057833 -0.084864 -0.007005
0.152023 -0.079664 -0.019732
0.109074 -0.063008 -0.010564
0.101763 -0.052956 -0.008751
0.000295 -0.048443 -0.001553
0.181641 -0.174640 -0.043210
0.231984 -0.164806 -0.055577
0.197109 -0.159623 -0.043798
0.255946 -0.149857 -0.060581
0.242639 -0.126806 -0.051292
0.268517 -0.122595 -0.059981
0.261667 -0.113157 -0.055789
0.227281 -0.113358 -0.043921
0.172777 -0.113442 -0.028791
0.233743 -0.109177 -0.045361
0.201182 -0.108465 -0.035362
0.281160 -0.099352 -0.061269
0.192784 -0.098472 -0.031643
0.250106 -0.088708 -0.048085
0.269738 -0.075418 -0.053773
0.247539 -0.064690 -0.044591
0.250067 -0.041631 -0.043753
0.255323 -0.032685 -0.045151
0.288312 -0.032099 -0.057847
0.349259 0.249695 -0.133675
0.366919 0.184182 -0.121132
0.358342 0.065655 -0.093524
0.392592 0.012454 -0.109997
-0.052643 0.396122 -0.114188
-0.001658 0.359737 -0.091035
-0.361704 -0.060044 -0.094820
0.032250 -0.383616 -0.105309
0.030534 -0.373522 -0.099383
-0.001283 -0.372400 -0.098039
-0.005613 -0.367112 -0.095098
-0.310398 0.360381 -0.168278
0.173728 0.434378 -0.162056
-0.072223 -0.439638 -0.145158
0.192297 0.340808 -0.109104
0.123626 0.385280 -0.117342
0.021921 0.388685 -0.107891
0.038657 0.370232 -0.097950
0.066098 0.342397 -0.085192
0.135633 0.333759 -0.091319
0.171960 0.328524 -0.097140
0.071585 0.333430 -0.081251
0.042347 0.331346 -0.077767
0.046018 0.328052 -0.076407
0.064641 0.323545 -0.075763
0.054221 0.323868 -0.075007
-0.337792 0.140127 -0.094294
-0.322049 0.037226 -0.073007
-0.146650 -0.401538 -0.132399
-0.079857 -0.361216 -0.096651
-0.059334 -0.352010 -0.089547
-0.033745 -0.330804 -0.077021
-0.040289 -0.324006 -0.074107
0.418892 -0.081913 -0.131952
0.365225 -0.040674 -0.095280
0.338553 -0.040774 -0.081237
0.335798 -0.038053 -0.079704
0.331403 -0.031749 -0.077216
0.325923 -0.026260 -0.074336
0.323953 -0.055660 -0.075164
FRAME 99 41
0.252432 0.034986 -0.044230
0.252236 0.040875 -0.044474
0.238565 0.095135 -0.044945
0.228091 0.081670 -0.039854
0.224442 0.121562 -0.044374
0.206041 0.251815 -0.073565
-0.119867 0.229337 -0.045648
-0.141693 0.217609 -0.045977
-0.207536 0.202038 -0.057658
-0.280191 -0.104723 -0.061666
-0.252094 -0.040960 -0.044429
-0.210692 -0.147808 -0.045138
-0.226407 -0.293030 -0.096858
-0.233383 -0.168022 -0.056807
0.100002 -0.270601 -0.057183
0.032621 -0.269508 -0.050402
0.079336 -0.260483 -0.050719
0.040397 -0.254238 -0.045159
0.085780 -0.243133 -0.045302
0.157155 0.243971 -0.057894
0.153824 0.246407 -0.058008
0.152318 0.242205 -0.056210
0.090445 0.260941 -0.052226
0.060983 0.238169 -0.041075
-0.045831 0.152561 -0.016966
-0.186091 0.149531 -0.038665
-0.223839 0.122262 -0.044304
-0.271636 0.101779 -0.057841
-0.119016 -0.030309 -0.010038
-0.050139 0.005912 -0.001687
-0.169649 -0.190328 -0.044271
-0.120857 -0.227720 -0.045296
-0.103021 -0.250150 -0.050041
-0.069021 -0.245869 -0.044419
-0.061373 -0.250255 -0.045247
-0.057226 -0.248866 -0.044414
0.068759 -0.066681 -0.006090
0.233720 -0.109187 -0.045354
0.262502 -0.080723 -0.051625
0.280233 -0.046306 -0.055361
0.255323 -0.032685 -0.045151
FRAME 100 100
0.298658 0.075261 -0.065554
0.261683 0.033501 -0.047505
0.252439 0.034994 -0.044233
0.252236 0.040875 -0.044474
0.238565 0.095143 -0.044946
0.230300 0.063139 -0.038689
0.224442 0.121554 -0.044373
-0.134720 0.297956 -0.074344
-0.129051 0.253360 -0.055483
-0.003392 0.250179 -0.042585
-0.119841 0.229369 -0.045653
-0.148757 0.224990 -0.049730
-0.099696 0.222848 -0.040486
-0.141694 0.217602 -0.045974
-0.099599 0.205618 -0.035334
-0.150719 0.280319 -0.070227
-0.187702 0.234280 -0.062130
-0.207543 0.202037 -0.057660
-0.252087 -0.040943 -0.044425
-0.235484 -0.024058 -0.037997
-0.210669 -0.147810 -0.045131
-0.233434 -0.168042 -0.056828
0.132951 -0.292694 -0.071724
0.100010 -0.270594 -0.057181
0.032638 -0.269507 -0.050403
0.079327 -0.260483 -0.050718
0.040405 -0.254237 -0.045159
0.085789 -0.243133 -0.045303
0.033438 -0.240416 -0.040009
0.132598 -0.209392 -0.041763
0.162351 -0.321181 -0.091111
0.150360 -0.279675 -0.069886
0.236762 -0.201109 -0.066743
0.263290 -0.192866 -0.074045
0.035207 0.136708 -0.013292
0.157163 0.243963 -0.057893
0.153825 0.246400 -0.058005
0.139120 0.298572 -0.075498
0.112849 0.250186 -0.051557
0.108572 0.304043 -0.072370
0.089879 0.304683 -0.069947
0.082538 0.307393 -0.070233
0.079876 0.270448 -0.054539
-0.048397 0.110639 -0.009703
-0.061601 0.107566 -0.010227
-0.023893 0.064709 -0.003152
-0.221751 0.163263 -0.051912
-0.223839 0.122270 -0.044305
-0.234740 0.120661 -0.047549
-0.280854 0.102507 -0.061603
-0.271637 0.101754 -0.057838
-0.193472 0.047828 -0.026731
-0.273348 0.042625 -0.052415
-0.137120 -0.149728 -0.027761
-0.169657 -0.190327 -0.044273
-0.152126 -0.245175 -0.057202
-0.135229 -0.210834 -0.042681
-0.120860 -0.227674 -0.045281
-0.109708 -0.302087 -0.071685
-0.069019 -0.245907 -0.044432
-0.061373 -0.250262 -0.045250
-0.057201 -0.248866 -0.044412
-0.047732 -0.222648 -0.035093
0.025396 -0.158588 -0.017250
0.031650 -0.078695 -0.004772
0.060996 -0.057561 -0.004664
0.044791 -0.040503 -0.002415
0.298828 -0.119632 -0.071917
0.233743 -0.109177 -0.045361
0.173252 -0.053232 -0.022038
0.276083 -0.041818 -0.053434
0.255315 -0.032702 -0.045149
0.267751 -0.025124 -0.049428
0.358073 0.056730 -0.092556
0.361961 -0.006062 -0.092268
-0.084055 0.388678 -0.112984
-0.039552 0.379337 -0.103208
0.119013 -0.356337 -0.099908
0.083908 -0.368808 -0.101372
0.037013 -0.365064 -0.094976
0.003361 -0.392504 -0.109832
0.002993 -0.384545 -0.105065
0.182657 0.353317 -0.113031
0.044409 0.340940 -0.082669
-0.391061 0.122950 -0.120732
-0.338760 0.022756 -0.080494
-0.068491 -0.339110 -0.083765
-0.048144 -0.330986 -0.077978
-0.030598 -0.326226 -0.074662
0.332723 -0.185922 -0.103062
0.408930 -0.113249 -0.130247
0.341526 -0.038703 -0.082614
0.329582 -0.063393 -0.078548
0.326048 -0.038773 -0.074993
0.324196 -0.047638 -0.074671
0.319925 -0.032083 -0.071750
0.318541 -0.060296 -0.073009
0.318802 -0.037757 -0.071515
0.316523 -0.077989 -0.073862
0.317373 -0.054705 -0.071996
FRAME 101 331
0.326141 0.122426 -0.085007
0.318608 0.013044 -0.070509
0.296630 0.022944 -0.060977
0.280884 0.079864 -0.058649
0.276631 0.123424 -0.063312
0.275072 0.013932 -0.051934
0.262739 0.030412 -0.047757
0.257478 0.124232 -0.056113
0.252447 0.034994 -0.044235
0.252236 0.040875 -0.044474
0.247452 0.092599 -0.047651
0.238557 0.095135 -0.044942
0.237246 0.022212 -0.038518
0.224434 0.121571 -0.044373
0.220573 0.084220 -0.037798
0.315951 0.182548 -0.093848
0.263412 0.189847 -0.073246
0.254448 0.206641 -0.074724
0.244420 0.160104 -0.058721
0.240811 0.159514 -0.057332
0.229797 0.180296 -0.058677
-0.119502 0.327328 -0.085058
0.007405 0.318471 -0.070361
-0.087888 0.314120 -0.073955
-0.085784 0.313117 -0.073226
-0.021101 0.312950 -0.068108
-0.004045 0.309337 -0.066166
0.007818 0.292734 -0.058994
-0.125905 0.271476 -0.061722
-0.078978 0.272832 -0.055361
-0.149089 0.252853 -0.059286
-0.021844 0.252091 -0.043585
-0.106301 0.247094 -0.049451
-0.003892 0.235095 -0.037478
-0.119866 0.229345 -0.045650
-0.009043 0.230433 -0.036016
-0.012913 0.226734 -0.034902
-0.141693 0.217609 -0.045977
-0.003619 0.219785 -0.032648
-0.032703 0.215167 -0.031991
-0.148121 0.330031 -0.092124
-0.232049 0.305032 -0.104303
-0.218956 0.304101 -0.099359
-0.164717 0.283731 -0.074863
-0.172845 0.262094 -0.068244
-0.236738 0.246285 -0.081549
-0.292787 0.222790 -0.095519
-0.221123 0.215162 -0.065793
-0.156479 0.217991 -0.049204
-0.207535 0.202045 -0.057660
-0.258021 0.195529 -0.072792
-0.330962 -0.101795 -0.083922
-0.327786 -0.066305 -0.077956
-0.317935 -0.138674 -0.084230
-0.311781 -0.129979 -0.079625
-0.314667 0.006734 -0.068601
-0.288793 -0.028253 -0.057880
-0.267921 -0.013322 -0.049171
-0.252103 -0.040926 -0.044430
-0.248218 -0.119103 -0.051891
-0.242667 -0.084058 -0.044937
-0.241576 -0.092382 -0.045599
-0.234560 -0.120612 -0.047481
-0.231639 -0.103087 -0.043765
-0.226768 -0.126573 -0.045986
-0.211913 -0.142960 -0.044510
-0.210669 -0.147810 -0.045131
-0.306205 -0.204008 -0.095535
-0.296825 -0.213962 -0.094404
-0.299516 -0.151255 -0.078507
-0.262653 -0.229653 -0.085283
-0.246721 -0.215100 -0.074500
-0.236442 -0.278951 -0.094279
-0.233404 -0.168044 -0.056819
-0.228772 -0.192591 -0.061633
-0.224940 -0.195832 -0.061288
-0.207700 -0.285754 -0.087573
-0.215712 -0.187157 -0.055992
-0.204907 -0.224193 -0.063667
0.063558 -0.335713 -0.081579
0.012762 -0.326385 -0.074170
0.010476 -0.303429 -0.063616
0.047691 -0.299744 -0.063574
0.067859 -0.288317 -0.060413
0.078731 -0.285976 -0.060592
0.086828 -0.277183 -0.058001
0.097638 -0.271316 -0.057126
0.100618 -0.270426 -0.057203
0.032638 -0.269507 -0.050403
0.079565 -0.260533 -0.050763
0.092094 -0.260689 -0.052347
0.040405 -0.254237 -0.045159
0.138928 -0.250168 -0.056225
-0.000117 -0.250351 -0.042637
0.047280 -0.243993 -0.042002
0.085780 -0.243149 -0.045307
0.029617 -0.237086 -0.038732
-0.007292 -0.214767 -0.031171
0.135684 -0.206969 -0.041637
0.005999 -0.207809 -0.029135
0.224961 -0.319829 -0.108926
0.216990 -0.304172 -0.098740
0.178353 -0.305477 -0.087820
0.153390 -0.292426 -0.075896
0.259175 -0.255607 -0.093364
0.155549 -0.257219 -0.062302
0.153712 -0.238671 -0.055301
0.170136 -0.227320 -0.055322
0.283833 -0.213853 -0.088695
0.184341 -0.210692 -0.053721
0.276940 -0.201143 -0.081885
0.173584 0.034253 -0.020987
0.169145 0.015701 -0.019324
0.165501 0.007314 -0.018367
0.136282 0.147900 -0.027230
0.126071 0.057176 -0.012777
0.113474 0.046219 -0.009991
0.080999 0.116293 -0.013397
0.065386 0.009320 -0.002889
0.059735 0.056465 -0.004480
0.057063 0.152128 -0.017659
0.031129 0.025302 -0.001065
0.028788 0.004804 -0.000563
0.169860 0.186802 -0.043388
0.166342 0.167490 -0.037782
0.156497 0.300551 -0.080157
0.155131 0.291241 -0.075783
0.160541 0.197133 -0.044011
0.157155 0.243971 -0.057894
0.153824 0.246407 -0.058008
0.149830 0.298781 -0.077867
0.145105 0.298708 -0.076808
0.138580 0.289448 -0.071460
0.139792 0.213942 -0.044487
0.102374 0.184447 -0.030016
0.094715 0.264233 -0.054018
0.074946 0.257383 -0.049103
0.054120 0.191014 -0.026523
0.048862 0.240842 -0.041039
0.029381 0.202980 -0.028340
0.025992 0.185544 -0.023574
0.023747 0.284332 -0.055885
-0.095510 0.177620 -0.027384
-0.077008 0.145183 -0.018071
-0.060313 0.113251 -0.010964
-0.007269 0.094802 -0.006000
-0.129361 0.068132 -0.014267
-0.124386 0.067598 -0.013368
-0.013622 0.067213 -0.003116
-0.033689 0.061435 -0.003252
-0.143253 0.052781 -0.015569
-0.078034 0.040859 -0.005147
-0.112051 0.027831 -0.008864
-0.266001 0.165438 -0.067922
-0.229389 0.166282 -0.055072
-0.237862 0.157308 -0.055824
-0.252870 0.131891 -0.055835
-0.246420 0.130330 -0.053249
-0.246089 0.122657 -0.051753
-0.223839 0.122270 -0.044305
-0.194202 0.120214 -0.035311
-0.279191 0.109855 -0.062056
-0.271674 0.101744 -0.057850
-0.190573 0.099980 -0.031265
-0.274068 0.069452 -0.054835
-0.196547 0.062728 -0.028684
-0.186097 0.058050 -0.025555
-0.281984 0.041167 -0.055742
-0.253661 0.037617 -0.044801
-0.181750 -0.113700 -0.031021
-0.178864 -0.096514 -0.027820
-0.174306 -0.151671 -0.036159
-0.142155 -0.155630 -0.029966
-0.096188 -0.057812 -0.008373
-0.094515 -0.066762 -0.008905
-0.082233 -0.064180 -0.007228
-0.069886 -0.020510 -0.003515
-0.066233 -0.152396 -0.018480
-0.064899 -0.062967 -0.005425
-0.063242 -0.135157 -0.014867
-0.059457 0.005912 -0.002364
-0.180436 -0.188460 -0.046430
-0.164639 -0.291782 -0.078253
-0.169649 -0.190328 -0.044271
-0.163163 -0.223200 -0.052347
-0.152159 -0.245165 -0.057206
-0.147900 -0.191687 -0.039800
-0.143183 -0.218463 -0.046537
-0.132791 -0.244410 -0.053007
-0.120849 -0.227721 -0.045294
-0.098433 -0.261151 -0.053377
-0.095516 -0.218268 -0.038507
-0.093484 -0.201200 -0.033272
-0.092115 -0.236154 -0.043744
-0.075084 -0.267525 -0.052892
-0.075263 -0.247413 -0.045587
-0.069482 -0.257592 -0.048622
-0.069021 -0.245869 -0.044419
-0.068263 -0.265894 -0.051579
-0.062048 -0.303042 -0.066151
-0.061381 -0.250262 -0.045250
-0.057234 -0.248866 -0.044415
-0.051492 -0.190383 -0.026168
-0.043744 -0.252489 -0.044734
-0.033171 -0.193496 -0.025924
0.121998 -0.170259 -0.029582
0.091437 -0.166196 -0.024174
0.031210 -0.146527 -0.014987
0.032668 -0.128922 -0.011786
0.131968 -0.107928 -0.019465
0.113098 -0.107174 -0.016224
0.138609 -0.073662 -0.016468
0.101436 -0.060298 -0.009263
0.122064 -0.052605 -0.011771
0.136718 -0.027974 -0.012986
0.229365 -0.172049 -0.056456
0.281877 -0.165923 -0.074387
0.231924 -0.154548 -0.053224
0.223424 -0.154279 -0.050417
0.195453 -0.134081 -0.038100
0.196647 -0.123510 -0.036533
0.295878 -0.113056 -0.069521
0.233734 -0.109203 -0.045362
0.249118 -0.100856 -0.049364
0.276551 -0.077681 -0.056675
0.216199 -0.072913 -0.035237
0.193285 -0.042509 -0.026352
0.288922 -0.040321 -0.058526
0.255278 -0.032677 -0.045135
0.285120 -0.032984 -0.056579
0.167190 -0.030362 -0.019336
0.225623 -0.028088 -0.034985
0.307080 -0.023006 -0.065530
0.375414 0.189648 -0.127739
0.408385 0.181099 -0.146041
-0.201506 0.361843 -0.123484
-0.383162 -0.211043 -0.139341
-0.346775 -0.213887 -0.119126
-0.443940 -0.150482 -0.162782
0.269892 -0.363126 -0.150256
0.271210 -0.338190 -0.136571
0.199034 -0.387019 -0.137759
0.365670 0.112594 -0.103920
0.381590 0.102143 -0.111361
0.365770 0.095475 -0.101252
0.374475 0.048058 -0.100976
0.376533 0.011356 -0.100492
-0.074447 0.433630 -0.141146
-0.068735 0.384121 -0.108444
-0.058346 0.358093 -0.092707
-0.037098 0.378314 -0.102470
-0.030184 0.368435 -0.096501
-0.004362 0.393105 -0.110204
-0.000886 0.403114 -0.116386
-0.001832 -0.504887 -0.193203
0.110665 -0.357533 -0.099098
0.075628 -0.379115 -0.106267
0.058074 -0.379376 -0.104616
0.058335 -0.358689 -0.093028
0.053197 -0.367244 -0.097291
0.046797 -0.448334 -0.149012
0.049995 -0.371380 -0.099361
0.037252 -0.383503 -0.105509
0.033364 -0.385857 -0.106691
0.032080 -0.390038 -0.109128
0.017085 -0.365159 -0.094214
0.003753 -0.400817 -0.114955
-0.333288 -0.372855 -0.188946
0.028050 0.453666 -0.151824
0.097980 0.440441 -0.149337
-0.457063 0.019861 -0.154062
0.242575 0.320555 -0.115681
0.103404 0.415975 -0.133192
0.078007 0.407515 -0.123973
0.131245 0.393976 -0.124201
0.048389 0.394193 -0.112669
0.060878 0.392064 -0.112429
0.134018 0.383304 -0.118250
0.053524 0.372752 -0.100418
0.071857 0.369854 -0.100529
0.068923 0.367640 -0.098971
0.126838 0.362954 -0.105019
0.056280 0.361911 -0.094602
0.068340 0.359503 -0.094425
0.123430 0.352571 -0.098691
0.075494 0.335411 -0.082660
0.057909 0.330923 -0.078711
0.168837 0.322170 -0.093208
0.036040 0.323930 -0.073833
0.082252 0.321182 -0.076544
-0.399836 0.183855 -0.141223
-0.363396 0.201890 -0.124497
-0.343641 0.236671 -0.125516
-0.416410 0.108982 -0.134434
-0.360149 0.053653 -0.093424
-0.341752 0.145815 -0.097563
-0.345251 0.033753 -0.084248
-0.339132 0.107000 -0.088819
-0.337271 0.049486 -0.081178
-0.337585 0.024129 -0.079953
-0.332977 0.075203 -0.081421
-0.333210 0.040332 -0.078557
-0.329740 0.041368 -0.076924
-0.324319 0.085297 -0.078412
-0.314916 0.106709 -0.077012
-0.189249 -0.413628 -0.152075
-0.168202 -0.375779 -0.121879
-0.228470 -0.347224 -0.124455
-0.079191 -0.407538 -0.124135
-0.023878 -0.383190 -0.104697
-0.067192 -0.367943 -0.098961
-0.026346 -0.366018 -0.094992
-0.022275 -0.358632 -0.090810
-0.021972 -0.355583 -0.089165
-0.092832 -0.350365 -0.092510
-0.059201 -0.344413 -0.085580
-0.034376 -0.340992 -0.082109
-0.151246 -0.326965 -0.091312
-0.056470 -0.331935 -0.079084
-0.100122 -0.320655 -0.078697
-0.045976 -0.321380 -0.073225
0.318051 -0.237630 -0.112587
0.309958 -0.192827 -0.093929
0.363949 -0.109827 -0.102488
0.367689 -0.037087 -0.096436
0.364618 -0.053915 -0.095893
0.341403 -0.053235 -0.083544
0.337837 -0.045211 -0.081161
0.328041 -0.135151 -0.088382
0.331152 -0.029349 -0.076986
0.324382 -0.039600 -0.074245
FRAME 102 41
0.252432 0.034986 -0.044230
0.252236 0.040875 -0.044474
0.247279 0.113132 -0.050577
0.238557 0.095135 -0.044942
0.224442 0.121562 -0.044374
-0.119866 0.229345 -0.045650
-0.141693 0.217609 -0.045977
-0.211398 0.247547 -0.073642
-0.207536 0.202038 -0.057658
-0.333020 -0.033308 -0.078083
-0.252094 -0.040960 -0.044429
-0.235711 0.000487 -0.037669
-0.210692 -0.147808 -0.045138
-0.233380 -0.168069 -0.056817
0.097655 -0.271308 -0.057125
0.100627 -0.270411 -0.057199
0.032630 -0.269508 -0.050402
0.079336 -0.260483 -0.050719
0.040405 -0.254237 -0.045159
0.085780 -0.243133 -0.045302
0.077444 0.149668 -0.019013
0.157155 0.243971 -0.057894
0.153824 0.246407 -0.058008
-0.127190 0.138544 -0.023758
0.004609 0.086389 -0.004964
-0.230769 0.164760 -0.055165
-0.223839 0.122270 -0.044305
-0.271636 0.101779 -0.057841
-0.274940 0.044245 -0.053135
-0.294230 0.028988 -0.060183
-0.169649 -0.190328 -0.044271
-0.120858 -0.227713 -0.045293
-0.069020 -0.245892 -0.044427
-0.061373 -0.250255 -0.045247
-0.057226 -0.248866 -0.044414
0.136932 -0.036412 -0.013391
0.183254 -0.119735 -0.032372
0.233720 -0.109187 -0.045354
0.285636 -0.052740 -0.058001
0.255323 -0.032685 -0.045151
-0.334208 0.079673 -0.082544
FRAME 103 97
0.326267 0.081856 -0.078922
0.305312 0.020884 -0.064679
0.269132 0.098940 -0.056465
0.264144 0.111302 -0.056421
0.252432 0.034978 -0.044229
0.252236 0.040875 -0.044474
0.238557 0.095135 -0.044942
0.236413 0.121284 -0.048211
0.224442 0.121562 -0.044374
0.218931 0.135046 -0.045088
0.216926 0.082662 -0.036508
0.211672 0.105582 -0.037942
0.240564 0.171839 -0.060175
0.201627 0.180920 -0.050180
-0.135244 0.295312 -0.073299
-0.110411 0.234113 -0.045673
-0.030429 0.232848 -0.037380
-0.119866 0.229345 -0.045650
-0.141693 0.217609 -0.045977
-0.038722 0.220656 -0.033942
-0.252836 0.242314 -0.085966
-0.207536 0.202038 -0.057658
-0.311555 -0.053123 -0.069203
-0.281954 -0.084191 -0.059590
-0.252109 -0.040960 -0.044434
-0.218271 -0.013477 -0.032307
-0.210692 -0.147808 -0.045138
-0.233383 -0.168022 -0.056807
-0.210229 -0.166715 -0.049193
0.097424 -0.277276 -0.059438
0.085295 -0.275049 -0.056969
0.100010 -0.270594 -0.057181
0.032638 -0.269507 -0.050403
0.060573 -0.268253 -0.051771
0.079344 -0.260490 -0.050722
0.040405 -0.254237 -0.045159
0.085780 -0.243133 -0.045302
0.135911 -0.227492 -0.047946
0.129740 -0.218769 -0.044052
0.107471 -0.218958 -0.040411
0.212662 -0.316316 -0.103070
0.238302 -0.265102 -0.089274
0.271799 -0.224742 -0.087265
0.128217 0.134715 -0.023223
0.121594 0.013561 -0.009962
0.106939 0.102940 -0.014709
0.100173 0.150217 -0.021868
0.094810 0.106606 -0.013578
0.057947 0.035935 -0.003080
0.157154 0.243978 -0.057896
0.153816 0.246408 -0.058006
0.130334 0.191056 -0.036230
0.050176 0.203331 -0.029575
-0.017645 0.127781 -0.011082
0.003531 0.095823 -0.006103
-0.183392 0.158276 -0.039846
-0.223839 0.122262 -0.044304
-0.208348 0.117264 -0.038783
-0.271636 0.101779 -0.057841
-0.213939 0.103749 -0.038347
-0.195142 0.102210 -0.032793
-0.238445 0.093192 -0.044648
-0.295830 0.050259 -0.062074
-0.167356 0.048881 -0.020370
-0.179619 -0.110914 -0.030059
-0.169628 -0.111665 -0.027776
-0.046708 -0.029778 -0.002031
-0.039722 -0.047592 -0.002545
-0.169649 -0.190328 -0.044271
-0.152124 -0.245204 -0.057212
-0.142013 -0.192256 -0.038762
-0.120850 -0.227698 -0.045287
-0.114337 -0.189492 -0.033106
-0.098237 -0.241160 -0.046242
-0.069021 -0.245869 -0.044419
-0.061374 -0.250247 -0.045245
-0.062327 -0.194724 -0.028160
-0.057226 -0.248866 -0.044414
0.081109 -0.130329 -0.015742
0.056526 -0.121002 -0.011885
0.084592 -0.072464 -0.008247
0.058698 -0.038677 -0.003274
0.121778 -0.034779 -0.010679
0.237761 -0.170380 -0.058854
0.159340 -0.174605 -0.037889
0.214272 -0.149447 -0.046551
0.220958 -0.139762 -0.046628
0.257459 -0.119780 -0.055331
0.233727 -0.109186 -0.045357
0.199428 -0.100708 -0.033751
0.183482 -0.097272 -0.029071
0.238181 -0.085259 -0.043565
0.255323 -0.032693 -0.045152
0.176445 -0.030986 -0.021523
0.182253 0.368885 -0.121714
0.169935 0.370303 -0.119127
0.380920 -0.094807 -0.109846
FRAME 104 176
0.319944 0.054661 -0.073190
0.293019 0.034487 -0.059923
0.283120 0.005969 -0.055017
0.275118 0.120484 -0.062193
0.268624 0.049514 -0.051048
0.258545 0.142192 -0.059933
0.248635 0.149502 -0.057859
0.252432 0.034986 -0.044230
0.252236 0.040875 -0.044474
0.246006 0.038889 -0.042186
0.238557 0.095135 -0.044942
0.237908 0.064833 -0.041327
0.231421 0.035879 -0.037170
0.224442 0.121562 -0.044374
0.223694 0.062317 -0.036531
0.221085 0.103688 -0.040506
0.220677 0.038715 -0.033948
0.218838 0.019086 -0.032604
0.321502 0.160255 -0.090758
0.245414 0.184083 -0.065014
0.238087 0.156910 -0.055812
0.216243 0.243240 -0.073611
0.214398 0.247377 -0.074516
-0.020812 0.326289 -0.074323
-0.003534 0.308240 -0.065673
-0.130276 0.304245 -0.076260
-0.145310 0.288965 -0.072652
-0.087279 0.288129 -0.062503
-0.098383 0.273360 -0.058027
-0.143420 0.269728 -0.064442
-0.079952 0.254983 -0.048782
-0.070862 0.231168 -0.039690
-0.119866 0.229345 -0.045650
-0.141693 0.217609 -0.045977
-0.240891 0.253886 -0.085849
-0.182340 0.242651 -0.063579
-0.199222 0.229218 -0.063653
-0.185340 0.205560 -0.052464
-0.207527 0.202054 -0.057660
-0.303658 -0.009260 -0.063699
-0.291177 -0.070820 -0.061900
-0.281939 -0.063233 -0.057370
-0.264694 -0.105368 -0.055711
-0.260929 -0.133415 -0.059086
-0.264650 -0.024603 -0.048242
-0.263287 -0.039378 -0.048402
-0.252094 -0.040960 -0.044429
-0.248960 -0.049663 -0.043880
-0.247169 -0.053665 -0.043546
-0.218528 -0.074871 -0.036140
-0.213839 -0.096918 -0.037363
-0.210677 -0.147809 -0.045133
-0.212700 -0.016052 -0.030703
-0.278359 -0.160667 -0.071688
-0.247496 -0.202648 -0.070975
-0.237554 -0.223341 -0.073894
-0.233381 -0.168046 -0.056812
0.009444 -0.336249 -0.078924
0.113861 -0.307709 -0.074874
0.112093 -0.301740 -0.071918
0.052666 -0.288542 -0.059191
0.097655 -0.271308 -0.057125
0.100627 -0.270411 -0.057199
0.032638 -0.269507 -0.050403
0.079336 -0.260483 -0.050719
0.040405 -0.254230 -0.045157
0.097788 -0.251802 -0.049884
0.085789 -0.243133 -0.045303
0.093043 -0.236035 -0.043825
0.099789 -0.224303 -0.040954
0.124205 -0.220823 -0.043699
-0.000931 -0.219032 -0.032412
0.079805 -0.216497 -0.036057
0.096565 -0.214329 -0.037462
0.232459 -0.271625 -0.089837
0.261721 -0.260663 -0.096340
0.287102 -0.257119 -0.105567
0.167038 -0.228199 -0.054863
0.176344 -0.205962 -0.050274
0.297718 -0.192674 -0.088295
0.167787 0.058321 -0.021156
0.157674 0.029711 -0.017215
0.141158 0.107678 -0.021133
0.136346 0.007204 -0.012427
0.121817 -0.001446 -0.009876
0.119885 0.120603 -0.019365
0.081770 0.008310 -0.004479
0.069978 0.088491 -0.008462
0.060733 0.040527 -0.003533
0.057832 0.093162 -0.007991
0.039718 0.105778 -0.008488
0.165412 0.248398 -0.061370
0.163763 0.163343 -0.036237
0.157155 0.243971 -0.057894
0.153824 0.246407 -0.058008
0.140984 0.275214 -0.066103
0.141411 0.180913 -0.035701
0.139762 0.197225 -0.039669
0.137122 0.198654 -0.039554
0.104614 0.214786 -0.038726
0.094549 0.236432 -0.044155
0.085745 0.248799 -0.047261
0.076256 0.258564 -0.049674
0.033969 0.292291 -0.059592
0.022377 0.297251 -0.061223
-0.136596 0.165951 -0.031185
-0.146693 0.138373 -0.027380
-0.142204 0.109632 -0.021624
-0.025505 0.105084 -0.007770
-0.124545 0.072219 -0.013829
-0.062967 0.055196 -0.004650
-0.133008 0.034394 -0.012582
-0.154462 0.027020 -0.016434
-0.082505 0.024956 -0.004928
-0.244481 0.138840 -0.054201
-0.256180 0.123660 -0.055536
-0.223839 0.122262 -0.044304
-0.195371 0.112421 -0.034371
-0.246971 0.104706 -0.049171
-0.271636 0.101779 -0.057841
-0.242768 0.097386 -0.046673
-0.266361 0.091020 -0.054333
-0.233444 0.085532 -0.042032
-0.283196 0.073982 -0.058935
-0.163807 0.072271 -0.021498
-0.214996 0.068733 -0.034467
-0.222736 0.046321 -0.035028
-0.172245 -0.092724 -0.025736
-0.149182 -0.107015 -0.022623
-0.080390 -0.115456 -0.013200
-0.072989 0.003140 -0.003537
-0.066407 -0.054540 -0.004898
-0.174411 -0.173007 -0.041010
-0.169649 -0.190328 -0.044271
-0.152095 -0.245177 -0.057196
-0.133639 -0.253491 -0.056390
-0.129103 -0.295364 -0.072134
-0.128787 -0.264737 -0.059652
-0.120857 -0.227720 -0.045296
-0.094530 -0.240855 -0.045636
-0.083573 -0.278687 -0.058203
-0.079520 -0.238330 -0.042952
-0.069021 -0.245869 -0.044419
-0.061373 -0.250255 -0.045247
-0.057226 -0.248866 -0.044414
-0.036117 -0.201607 -0.028261
-0.029872 -0.267048 -0.049346
-0.004317 -0.160859 -0.017317
0.105957 -0.149765 -0.022588
0.026677 -0.126531 -0.011137
0.146106 -0.086397 -0.019294
0.105385 -0.081307 -0.011805
0.029437 -0.079487 -0.004765
0.132666 -0.068783 -0.014910
0.206170 -0.142599 -0.042753
0.215252 -0.141987 -0.045317
0.292197 -0.123322 -0.069712
0.264963 -0.122987 -0.058690
0.274607 -0.115605 -0.061162
0.233727 -0.109186 -0.045357
0.171856 -0.106198 -0.027481
0.255393 -0.101866 -0.051752
0.217880 -0.082258 -0.036750
0.218872 -0.069752 -0.035731
0.270344 -0.063710 -0.052848
0.279534 -0.047150 -0.055138
0.274647 -0.041478 -0.052852
0.255307 -0.032710 -0.045147
-0.347645 -0.237351 -0.127970
0.365538 0.110352 -0.103464
0.088171 -0.397369 -0.118872
-0.333132 0.057599 -0.079768
-0.324676 0.059026 -0.075791
-0.318709 0.075803 -0.074633
-0.043957 -0.349604 -0.087095
0.419513 -0.078002 -0.131868
FRAME 105 149
0.276637 0.077404 -0.056678
0.255844 0.119041 -0.054614
0.252432 0.034986 -0.044230
0.252236 0.040875 -0.044474
0.247522 0.128276 -0.053258
0.246833 0.097983 -0.048159
0.241878 0.028345 -0.040282
0.238557 0.095135 -0.044942
0.232231 0.055233 -0.038659
0.230693 0.025018 -0.036477
0.229384 0.013989 -0.035760
0.224442 0.121562 -0.044374
0.221597 0.053260 -0.035156
0.296010 0.263906 -0.112310
0.270734 0.178674 -0.073095
0.226961 0.169592 -0.055074
-0.023863 0.315513 -0.069370
-0.047641 0.265588 -0.049771
-0.048213 0.255934 -0.046255
0.000078 0.246454 -0.041282
-0.072491 0.241836 -0.043383
-0.119866 0.229345 -0.045650
-0.141693 0.217609 -0.045977
-0.122201 0.210338 -0.040189
-0.109784 0.208774 -0.037724
-0.097451 0.207039 -0.035448
-0.135748 0.203926 -0.040775
-0.161371 0.328822 -0.094616
-0.184460 0.277856 -0.077506
-0.249588 0.255151 -0.089521
-0.185281 0.205809 -0.052522
-0.207536 0.202038 -0.057658
-0.283251 -0.064455 -0.058013
-0.274210 -0.091438 -0.057416
-0.252109 -0.040960 -0.044434
-0.250845 -0.092449 -0.048825
-0.248434 -0.066998 -0.045116
-0.210692 -0.147808 -0.045138
-0.226149 -0.261997 -0.083838
-0.233380 -0.168069 -0.056817
0.024674 -0.305801 -0.065021
-0.005895 -0.300874 -0.062448
0.141301 -0.295155 -0.074458
0.097663 -0.271308 -0.057126
0.100627 -0.270418 -0.057202
0.032630 -0.269500 -0.050400
0.079335 -0.260491 -0.050722
0.040405 -0.254230 -0.045157
0.093784 -0.250996 -0.049055
0.085789 -0.243126 -0.045300
0.002143 -0.240763 -0.039349
0.016282 -0.229936 -0.035984
0.182059 -0.312851 -0.092245
0.160579 -0.257611 -0.063594
0.224408 -0.235872 -0.073661
0.176070 -0.234499 -0.059163
0.171597 -0.220054 -0.053362
0.240527 -0.200508 -0.067871
0.156091 0.072739 -0.019866
0.102510 0.125768 -0.017609
0.033233 0.137812 -0.013405
0.157163 0.243970 -0.057895
0.153824 0.246407 -0.058008
0.144346 0.248333 -0.056668
0.139530 0.205252 -0.041882
0.116599 0.232779 -0.046224
0.105395 0.218950 -0.040100
0.097776 0.279676 -0.060447
0.070262 0.198727 -0.029966
0.070596 0.201504 -0.030764
0.061541 0.297397 -0.063654
0.023847 0.296169 -0.060811
-0.098156 0.165643 -0.024919
-0.116759 0.159609 -0.026312
0.006171 0.129363 -0.011171
-0.088765 0.101207 -0.012077
-0.010016 0.026741 -0.000539
-0.015657 0.024195 -0.000549
-0.168140 0.153521 -0.035086
-0.194331 0.144896 -0.039899
-0.234729 0.125224 -0.048337
-0.223839 0.122270 -0.044305
-0.262686 0.103888 -0.054735
-0.271629 0.101779 -0.057838
-0.189370 0.101823 -0.031206
-0.276840 0.092851 -0.058640
-0.229273 0.081706 -0.040236
-0.242903 0.070725 -0.043568
-0.306285 0.058493 -0.067273
-0.185870 0.038241 -0.024193
-0.199868 0.027620 -0.027410
-0.274143 0.024003 -0.051843
-0.151482 -0.037191 -0.016260
-0.055878 -0.158555 -0.018921
-0.047812 0.003047 -0.001519
-0.042021 -0.147471 -0.015708
-0.171419 -0.181895 -0.042493
-0.169649 -0.190328 -0.044271
-0.159169 -0.183620 -0.040102
-0.152093 -0.245206 -0.057206
-0.146728 -0.185173 -0.037849
-0.127118 -0.224194 -0.045267
-0.120866 -0.227712 -0.045294
-0.095814 -0.178993 -0.027760
-0.069021 -0.245869 -0.044419
-0.061373 -0.250255 -0.045247
-0.062661 -0.193896 -0.027968
-0.057226 -0.248866 -0.044414
-0.037479 -0.261371 -0.047589
0.006257 -0.166169 -0.018507
0.074292 -0.161058 -0.021092
0.126483 -0.140947 -0.024094
0.022931 -0.130418 -0.011683
0.128184 -0.128209 -0.022051
0.091021 -0.125051 -0.015984
0.132504 -0.090898 -0.017267
-0.008359 -0.077451 -0.004023
0.068209 -0.027765 -0.003594
0.190070 -0.171391 -0.044620
0.300416 -0.153761 -0.079470
0.278886 -0.132569 -0.065910
0.233720 -0.109187 -0.045354
0.202807 -0.059333 -0.030119
0.255323 -0.032685 -0.045151
0.365729 0.223263 -0.133093
0.355159 0.171465 -0.110968
-0.242613 0.399890 -0.161978
-0.368727 -0.227696 -0.136473
-0.410206 -0.158294 -0.140942
0.210912 -0.385857 -0.140977
0.457975 -0.002845 -0.154434
-0.369931 -0.089277 -0.102716
-0.436127 -0.052779 -0.140671
0.101736 -0.375561 -0.107768
0.093472 -0.382913 -0.110830
0.021628 -0.416415 -0.125331
0.022736 -0.367412 -0.095632
0.061191 0.453531 -0.154173
0.111775 0.393476 -0.120160
0.058234 0.332740 -0.079629
-0.387295 0.277447 -0.168918
-0.369522 0.026022 -0.096931
-0.132776 -0.398031 -0.127068
-0.031195 -0.386748 -0.107113
-0.080050 -0.343551 -0.087304
-0.134161 -0.321405 -0.084965
0.405681 -0.191136 -0.147300
0.351548 -0.136634 -0.100758
0.339924 -0.168333 -0.102001
FRAME 106 148
0.329957 0.004974 -0.075790
0.319772 0.118729 -0.081289
0.301475 0.004230 -0.062697
0.257732 0.123205 -0.056025
0.252454 0.034994 -0.044238
0.252236 0.040875 -0.044474
0.249088 0.132220 -0.054543
0.244724 0.040135 -0.041814
0.238557 0.095135 -0.044942
0.231886 0.150909 -0.052421
0.224442 0.121562 -0.044374
0.206384 0.284200 -0.086504
0.207653 0.209337 -0.059845
-0.140544 0.309763 -0.080811
-0.002495 0.300004 -0.062051
0.000622 0.289799 -0.057725
-0.059641 0.277455 -0.055263
-0.132116 0.232444 -0.048836
-0.119866 0.229345 -0.045650
0.002649 0.229564 -0.035687
-0.053332 0.226054 -0.036546
-0.144172 0.221092 -0.047552
-0.141693 0.217609 -0.045977
-0.082731 0.218309 -0.036934
-0.045957 0.216349 -0.033063
-0.130030 0.211713 -0.041975
-0.039225 0.206571 -0.029815
-0.278979 0.208873 -0.085082
-0.256625 0.203656 -0.074641
-0.207535 0.202045 -0.057660
-0.300742 -0.012263 -0.062474
-0.291132 -0.138287 -0.072115
-0.295346 -0.004063 -0.060064
-0.281493 -0.095165 -0.060818
-0.280483 -0.077363 -0.058207
-0.252094 -0.040960 -0.044429
-0.210669 -0.147810 -0.045131
-0.260437 -0.272318 -0.100551
-0.233383 -0.168022 -0.056807
-0.231349 -0.171317 -0.056930
0.141108 -0.295333 -0.074495
0.071359 -0.296374 -0.064158
0.097663 -0.271308 -0.057126
0.100627 -0.270418 -0.057202
0.032630 -0.269508 -0.050402
0.114136 -0.260669 -0.055575
0.079344 -0.260490 -0.050722
0.040405 -0.254230 -0.045157
0.097573 -0.245391 -0.047602
0.085780 -0.243133 -0.045302
0.048740 -0.228011 -0.036838
-0.000921 -0.222132 -0.033357
0.087548 -0.208041 -0.034466
0.260542 -0.218375 -0.080711
0.270203 -0.192435 -0.076631
0.169639 0.003820 -0.019280
0.162945 0.031628 -0.018439
0.154484 0.040724 -0.017066
0.150253 0.142292 -0.028861
0.096185 0.139240 -0.019177
0.082880 0.042484 -0.005756
0.062941 0.107424 -0.010319
0.045849 0.021306 -0.001692
0.042156 0.154861 -0.017226
0.157155 0.243971 -0.057894
0.153824 0.246407 -0.058008
0.147894 0.265669 -0.063813
0.124997 0.237481 -0.049215
0.115694 0.161811 -0.026627
0.109795 0.228114 -0.043630
0.095274 0.219149 -0.038744
0.051167 0.220466 -0.034658
0.000183 0.149243 -0.014871
0.011234 0.118808 -0.009475
-0.093177 0.106647 -0.013377
-0.139563 0.082424 -0.017572
-0.153820 0.047632 -0.017341
-0.006878 0.027679 -0.000538
-0.217045 0.140536 -0.045574
-0.182356 0.132030 -0.034286
-0.223846 0.122270 -0.044308
-0.188693 0.122277 -0.034197
-0.266038 0.112596 -0.057346
-0.167923 0.112406 -0.027495
-0.271636 0.101779 -0.057841
-0.160865 0.102443 -0.024441
-0.266253 0.057494 -0.050755
-0.289714 0.037539 -0.058699
-0.195853 0.031875 -0.026495
-0.285823 0.022774 -0.056459
-0.176116 -0.105302 -0.028368
-0.123064 -0.144808 -0.024265
-0.099687 -0.002658 -0.006603
-0.052575 0.004128 -0.001841
-0.052081 -0.006189 -0.001821
-0.036128 -0.074146 -0.004511
-0.169649 -0.190328 -0.044271
-0.152124 -0.245204 -0.057212
-0.129429 -0.223033 -0.045318
-0.120858 -0.227713 -0.045293
-0.120595 -0.197871 -0.036374
-0.069020 -0.245892 -0.044427
-0.061373 -0.250255 -0.045247
-0.057226 -0.248866 -0.044414
0.133661 -0.174151 -0.032562
0.098529 -0.129208 -0.017661
0.099461 -0.111502 -0.014906
0.028881 -0.100991 -0.007330
0.099939 -0.093903 -0.012537
0.061036 -0.085090 -0.007285
0.094610 -0.060536 -0.008387
0.129401 -0.045250 -0.012527
0.070278 -0.039515 -0.004310
0.061731 -0.029991 -0.003120
0.206685 -0.174644 -0.050063
0.272717 -0.165749 -0.070630
0.180247 -0.163883 -0.040309
0.174959 -0.152871 -0.036571
0.208697 -0.148652 -0.044725
0.282016 -0.130477 -0.066783
0.233720 -0.109187 -0.045354
0.283566 -0.095163 -0.061660
0.211461 -0.095628 -0.036488
0.306694 -0.058652 -0.067468
0.255315 -0.032685 -0.045149
0.421786 0.176495 -0.153857
-0.355108 -0.199986 -0.119201
-0.057264 0.433039 -0.138895
0.001539 0.389233 -0.107851
-0.375021 -0.035505 -0.100488
0.090861 -0.394920 -0.117728
0.054355 -0.385831 -0.108094
0.042446 -0.360881 -0.093010
0.002229 -0.392049 -0.109552
0.046131 0.468133 -0.164088
-0.444572 0.035650 -0.145500
0.236450 0.384415 -0.149416
0.097746 0.335891 -0.085767
-0.413414 0.048603 -0.124859
-0.352030 0.040253 -0.088134
-0.342217 0.131410 -0.094779
-0.208071 -0.395263 -0.146001
-0.124379 -0.376835 -0.112471
-0.060829 -0.330760 -0.078887
-0.032123 -0.332089 -0.077569
0.361250 -0.128270 -0.104352
0.362725 -0.093125 -0.099224
0.334935 -0.058388 -0.080726
FRAME 107 87
0.301878 0.034359 -0.063711
0.250784 0.111952 -0.051627
0.252432 0.034986 -0.044230
0.252236 0.040875 -0.044474
0.238557 0.095135 -0.044942
0.224442 0.121562 -0.044374
0.225087 0.057334 -0.036551
0.211267 0.027554 -0.030630
0.263590 0.190671 -0.073544
-0.043428 0.268958 -0.050775
-0.063911 0.237565 -0.041130
-0.119866 0.229345 -0.045650
-0.009034 0.231314 -0.036298
-0.032917 0.227996 -0.035936
-0.075294 0.225120 -0.038218
-0.134915 0.222850 -0.046282
-0.141693 0.217609 -0.045977
-0.248458 0.213047 -0.074486
-0.207527 0.202046 -0.057658
-0.290434 -0.014212 -0.058133
-0.266110 -0.115709 -0.057882
-0.252109 -0.040960 -0.044434
-0.243774 -0.090645 -0.046126
-0.210669 -0.147810 -0.045131
-0.303930 -0.246943 -0.109279
-0.233404 -0.168044 -0.056819
-0.206453 -0.174173 -0.049878
0.076912 -0.274064 -0.055612
0.097662 -0.271315 -0.057129
0.100627 -0.270418 -0.057202
0.022608 -0.272019 -0.050974
0.032638 -0.269507 -0.050403
0.079336 -0.260483 -0.050719
0.005396 -0.255752 -0.044575
0.040397 -0.254238 -0.045159
0.085780 -0.243133 -0.045302
0.148627 0.075937 -0.018646
0.112391 0.006341 -0.008424
0.094149 0.151898 -0.021417
0.067106 0.038495 -0.003967
0.054394 0.083816 -0.006629
0.157155 0.243971 -0.057894
0.153824 0.246407 -0.058008
0.106992 0.304060 -0.072129
0.055320 0.280211 -0.056006
0.030650 0.244679 -0.041329
-0.028915 0.108554 -0.008390
-0.101375 0.049435 -0.008457
-0.055304 0.048487 -0.003585
-0.120102 0.041872 -0.010772
-0.223839 0.122262 -0.044304
-0.203565 0.105558 -0.035600
-0.271629 0.101779 -0.057838
-0.253701 0.095733 -0.050282
-0.260150 0.075331 -0.050157
-0.277079 0.068098 -0.055886
-0.296317 0.026489 -0.060969
-0.268041 0.022736 -0.049457
-0.084485 -0.002450 -0.004738
-0.038444 -0.022229 -0.001305
-0.169649 -0.190328 -0.044271
-0.152124 -0.245204 -0.057212
-0.120857 -0.227720 -0.045296
-0.098503 -0.262192 -0.053774
-0.073908 -0.229564 -0.039482
-0.069020 -0.245892 -0.044427
-0.061382 -0.250247 -0.045245
-0.057234 -0.248873 -0.044417
-0.055272 -0.287186 -0.058833
0.122136 -0.125815 -0.020608
0.125344 -0.113195 -0.019099
0.020082 -0.086201 -0.005197
0.280282 -0.129715 -0.065933
0.230674 -0.118791 -0.045900
0.273145 -0.115898 -0.060635
0.233720 -0.109187 -0.045354
0.289898 -0.106716 -0.065966
0.195288 -0.108995 -0.033823
0.257815 -0.088326 -0.050807
0.217058 -0.085720 -0.036906
0.300805 -0.044929 -0.063849
0.179490 -0.041501 -0.022780
0.291735 -0.037789 -0.059555
0.255323 -0.032693 -0.045152
0.273889 -0.030699 -0.052004
0.285185 -0.022105 -0.056178
0.046274 -0.457976 -0.156210
FRAME 108 284
0.336836 -0.001282 -0.079151
0.326265 0.099149 -0.081236
0.306916 0.128635 -0.077149
0.302493 0.129209 -0.075276
0.273829 0.067435 -0.054544
0.268572 0.119768 -0.059511
0.255136 0.135231 -0.057294
0.252447 0.034994 -0.044235
0.252236 0.040875 -0.044474
0.243351 -0.006837 -0.040253
0.238565 0.095135 -0.044945
0.231199 0.093241 -0.042267
0.227167 0.100027 -0.041891
0.226989 0.111829 -0.043587
0.224442 0.121554 -0.044373
0.217299 0.080155 -0.036337
0.215529 0.115054 -0.040549
0.216582 -0.004046 -0.031686
0.309629 0.185017 -0.091552
0.231608 0.269713 -0.088765
0.221939 0.262283 -0.082548
0.213570 0.251359 -0.075714
0.210070 0.193710 -0.056059
0.194966 0.256618 -0.072103
-0.017375 0.336903 -0.079406
-0.076608 0.332891 -0.081537
-0.072885 0.318360 -0.074152
-0.076800 0.313135 -0.072166
-0.106531 0.291606 -0.066657
-0.104023 0.287370 -0.064500
-0.052857 0.279296 -0.055450
-0.064898 0.271815 -0.053523
-0.046314 0.263321 -0.048834
-0.061700 0.245644 -0.043669
-0.024421 0.242504 -0.040349
-0.016499 0.233189 -0.037036
-0.062462 0.230996 -0.038853
-0.119868 0.229322 -0.045643
-0.035512 0.225959 -0.035418
-0.043464 0.226057 -0.035884
-0.141693 0.217609 -0.045977
-0.158898 0.312355 -0.086094
-0.214035 0.297534 -0.094746
-0.287057 0.274872 -0.112845
-0.223698 0.249003 -0.078106
-0.221842 0.219903 -0.067519
-0.275591 0.213633 -0.085181
-0.203604 0.211696 -0.059364
-0.276521 0.204832 -0.082823
-0.207529 0.202031 -0.057654
-0.315089 -0.064082 -0.071754
-0.314481 -0.053037 -0.070531
-0.261385 -0.069738 -0.050039
-0.256719 -0.143078 -0.059440
-0.254483 -0.143869 -0.058783
-0.252102 -0.040943 -0.044430
-0.246677 0.000070 -0.041359
-0.225255 -0.150305 -0.050142
-0.224765 -0.094661 -0.040402
-0.223039 -0.122631 -0.044116
-0.210694 -0.147784 -0.045133
-0.325701 -0.213573 -0.107997
-0.310422 -0.156877 -0.084721
-0.288207 -0.261751 -0.107907
-0.255792 -0.291559 -0.107028
-0.259984 -0.177691 -0.068677
-0.254889 -0.171078 -0.065102
-0.233383 -0.168022 -0.056807
-0.223628 -0.260171 -0.082288
-0.221488 -0.268074 -0.084682
-0.216815 -0.179165 -0.054245
0.050772 -0.331699 -0.078518
0.088808 -0.326000 -0.079670
0.026251 -0.319505 -0.071305
0.107057 -0.308587 -0.074169
0.044065 -0.292983 -0.060448
0.017523 -0.284131 -0.055620
0.007900 -0.280278 -0.053895
0.066031 -0.275630 -0.055117
0.100002 -0.270594 -0.057180
0.032638 -0.269507 -0.050403
0.004254 -0.269755 -0.049756
0.079335 -0.260491 -0.050722
-0.000290 -0.259904 -0.046060
0.040397 -0.254230 -0.045156
0.111696 -0.251264 -0.051757
0.085780 -0.243133 -0.045302
0.028602 -0.234379 -0.037803
0.054849 -0.227329 -0.037062
0.068766 -0.226626 -0.038037
0.070303 -0.219292 -0.035912
0.038533 -0.216180 -0.032579
0.148153 -0.323850 -0.089095
0.216982 -0.264228 -0.081694
0.288902 -0.245343 -0.101828
0.175367 -0.249275 -0.064130
0.279773 -0.236910 -0.094793
0.192362 -0.241928 -0.066040
0.255894 -0.221606 -0.079987
0.242188 -0.218367 -0.073914
0.200423 -0.213291 -0.058928
0.251720 -0.202536 -0.072482
0.180407 0.011428 -0.021921
0.171425 0.144787 -0.034053
0.166788 0.065435 -0.021528
0.111494 0.149426 -0.023340
0.090594 0.135553 -0.017783
0.081910 0.028903 -0.005004
0.079847 0.127755 -0.015157
0.077455 0.127720 -0.014897
0.072537 0.038764 -0.004485
0.072568 0.088846 -0.008751
0.046859 0.112945 -0.009951
0.042491 0.059565 -0.003547
0.173808 0.180156 -0.042630
0.159952 0.300318 -0.080863
0.157162 0.243977 -0.057898
0.153802 0.246387 -0.057996
0.122820 0.272780 -0.061680
0.113553 0.271012 -0.059415
0.108847 0.230676 -0.044309
0.102488 0.283267 -0.062581
0.090390 0.210809 -0.035620
0.084512 0.215991 -0.036442
0.077824 0.305564 -0.068867
0.077592 0.302148 -0.067332
0.073933 0.260071 -0.049981
0.060416 0.261419 -0.049193
0.047411 0.192378 -0.026415
0.046646 0.279067 -0.054918
0.038268 0.289010 -0.058447
0.033835 0.278878 -0.054109
-0.121130 0.143670 -0.023718
-0.117746 0.134555 -0.021439
-0.111443 0.107533 -0.016025
-0.112947 0.089772 -0.013889
0.000165 0.084514 -0.004737
-0.123888 0.063636 -0.012935
-0.128842 0.054905 -0.013081
-0.056001 0.032345 -0.002770
-0.165702 0.173093 -0.038963
-0.243979 0.144455 -0.055160
-0.248656 0.132517 -0.054446
-0.276380 0.130725 -0.064552
-0.229556 0.122890 -0.046235
-0.223839 0.122254 -0.044303
-0.203537 0.112579 -0.036655
-0.271636 0.101779 -0.057841
-0.279092 0.095202 -0.059856
-0.205054 0.094906 -0.034541
-0.232598 0.087181 -0.041956
-0.300416 0.078043 -0.066626
-0.253328 0.078902 -0.048070
-0.265872 0.044460 -0.049670
-0.213682 0.032595 -0.031547
-0.306556 0.023874 -0.065327
-0.230718 0.022122 -0.036390
-0.150550 -0.132249 -0.027030
-0.124720 -0.132274 -0.022176
-0.114793 -0.002068 -0.008765
-0.091278 -0.002995 -0.005534
-0.089089 -0.034921 -0.006078
-0.085768 -0.057069 -0.007049
-0.074402 -0.051832 -0.005455
-0.071118 -0.132065 -0.015023
-0.056172 -0.041093 -0.003209
-0.048287 -0.059942 -0.003927
-0.038937 -0.051456 -0.002758
-0.170849 -0.257412 -0.065981
-0.169665 -0.190327 -0.044275
-0.152126 -0.245175 -0.057202
-0.145950 -0.261060 -0.061651
-0.134589 -0.284688 -0.068674
-0.135742 -0.240142 -0.052101
-0.132600 -0.210254 -0.042017
-0.126295 -0.240945 -0.050619
-0.126658 -0.178732 -0.032420
-0.120858 -0.227713 -0.045293
-0.112521 -0.198692 -0.035293
-0.101602 -0.242585 -0.047202
-0.074985 -0.235015 -0.041363
-0.069020 -0.245892 -0.044427
-0.069470 -0.197614 -0.029586
-0.061373 -0.250255 -0.045247
-0.057194 -0.248814 -0.044394
-0.045100 -0.286770 -0.057931
0.120132 -0.167814 -0.028703
0.146951 -0.151965 -0.030144
-0.000902 -0.129500 -0.011170
0.069696 -0.125676 -0.013779
0.005422 -0.119902 -0.009585
0.036104 -0.074884 -0.004583
-0.009160 -0.045201 -0.001408
0.082666 -0.040337 -0.005614
0.156995 -0.033525 -0.017234
0.207478 -0.168424 -0.048786
0.172272 -0.164397 -0.038466
0.199042 -0.139702 -0.040161
0.293997 -0.127112 -0.071173
0.190646 -0.129370 -0.035948
0.277342 -0.118462 -0.062731
0.301617 -0.115554 -0.072440
0.279623 -0.115680 -0.063177
0.303712 -0.113830 -0.073078
0.229512 -0.115601 -0.044998
0.233719 -0.109195 -0.045356
0.244763 -0.097146 -0.047326
0.178624 -0.098911 -0.028083
0.221440 -0.085832 -0.038256
0.284904 -0.076484 -0.059902
0.254959 -0.070628 -0.047782
0.232585 -0.069719 -0.040036
0.255315 -0.032685 -0.045149
0.375911 0.224771 -0.139729
0.361494 0.226685 -0.131858
0.368239 0.199593 -0.126575
0.360073 0.191904 -0.119502
0.406669 0.158905 -0.138756
-0.180018 0.406821 -0.144677
-0.184904 0.348199 -0.110886
-0.172928 0.350878 -0.109020
-0.378368 -0.202320 -0.133487
-0.384958 -0.188456 -0.133176
0.187264 -0.356329 -0.116024
0.176375 -0.350187 -0.109576
0.416980 0.112113 -0.135374
0.439375 0.047318 -0.142539
-0.108207 0.370712 -0.106027
-0.077902 0.359522 -0.095493
-0.052726 0.358797 -0.092617
-0.048482 0.416035 -0.126574
-0.023359 0.406160 -0.118743
-0.023756 0.372412 -0.098473
-0.001656 0.437761 -0.139572
0.006148 0.359681 -0.091031
-0.429997 -0.016119 -0.134340
0.013762 -0.485693 -0.176727
0.062939 -0.366904 -0.097961
0.018567 -0.386884 -0.106710
0.004890 -0.367342 -0.095220
-0.305386 0.332723 -0.149648
-0.313369 0.340926 -0.158336
-0.392376 -0.317131 -0.192863
-0.479560 0.145663 -0.189911
-0.057032 -0.478936 -0.173754
-0.075400 -0.457542 -0.158837
-0.144264 -0.442760 -0.160361
-0.143102 -0.433453 -0.153281
0.214808 0.315285 -0.103273
0.033134 0.426106 -0.132339
0.120950 0.418806 -0.138268
0.155349 0.379042 -0.120545
0.102902 0.378393 -0.109600
0.061544 0.373240 -0.101399
0.025967 0.350668 -0.086712
0.049196 0.340141 -0.082598
0.053675 0.338159 -0.081942
0.041629 0.328802 -0.076486
-0.359569 0.189577 -0.118521
-0.424030 0.029562 -0.130748
-0.383360 0.101192 -0.112261
-0.379047 0.056190 -0.104259
-0.338576 0.046594 -0.081625
-0.327920 0.171037 -0.096599
-0.327615 0.105145 -0.082799
-0.326078 0.123048 -0.085090
-0.316996 0.037267 -0.070650
-0.226569 -0.340762 -0.120266
-0.209178 -0.312682 -0.100201
-0.070810 -0.411705 -0.125843
-0.085611 -0.379137 -0.107519
-0.059197 -0.362927 -0.095414
-0.074530 -0.359943 -0.095333
-0.067995 -0.350518 -0.089588
-0.075795 -0.324932 -0.077577
0.315923 -0.239647 -0.112287
0.416292 -0.095908 -0.132206
0.389445 -0.073130 -0.112114
0.387975 -0.072998 -0.111213
0.389082 -0.024821 -0.108234
0.365836 -0.152987 -0.112289
0.340290 -0.044920 -0.082375
0.337087 -0.093083 -0.085704
0.333087 -0.129528 -0.089767
FRAME 109 188
0.308414 -0.005028 -0.065759
0.283820 0.032134 -0.056011
0.252432 0.034986 -0.044230
0.252236 0.040875 -0.044474
0.244363 0.123135 -0.051236
0.238565 0.095135 -0.044945
0.239810 0.059721 -0.041517
0.237871 0.065488 -0.041374
0.226087 0.110566 -0.043103
0.224442 0.121562 -0.044374
0.208018 0.067356 -0.032296
0.306182 0.158270 -0.083103
0.259681 0.187135 -0.071073
0.227291 0.256936 -0.082272
0.229643 0.166845 -0.055289
0.217436 0.200227 -0.060153
-0.035563 0.308520 -0.066705
-0.053624 0.305065 -0.066336
-0.112916 0.295455 -0.069316
-0.060478 0.295647 -0.062812
-0.125209 0.260636 -0.057456
-0.072950 0.261210 -0.050299
-0.003022 0.237591 -0.038295
-0.119866 0.229352 -0.045652
-0.141693 0.217609 -0.045977
-0.078929 0.208995 -0.033748
-0.223412 0.309687 -0.103482
-0.155376 0.302002 -0.080546
-0.180319 0.228792 -0.058353
-0.207536 0.202038 -0.057658
-0.334097 -0.029288 -0.078427
-0.313722 -0.079548 -0.072749
-0.285820 -0.091823 -0.062134
-0.269901 -0.014546 -0.049949
-0.252102 -0.040935 -0.044430
-0.240147 -0.119201 -0.049115
-0.237302 -0.073998 -0.042015
-0.232098 -0.081073 -0.041074
-0.210692 -0.147808 -0.045138
-0.209222 -0.068328 -0.032734
-0.298390 -0.158128 -0.079580
-0.261418 -0.246288 -0.090722
-0.245225 -0.232474 -0.079683
-0.233404 -0.168044 -0.056819
-0.229658 -0.162804 -0.054344
0.051731 -0.335827 -0.080627
0.011294 -0.293123 -0.059205
0.101862 -0.283629 -0.062637
0.097663 -0.271308 -0.057126
0.100610 -0.270427 -0.057202
0.032630 -0.269500 -0.050400
0.043334 -0.261465 -0.047958
0.079335 -0.260491 -0.050722
0.120301 -0.256678 -0.055134
0.115942 -0.253925 -0.053399
0.040397 -0.254230 -0.045156
0.125152 -0.242446 -0.050930
0.085789 -0.243133 -0.045303
0.129285 -0.234253 -0.048910
0.129326 -0.221888 -0.044942
0.093625 -0.216604 -0.037755
0.245367 -0.309707 -0.111422
0.218551 -0.217770 -0.065791
0.243903 -0.196808 -0.067992
0.129823 0.060053 -0.013650
0.111969 0.030115 -0.008941
0.099651 -0.000920 -0.006594
0.083782 0.108357 -0.012506
0.077012 0.101348 -0.010788
0.058760 0.095366 -0.008341
0.054005 0.095662 -0.008021
0.041060 0.095412 -0.007167
0.039573 0.022661 -0.001376
0.033696 0.066167 -0.003654
0.025635 0.110209 -0.008512
0.157163 0.243970 -0.057895
0.153824 0.246407 -0.058008
0.122217 0.301025 -0.073338
0.099845 0.262894 -0.054226
0.081650 0.285150 -0.060590
0.055867 0.298648 -0.063712
0.056606 0.195280 -0.027842
0.052047 0.268415 -0.051151
0.039441 0.290211 -0.059011
0.027595 0.198801 -0.027118
-0.113957 0.150137 -0.023864
-0.061635 0.150486 -0.017690
-0.023937 0.141495 -0.013739
-0.097048 0.133123 -0.018161
-0.149176 0.131612 -0.026632
0.002822 0.128811 -0.011055
-0.019098 0.103092 -0.007303
-0.094254 0.080921 -0.010272
-0.097651 0.051748 -0.008118
-0.006566 0.039701 -0.001071
-0.065266 0.038862 -0.003824
-0.282225 0.155956 -0.072182
-0.244084 0.140463 -0.054386
-0.223839 0.122270 -0.044305
-0.271630 0.101763 -0.057836
-0.294520 0.079569 -0.064262
-0.252553 0.062317 -0.046142
-0.167860 0.060983 -0.021389
-0.240787 0.048323 -0.040984
-0.262566 0.031765 -0.047752
-0.151949 0.002351 -0.015425
-0.146183 -0.133903 -0.026443
-0.121799 -0.042605 -0.011089
-0.121071 -0.108759 -0.017718
-0.110259 -0.066038 -0.011000
-0.081408 -0.053411 -0.006294
-0.069313 -0.041754 -0.004341
-0.053580 -0.098276 -0.008329
-0.049009 -0.134393 -0.013652
-0.045083 -0.116950 -0.010458
-0.174250 -0.216858 -0.053022
-0.169918 -0.267260 -0.069503
-0.168113 -0.286391 -0.076808
-0.169649 -0.190328 -0.044271
-0.152124 -0.245204 -0.057212
-0.120866 -0.227712 -0.045294
-0.098731 -0.264743 -0.054763
-0.092570 -0.303659 -0.069851
-0.069571 -0.277020 -0.056007
-0.069021 -0.245869 -0.044419
-0.061373 -0.250255 -0.045247
-0.057226 -0.248858 -0.044412
-0.043388 -0.268679 -0.050666
-0.039963 -0.288576 -0.058362
0.042919 -0.176162 -0.022056
0.141477 -0.154479 -0.029588
0.085798 -0.110736 -0.013087
0.016546 -0.076287 -0.004039
0.089325 -0.035766 -0.006146
0.173084 -0.171252 -0.040266
0.182478 -0.167108 -0.041620
0.275780 -0.154035 -0.069125
0.222892 -0.145294 -0.048346
0.187888 -0.137937 -0.036813
0.210185 -0.111466 -0.038395
0.233742 -0.109194 -0.045363
0.229841 -0.107432 -0.043824
0.189235 -0.104913 -0.031611
0.211631 -0.082627 -0.034930
0.299620 -0.074869 -0.065928
0.276007 -0.069496 -0.055600
0.289907 -0.055065 -0.059943
0.228977 -0.041479 -0.036690
0.255322 -0.032702 -0.045152
0.263961 -0.025007 -0.048000
0.220997 -0.024659 -0.033429
0.360610 0.174334 -0.114771
-0.213216 0.348219 -0.119689
0.229971 -0.406409 -0.161374
0.168538 -0.360419 -0.113117
0.465927 0.081843 -0.166210
0.422019 0.006319 -0.128724
-0.105919 0.380699 -0.111443
-0.041223 0.363967 -0.094621
-0.022868 0.448915 -0.148070
-0.018525 0.400723 -0.115153
-0.373039 -0.126836 -0.110742
-0.413108 -0.092566 -0.129591
-0.379434 -0.072891 -0.106141
0.087480 -0.455602 -0.159002
0.021871 -0.404924 -0.117904
-0.002916 -0.362261 -0.092411
0.028378 0.495908 -0.185983
0.087899 0.421019 -0.134200
0.113742 0.351286 -0.096261
0.143737 0.330390 -0.091339
0.032825 0.332485 -0.077796
0.166966 0.321597 -0.092456
0.062076 0.329171 -0.078226
0.109698 0.323823 -0.081692
0.038521 0.325493 -0.074713
-0.373977 0.217080 -0.135809
-0.341443 0.211173 -0.115352
-0.397731 0.080991 -0.118145
-0.352494 0.053591 -0.089317
-0.339982 0.031899 -0.081478
-0.334752 0.081996 -0.083092
-0.324538 0.038725 -0.074269
-0.206878 -0.317848 -0.101957
-0.037196 -0.337404 -0.080456
0.297539 -0.288998 -0.123890
0.326431 -0.030701 -0.074765
0.316632 -0.140201 -0.083932
FRAME 110 181
0.335823 0.091682 -0.084877
0.320074 0.025469 -0.071541
0.279023 0.092942 -0.059523
0.255411 0.024883 -0.044867
0.252417 0.034994 -0.044225
0.252236 0.040875 -0.044474
0.248483 0.030826 -0.042650
0.240003 0.086292 -0.044301
0.238565 0.095126 -0.044944
0.225932 0.143393 -0.048922
0.224442 0.121562 -0.044374
0.321461 0.154433 -0.089364
0.296016 0.151671 -0.077064
0.272515 0.165305 -0.070443
0.228896 0.206362 -0.065640
0.206188 0.277153 -0.083497
0.204425 0.286432 -0.086854
-0.086657 0.320765 -0.076895
-0.074963 0.317289 -0.073879
-0.069221 0.301473 -0.066146
-0.138131 0.292819 -0.072803
-0.120759 0.273767 -0.061707
-0.056058 0.269819 -0.051995
-0.047116 0.261674 -0.048277
-0.038234 0.253435 -0.044753
-0.029173 0.244963 -0.041365
-0.119866 0.229345 -0.045650
-0.051492 0.224678 -0.035982
-0.141693 0.217609 -0.045977
-0.058974 0.220199 -0.035173
-0.045082 0.217262 -0.033282
-0.141456 0.214279 -0.044918
-0.098478 0.208951 -0.036139
-0.203505 0.319484 -0.101696
-0.276836 0.284422 -0.112517
-0.239095 0.240921 -0.080444
-0.207535 0.202045 -0.057660
-0.326097 -0.036647 -0.074898
-0.325276 -0.004409 -0.073536
-0.252110 -0.040926 -0.044432
-0.248725 -0.035314 -0.042942
-0.238801 -0.121539 -0.049057
-0.238206 -0.111575 -0.047217
-0.237999 -0.124146 -0.049239
-0.235592 -0.079144 -0.042001
-0.233291 -0.096787 -0.043420
-0.222602 -0.040858 -0.034657
-0.210692 -0.147808 -0.045138
-0.233406 -0.168021 -0.056814
-0.224359 -0.181932 -0.057333
0.021218 -0.326501 -0.074437
0.062897 -0.313809 -0.071057
0.017309 -0.301953 -0.063108
0.120581 -0.289478 -0.068075
0.094801 -0.280027 -0.060177
0.123818 -0.277306 -0.063652
0.100003 -0.270580 -0.057174
0.032630 -0.269500 -0.050400
0.137294 -0.260583 -0.059710
0.079336 -0.260483 -0.050719
0.040405 -0.254237 -0.045159
0.042439 -0.245942 -0.042366
0.085788 -0.243148 -0.045308
0.087275 -0.215716 -0.036689
0.164197 -0.283627 -0.074695
0.151819 -0.266809 -0.065102
0.161865 0.117593 -0.026943
0.155881 0.122899 -0.026514
0.156697 0.004267 -0.016423
0.124540 0.000320 -0.010324
0.050340 0.015378 -0.001834
0.038636 0.001508 -0.000989
0.157155 0.243963 -0.057891
0.151092 0.301359 -0.079289
0.153832 0.246407 -0.058009
0.144874 0.302852 -0.078596
0.089804 0.272978 -0.056722
0.077597 0.274460 -0.055842
0.076054 0.292225 -0.062895
0.079844 0.174510 -0.024753
0.058534 0.207288 -0.031320
0.055027 0.195832 -0.027869
0.050651 0.217198 -0.033631
0.033360 0.210674 -0.030701
-0.044934 0.104400 -0.008589
-0.091823 0.085798 -0.010514
-0.073673 0.033351 -0.004336
-0.019863 0.025425 -0.000689
-0.178712 0.161917 -0.039477
-0.175228 0.141057 -0.034228
-0.230200 0.130974 -0.047890
-0.223839 0.122262 -0.044304
-0.238307 0.111694 -0.047269
-0.271636 0.101770 -0.057840
-0.178591 0.096437 -0.027743
-0.209024 0.089490 -0.034988
-0.211161 0.033946 -0.030870
-0.226191 0.031705 -0.035313
-0.240948 0.026424 -0.039895
-0.134297 -0.061368 -0.014553
-0.077451 -0.004521 -0.003990
-0.044207 -0.116554 -0.010344
-0.029714 -0.045377 -0.001948
-0.180433 -0.188508 -0.046442
-0.169650 -0.190320 -0.044269
-0.152126 -0.245182 -0.057205
-0.150268 -0.263997 -0.063685
-0.150601 -0.248570 -0.058072
-0.120858 -0.227697 -0.045288
-0.109336 -0.302102 -0.071632
-0.096007 -0.306225 -0.071464
-0.078962 -0.259486 -0.050310
-0.078888 -0.242197 -0.044185
-0.070251 -0.220368 -0.036235
-0.069004 -0.245877 -0.044420
-0.066930 -0.232301 -0.039678
-0.061373 -0.250255 -0.045247
-0.060286 -0.195756 -0.028265
-0.057226 -0.248866 -0.044414
-0.037577 -0.306315 -0.065830
-0.035786 -0.239981 -0.039977
-0.031061 -0.306172 -0.065442
0.086737 -0.174479 -0.025531
-0.007331 -0.169822 -0.019349
0.033076 -0.160196 -0.017901
0.062386 -0.159125 -0.019566
0.004895 -0.155925 -0.016264
0.010789 -0.151951 -0.015500
0.136183 -0.113536 -0.021076
0.087648 -0.082512 -0.009641
0.133956 -0.043451 -0.013227
0.110025 -0.040804 -0.009159
0.102529 -0.039290 -0.008013
0.107934 -0.023392 -0.008107
0.287853 -0.163549 -0.076313
0.208213 -0.167647 -0.048817
0.207842 -0.136718 -0.042087
0.233719 -0.109195 -0.045356
0.228350 -0.107800 -0.043401
0.296273 -0.100864 -0.067795
0.198249 -0.095990 -0.032785
0.302354 -0.076892 -0.067344
0.280545 -0.059476 -0.056481
0.307579 -0.040675 -0.066567
0.215111 -0.038401 -0.032254
0.255323 -0.032693 -0.045152
0.248929 -0.029410 -0.042746
-0.399523 -0.181612 -0.140354
0.243990 -0.359228 -0.137095
0.175632 -0.388221 -0.131457
0.361440 0.124175 -0.103665
-0.076378 0.381150 -0.107546
-0.059570 0.411673 -0.124661
-0.058390 0.375702 -0.102519
-0.008046 0.379772 -0.102313
0.099242 -0.412467 -0.130190
0.098977 -0.383648 -0.112088
0.081729 -0.364481 -0.098679
0.059306 -0.378138 -0.104008
0.054313 -0.402269 -0.118161
0.048347 -0.425797 -0.133122
0.024501 -0.403214 -0.116918
-0.329153 0.351609 -0.173187
0.232848 0.356109 -0.131032
0.234395 0.308795 -0.106919
0.196399 0.311256 -0.095590
0.125930 0.375420 -0.111946
0.121361 0.365579 -0.105443
0.038801 0.342534 -0.083132
-0.384922 0.136579 -0.119769
-0.379252 0.044675 -0.103489
-0.324471 0.091078 -0.079237
-0.312527 0.145714 -0.083184
-0.229449 -0.340764 -0.121301
-0.233916 -0.324366 -0.114380
-0.057762 -0.421202 -0.130805
-0.065554 -0.352789 -0.090542
0.355278 -0.243803 -0.134747
0.358915 -0.059106 -0.093219
0.334201 -0.128488 -0.090123
0.328822 -0.045878 -0.076769
FRAME 111 269
0.317487 0.125994 -0.081527
0.263403 -0.007856 -0.047394
0.257270 0.102883 -0.052583
0.252417 0.035003 -0.044225
0.252236 0.040867 -0.044473
0.244693 0.105108 -0.048439
0.246046 0.015365 -0.041307
0.243558 0.068167 -0.043543
0.238558 0.095127 -0.044941
0.224442 0.121562 -0.044374
0.218651 0.133264 -0.044666
0.219327 0.116495 -0.041937
0.206967 0.125896 -0.039847
0.315592 0.233420 -0.109842
0.261957 0.191041 -0.073019
-0.066846 0.329925 -0.079047
-0.047672 0.311693 -0.068866
-0.069416 0.310049 -0.069975
-0.042725 0.297733 -0.062383
-0.017883 0.271333 -0.050574
-0.066999 0.264289 -0.050855
-0.037335 0.240938 -0.040378
-0.020018 0.236401 -0.038175
-0.032729 0.236776 -0.038765
-0.126905 0.234005 -0.048397
0.005462 0.235632 -0.037664
-0.007224 0.236065 -0.037822
-0.119842 0.229346 -0.045646
-0.134057 0.229100 -0.048111
-0.146247 0.228802 -0.050431
-0.141694 0.217602 -0.045974
-0.189487 0.317927 -0.096749
-0.162353 0.284496 -0.074615
-0.189574 0.277823 -0.078903
-0.169757 0.277850 -0.073678
-0.162456 0.229825 -0.054318
-0.222808 0.209692 -0.064653
-0.207534 0.202053 -0.057662
-0.326572 -0.086877 -0.079695
-0.317152 -0.018997 -0.069973
-0.307000 -0.136120 -0.078647
-0.295590 -0.057648 -0.062547
-0.258749 -0.107579 -0.053829
-0.253588 -0.141249 -0.057922
-0.252124 -0.040968 -0.044440
-0.252162 -0.072126 -0.046932
-0.242105 -0.147060 -0.055052
-0.240105 -0.000742 -0.039126
-0.230120 -0.068548 -0.039128
-0.220650 -0.126326 -0.044018
-0.222796 -0.024577 -0.033979
-0.216711 -0.094414 -0.037890
-0.215646 -0.059413 -0.033834
-0.210668 -0.147834 -0.045136
-0.213723 -0.029178 -0.031413
-0.327618 -0.152439 -0.091906
-0.258134 -0.215530 -0.078875
-0.244425 -0.293872 -0.103700
-0.256129 -0.193788 -0.071585
-0.244750 -0.248359 -0.085177
-0.210328 -0.169581 -0.049905
0.000249 -0.326662 -0.074184
0.057539 -0.320988 -0.073917
0.084120 -0.315790 -0.074251
0.046749 -0.293801 -0.060968
0.021001 -0.282343 -0.054993
0.097632 -0.271273 -0.057108
0.100603 -0.270413 -0.057196
0.032630 -0.269522 -0.050408
0.067311 -0.262790 -0.050325
0.079343 -0.260498 -0.050725
0.041584 -0.259960 -0.047299
0.147000 -0.251228 -0.058256
0.040397 -0.254245 -0.045162
0.085813 -0.243155 -0.045313
0.134581 -0.239943 -0.051810
0.133019 -0.234858 -0.049803
0.109822 -0.220653 -0.041289
0.096976 -0.217881 -0.038586
0.111325 -0.217080 -0.040427
0.048340 -0.212035 -0.031942
0.071978 -0.206204 -0.032222
0.155197 -0.315247 -0.086581
0.186920 -0.285220 -0.081244
0.177047 -0.273602 -0.073814
0.265832 -0.260239 -0.097817
0.166385 -0.261094 -0.066274
0.267553 -0.231954 -0.088016
0.155707 0.026574 -0.016679
0.146235 0.155727 -0.030797
0.141679 0.124209 -0.023846
0.105434 0.055683 -0.009458
0.104118 0.088663 -0.012466
0.102267 0.032987 -0.007673
0.093107 0.112652 -0.014255
0.091919 0.127814 -0.016567
0.089537 0.034029 -0.006090
0.083487 0.011073 -0.004704
0.079328 0.129577 -0.015418
0.077929 0.080352 -0.008329
0.073687 0.026107 -0.004051
0.064204 0.041241 -0.003859
0.053319 0.034100 -0.002653
0.026596 0.047345 -0.001952
0.024977 0.013697 -0.000537
0.171570 0.244381 -0.061439
0.165767 0.222787 -0.052825
0.167578 0.178055 -0.040616
0.157166 0.243926 -0.057881
0.157746 0.210556 -0.047235
0.153769 0.246411 -0.057997
0.149457 0.191872 -0.040173
0.140297 0.228242 -0.049043
0.112406 0.269662 -0.058706
0.107172 0.222323 -0.041404
0.082814 0.258556 -0.050410
0.069723 0.232894 -0.040137
0.064202 0.239424 -0.041776
0.063427 0.247514 -0.044469
0.052863 0.240050 -0.041058
0.042672 0.198806 -0.027846
0.041850 0.163321 -0.019031
-0.071903 0.166109 -0.021979
-0.072654 0.130384 -0.014875
-0.136419 0.121453 -0.022386
-0.119679 0.103239 -0.016700
-0.112335 0.085060 -0.013242
-0.049918 0.047826 -0.003166
-0.126371 0.039234 -0.011665
-0.098911 0.037888 -0.007454
-0.102553 0.034412 -0.007776
-0.007894 0.031249 -0.000687
-0.126302 0.030822 -0.011258
-0.122894 0.024432 -0.010452
-0.153012 0.023200 -0.016003
-0.223851 0.172341 -0.054745
-0.189290 0.168113 -0.043631
-0.213616 0.166728 -0.050212
-0.227834 0.164587 -0.054165
-0.186636 0.147411 -0.038367
-0.190307 0.146872 -0.039221
-0.177072 0.144044 -0.035268
-0.249843 0.127889 -0.054009
-0.223831 0.122262 -0.044302
-0.259880 0.110846 -0.054755
-0.168363 0.107044 -0.026790
-0.212801 0.102132 -0.037777
-0.211807 0.070472 -0.033693
-0.266022 0.065201 -0.051338
-0.226541 0.055464 -0.036860
-0.216113 0.044871 -0.032925
-0.179969 -0.142110 -0.035602
-0.175483 -0.026508 -0.021118
-0.154256 -0.132111 -0.027780
-0.153883 -0.075208 -0.019650
-0.141238 -0.049101 -0.014929
-0.140556 -0.083337 -0.017863
-0.137718 -0.152653 -0.028481
-0.139068 -0.035418 -0.013740
-0.105045 -0.056838 -0.009490
-0.078199 -0.112141 -0.012459
-0.075921 -0.101941 -0.010757
-0.035424 -0.113947 -0.009473
-0.028274 -0.113408 -0.009086
-0.180816 -0.180346 -0.044421
-0.180417 -0.188634 -0.046471
-0.169642 -0.190320 -0.044268
-0.155218 -0.210850 -0.046765
-0.140995 -0.238482 -0.052569
-0.120859 -0.227690 -0.045286
-0.120070 -0.231032 -0.046231
-0.120710 -0.193915 -0.035317
-0.104383 -0.190426 -0.031847
-0.097114 -0.247662 -0.048329
-0.097289 -0.211318 -0.036669
-0.092870 -0.290958 -0.064412
-0.080045 -0.190087 -0.028667
-0.078229 -0.177873 -0.025389
-0.074658 -0.226852 -0.038697
-0.069019 -0.245907 -0.044432
-0.067600 -0.208479 -0.032452
-0.061365 -0.250247 -0.045244
-0.057226 -0.248843 -0.044406
-0.031647 -0.303718 -0.064386
-0.030093 -0.202328 -0.028188
0.065386 -0.176534 -0.023804
0.137633 -0.149340 -0.027778
0.094645 -0.141732 -0.019452
0.108078 -0.130073 -0.019150
0.022826 -0.118639 -0.009712
0.036153 -0.115199 -0.009700
-0.002379 -0.114539 -0.008727
0.143965 -0.105130 -0.021309
0.044135 -0.100103 -0.007954
0.112441 -0.066151 -0.011336
0.050074 -0.058426 -0.003925
0.154941 -0.046698 -0.017515
0.019723 -0.030539 -0.000874
0.167723 -0.176047 -0.040153
0.175276 -0.171635 -0.040891
0.269204 -0.159076 -0.067668
0.182601 -0.159790 -0.039980
0.164065 -0.158934 -0.035319
0.213329 -0.127918 -0.042075
0.233757 -0.109193 -0.045368
0.289521 -0.103834 -0.065368
0.201574 -0.106305 -0.035150
0.176611 -0.104350 -0.028351
0.203259 -0.085296 -0.032836
0.229799 -0.076141 -0.039791
0.190362 -0.073080 -0.028006
0.274706 -0.068248 -0.054966
0.296881 -0.047367 -0.062320
0.267201 -0.045415 -0.050233
0.192398 -0.042437 -0.026114
0.255315 -0.032693 -0.045149
0.422326 0.200313 -0.161736
0.381517 0.173617 -0.126782
0.367183 0.168138 -0.116849
-0.263379 0.339872 -0.134118
-0.258642 0.351056 -0.138356
-0.189622 0.436725 -0.168672
-0.161452 0.356239 -0.108984
-0.362699 -0.227820 -0.132972
-0.395676 -0.187054 -0.139500
0.213808 -0.366079 -0.129990
0.213106 -0.354686 -0.123232
0.381275 0.076067 -0.107582
0.391246 0.057033 -0.111579
0.381236 0.037876 -0.104214
0.364316 0.003778 -0.093540
-0.128407 0.375972 -0.112757
-0.036607 0.386877 -0.107473
-0.442340 -0.040875 -0.144208
0.082215 -0.371529 -0.102696
0.069989 -0.383083 -0.107964
0.068171 -0.393968 -0.114324
0.061501 -0.360036 -0.094044
0.059648 -0.371125 -0.100023
0.047779 -0.388000 -0.108871
0.041119 -0.386551 -0.107549
0.033099 -0.393161 -0.111072
0.020389 -0.442515 -0.143310
0.010421 -0.365510 -0.094269
0.008073 -0.441329 -0.142171
0.006270 -0.434664 -0.137414
0.062605 0.442763 -0.146355
-0.018648 -0.457354 -0.154244
0.102770 0.418795 -0.134978
0.039610 0.386095 -0.107183
0.165150 0.371847 -0.118769
0.073959 0.378839 -0.105914
0.076129 0.358232 -0.094587
0.072351 0.320473 -0.075086
-0.372836 0.210055 -0.132712
-0.320329 0.203447 -0.102091
-0.314552 0.228965 -0.107745
-0.317966 0.193631 -0.097972
-0.375744 0.156581 -0.118891
-0.277072 -0.354514 -0.148400
-0.191035 -0.324301 -0.100308
-0.106658 -0.415705 -0.133560
-0.059878 -0.387821 -0.109770
-0.121657 -0.354926 -0.099628
-0.026314 -0.349674 -0.086205
-0.048330 -0.323745 -0.074505
0.317145 -0.286726 -0.132442
0.382605 -0.040811 -0.105194
0.350649 -0.098256 -0.093441
FRAME 112 210
0.271564 0.128335 -0.062201
0.263835 0.086717 -0.052836
0.263476 0.057366 -0.049702
0.262771 0.022559 -0.047475
0.252447 0.034986 -0.044235
0.252236 0.040875 -0.044474
0.252449 0.052603 -0.045320
0.241397 0.047765 -0.041152
0.238558 0.095127 -0.044941
0.224442 0.121562 -0.044374
0.219380 0.037875 -0.033508
0.214431 0.033768 -0.031822
0.208221 0.032990 -0.029977
0.249511 0.226036 -0.079068
0.218512 0.212114 -0.064021
0.208668 0.271422 -0.081927
-0.042266 0.333191 -0.078666
-0.125053 0.327386 -0.086098
-0.129741 0.323282 -0.084998
-0.115647 0.291679 -0.068158
-0.081901 0.274654 -0.056409
-0.137156 0.269390 -0.063041
-0.029631 0.262721 -0.047717
-0.000508 0.232656 -0.036674
-0.119897 0.229374 -0.045665
-0.134818 0.226867 -0.047536
-0.141694 0.217602 -0.045974
-0.120001 0.212631 -0.040494
-0.204876 0.304725 -0.095120
-0.170049 0.267265 -0.069537
-0.175575 0.245137 -0.062707
-0.270181 0.217690 -0.084285
-0.293318 0.195874 -0.087280
-0.207543 0.202037 -0.057660
-0.337198 0.002082 -0.079334
-0.312396 -0.045126 -0.069013
-0.290539 -0.021638 -0.058368
-0.267524 -0.147787 -0.064505
-0.266806 0.002512 -0.048629
-0.252087 -0.040943 -0.044425
-0.240984 -0.033425 -0.040200
-0.235254 -0.116179 -0.046971
-0.210692 -0.147816 -0.045139
-0.305447 -0.244813 -0.109183
-0.287437 -0.264198 -0.108558
-0.249475 -0.185421 -0.066828
-0.240216 -0.252382 -0.085040
-0.241642 -0.170563 -0.060234
-0.226086 -0.295962 -0.098058
-0.228127 -0.239986 -0.076333
-0.233374 -0.168046 -0.056809
-0.224697 -0.173708 -0.055353
-0.211157 -0.289485 -0.090265
0.044195 -0.325150 -0.074893
0.045826 -0.304979 -0.065736
0.007042 -0.304654 -0.064110
0.019939 -0.282463 -0.055010
0.100520 -0.271545 -0.057623
0.097630 -0.271309 -0.057122
0.138029 -0.266430 -0.062071
0.032638 -0.269507 -0.050403
0.079336 -0.260483 -0.050719
0.136900 -0.256527 -0.058129
0.040405 -0.254230 -0.045157
0.009371 -0.254460 -0.044154
0.042305 -0.249731 -0.043675
0.085781 -0.243126 -0.045299
0.129845 -0.230881 -0.047904
0.013529 -0.227558 -0.035173
0.109451 -0.211216 -0.038388
0.196810 -0.297994 -0.089625
0.186932 -0.291990 -0.084147
0.253948 -0.253555 -0.090559
0.221496 -0.241329 -0.074618
0.250478 -0.236356 -0.082960
0.203719 -0.237934 -0.067913
0.184929 -0.236171 -0.062027
0.174503 -0.208956 -0.050696
0.189197 -0.205491 -0.053471
0.175882 -0.203527 -0.049453
0.125076 0.109789 -0.018538
0.100936 0.034506 -0.007560
0.097036 0.129072 -0.017440
0.038624 0.132406 -0.012683
0.165580 0.250060 -0.062006
0.166188 0.200178 -0.046159
0.157155 0.243971 -0.057894
0.153824 0.246407 -0.058008
0.144958 0.274728 -0.066733
0.102961 0.277411 -0.060288
0.098381 0.296062 -0.067345
0.092027 0.272471 -0.056814
0.089798 0.183861 -0.028205
0.083672 0.210341 -0.034673
0.060653 0.189145 -0.026550
0.048326 0.302476 -0.064806
0.047391 0.165169 -0.019779
0.044699 0.280883 -0.055517
0.033778 0.279244 -0.054252
0.030441 0.263883 -0.048183
-0.129425 0.134135 -0.023329
-0.082938 0.080423 -0.008876
-0.024254 0.060116 -0.002783
-0.010256 0.053707 -0.001979
-0.104417 0.041999 -0.008421
-0.047224 0.037859 -0.002426
-0.223839 0.122270 -0.044305
-0.292508 0.112519 -0.067991
-0.258981 0.105184 -0.053552
-0.271911 0.101868 -0.057961
-0.225288 0.088970 -0.039837
-0.210862 0.084263 -0.034894
-0.222827 0.076653 -0.037647
-0.285451 0.072615 -0.059712
-0.302924 0.067457 -0.066606
-0.220112 0.064415 -0.035612
-0.282930 0.060453 -0.057525
-0.280227 0.048244 -0.055489
-0.295358 0.042502 -0.061356
-0.186697 0.040268 -0.024513
-0.277380 0.035904 -0.053618
-0.186428 0.036507 -0.024247
-0.292863 0.027810 -0.059559
-0.149529 -0.150064 -0.030275
-0.114341 -0.131798 -0.020402
-0.111294 -0.119753 -0.017881
-0.073301 -0.002362 -0.003564
-0.064608 -0.026230 -0.003221
-0.044264 -0.157896 -0.017991
-0.031140 -0.006745 -0.000671
-0.180434 -0.188484 -0.046436
-0.170959 -0.204663 -0.048574
-0.169658 -0.190319 -0.044271
-0.158797 -0.260347 -0.064207
-0.152134 -0.245174 -0.057204
-0.120858 -0.227705 -0.045291
-0.117629 -0.167517 -0.028226
-0.111061 -0.254989 -0.052996
-0.107884 -0.307523 -0.073818
-0.106831 -0.298492 -0.069656
-0.104352 -0.274161 -0.059208
-0.103893 -0.259372 -0.053504
-0.082964 -0.293393 -0.064182
-0.080767 -0.207016 -0.033382
-0.076096 -0.277686 -0.056950
-0.069020 -0.245892 -0.044427
-0.063678 -0.256601 -0.047716
-0.061374 -0.250247 -0.045245
-0.057226 -0.248858 -0.044412
0.094527 -0.140936 -0.019285
0.096212 -0.131411 -0.017744
0.053225 -0.092792 -0.007603
-0.010843 -0.069343 -0.003264
0.055637 -0.066484 -0.004985
0.018707 -0.036095 -0.001093
0.201720 -0.174796 -0.048666
0.204393 -0.170179 -0.048308
0.291836 -0.160254 -0.077226
0.285278 -0.136010 -0.069199
0.233742 -0.109202 -0.045364
0.268376 -0.081957 -0.053984
0.242629 -0.073005 -0.043705
0.235845 -0.070672 -0.041197
0.229688 -0.061737 -0.038371
0.255323 -0.032685 -0.045151
0.289961 -0.025475 -0.058257
0.214405 -0.023458 -0.031407
0.366847 0.191611 -0.123291
-0.399503 -0.166201 -0.136005
0.228731 -0.358375 -0.130807
0.357982 0.100318 -0.097683
-0.065174 0.482593 -0.177640
-0.109871 0.448923 -0.157645
-0.019718 0.363223 -0.093223
-0.016021 0.402484 -0.116190
-0.473252 -0.023475 -0.166831
-0.371678 -0.068993 -0.101253
-0.358664 -0.062162 -0.093362
-0.377481 -0.027484 -0.101515
-0.381344 -0.015512 -0.103363
0.102623 -0.469570 -0.172379
0.089899 -0.411537 -0.128170
0.033596 -0.390400 -0.109423
0.024378 -0.360516 -0.091902
0.019105 -0.360281 -0.091602
0.003753 -0.400800 -0.114945
0.089075 0.440271 -0.147844
-0.454239 0.042729 -0.153114
0.169324 0.395571 -0.134332
0.238267 0.368551 -0.140353
0.176459 0.339716 -0.104037
0.182052 0.329331 -0.100259
-0.365908 0.223499 -0.133282
-0.327468 0.238619 -0.117695
-0.322400 0.212891 -0.106126
-0.319797 0.197512 -0.100015
-0.377923 0.134855 -0.115223
-0.338235 0.049044 -0.081628
-0.321373 0.089915 -0.077606
-0.204444 -0.342047 -0.113496
-0.116882 -0.336354 -0.089071
-0.043604 -0.336903 -0.080589
0.317713 -0.189303 -0.096593
0.387348 -0.041049 -0.108020
0.351551 -0.076360 -0.091039
0.335415 -0.140736 -0.093216
0.324071 -0.152142 -0.090101
0.327405 -0.084088 -0.079746
0.323314 -0.031464 -0.073315
0.313639 -0.150750 -0.084812
FRAME 113 150
0.331783 -0.000213 -0.076660
0.296270 -0.005849 -0.060469
0.291159 -0.001031 -0.058292
0.252432 0.034986 -0.044230
0.252243 0.040875 -0.044476
0.244296 0.016703 -0.040737
0.238557 0.095135 -0.044942
0.224442 0.121562 -0.044374
0.285245 0.212822 -0.088968
0.214323 0.162773 -0.049504
0.204847 0.247440 -0.071609
0.199628 0.285936 -0.085196
-0.064325 0.306062 -0.067694
-0.009099 0.297243 -0.060919
-0.062531 0.273233 -0.053859
-0.124117 0.249390 -0.053171
-0.119860 0.229322 -0.045642
-0.131222 0.224938 -0.046248
-0.141693 0.217609 -0.045977
-0.102039 0.210110 -0.036973
-0.253328 0.275173 -0.098960
-0.176634 0.223668 -0.055755
-0.207551 0.202037 -0.057663
-0.313025 -0.097850 -0.074808
-0.269821 -0.088779 -0.055368
-0.253615 -0.016819 -0.043989
-0.252109 -0.040960 -0.044434
-0.236658 -0.142270 -0.052210
-0.210677 -0.147809 -0.045133
-0.233402 -0.168068 -0.056824
-0.208606 -0.238917 -0.069719
0.112283 -0.319987 -0.080288
0.030068 -0.321892 -0.072581
0.065978 -0.314877 -0.071837
0.030402 -0.307410 -0.065963
0.139944 -0.292809 -0.073168
0.002611 -0.287158 -0.056640
0.033206 -0.286431 -0.057125
0.097671 -0.271307 -0.057127
0.100627 -0.270418 -0.057202
0.032630 -0.269500 -0.050400
0.079336 -0.260483 -0.050719
0.040405 -0.254237 -0.045159
0.085781 -0.243126 -0.045299
-0.005199 -0.242632 -0.039995
0.117819 -0.238542 -0.048340
0.014479 -0.218884 -0.032511
0.035877 -0.216263 -0.032468
0.162792 -0.233801 -0.055710
0.109783 -0.003225 -0.008017
0.082261 0.149291 -0.019459
0.074028 0.005228 -0.003650
0.069613 0.025986 -0.003659
0.164088 0.179838 -0.040253
0.157154 0.243978 -0.057896
0.153832 0.246414 -0.058012
0.149782 0.243246 -0.056024
0.139775 0.299569 -0.076071
0.110712 0.228203 -0.043800
0.107667 0.287954 -0.065300
0.093834 0.304806 -0.070531
0.089809 0.247089 -0.047166
0.079483 0.270433 -0.054489
0.079325 0.173392 -0.024431
0.066221 0.303941 -0.066934
0.060735 0.221337 -0.035667
0.045953 0.217612 -0.033442
-0.141297 0.162741 -0.031358
-0.001561 0.161077 -0.017354
0.002729 0.113455 -0.008563
-0.016749 0.073828 -0.003798
-0.069187 0.026125 -0.003625
-0.216757 0.162517 -0.050187
-0.186756 0.161333 -0.041399
-0.265794 0.146257 -0.063514
-0.241494 0.142136 -0.053827
-0.202044 0.136477 -0.040379
-0.290529 0.126694 -0.069618
-0.223839 0.122262 -0.044304
-0.294583 0.112799 -0.068923
-0.216851 0.110996 -0.040307
-0.271636 0.101770 -0.057840
-0.196702 0.103375 -0.033381
-0.266136 0.071802 -0.052023
-0.299898 0.056647 -0.064315
-0.226241 0.041907 -0.035850
-0.263909 0.039502 -0.048640
-0.159837 -0.097975 -0.023604
-0.131128 -0.092893 -0.017269
-0.070466 -0.072767 -0.006814
-0.050763 -0.031707 -0.002372
-0.180442 -0.188484 -0.046438
-0.169649 -0.190328 -0.044271
-0.152126 -0.245182 -0.057205
-0.146446 -0.170144 -0.034085
-0.123672 -0.243604 -0.051068
-0.120866 -0.227705 -0.045292
-0.108092 -0.174282 -0.028336
-0.088846 -0.283442 -0.060773
-0.083808 -0.222137 -0.038232
-0.072186 -0.235644 -0.041282
-0.069021 -0.245869 -0.044419
-0.061350 -0.250210 -0.045230
-0.057226 -0.248873 -0.044417
0.044657 -0.045773 -0.002708
0.025868 -0.038455 -0.001421
0.107342 -0.025835 -0.008102
0.164175 -0.140730 -0.031571
0.210500 -0.134024 -0.042355
0.172285 -0.114904 -0.028904
0.233727 -0.109186 -0.045357
0.232281 -0.101610 -0.043761
0.181637 -0.086945 -0.027302
0.167531 -0.076912 -0.022810
0.304739 -0.058199 -0.066563
0.264930 -0.049189 -0.049630
0.176143 -0.046962 -0.022299
0.255323 -0.032693 -0.045152
0.406176 0.196542 -0.149354
-0.278809 0.338147 -0.139929
-0.156776 0.436309 -0.158766
0.402530 0.080164 -0.121057
0.393906 0.067850 -0.114252
-0.117925 0.476236 -0.180727
-0.087944 0.471823 -0.171800
-0.051241 0.457665 -0.156376
-0.379586 -0.076539 -0.106648
0.051704 -0.473286 -0.168662
0.071272 -0.425993 -0.135461
0.041582 -0.387301 -0.108026
0.028004 -0.366595 -0.095380
-0.347440 -0.304583 -0.157546
0.178703 0.430075 -0.160404
0.239708 0.354708 -0.132831
0.253866 0.323609 -0.121618
0.093365 0.401835 -0.122421
0.120776 0.393279 -0.121685
0.027584 0.393639 -0.111103
0.121173 0.374371 -0.110425
0.027373 0.338400 -0.080484
0.034484 0.326161 -0.074816
0.158668 0.318050 -0.088723
0.079823 0.320526 -0.075946
-0.384881 0.155076 -0.123995
-0.057051 -0.420751 -0.130437
-0.050806 -0.372712 -0.100178
-0.118260 -0.328075 -0.085202
-0.156482 -0.323544 -0.090850
0.347914 -0.178960 -0.109059
0.317335 -0.162583 -0.089325
FRAME 114 296
0.308614 0.139221 -0.080012
0.295058 0.111962 -0.068990
0.289502 0.030854 -0.058284
0.269735 0.010596 -0.049815
0.252417 0.034994 -0.044225
0.252236 0.040875 -0.044474
0.238273 0.094740 -0.044794
0.226161 0.149514 -0.050264
0.227583 0.016972 -0.035254
0.224412 0.121539 -0.044361
0.222699 0.048813 -0.035181
0.223441 0.015414 -0.033924
0.211453 0.044326 -0.031515
0.308852 0.261856 -0.117525
0.278293 0.252257 -0.099862
0.266939 0.177536 -0.071307
0.261023 0.207621 -0.077514
0.256195 0.218991 -0.079249
0.245519 0.278575 -0.097432
0.253391 0.168544 -0.063930
0.225429 0.261357 -0.083347
0.215396 0.220544 -0.065680
0.203251 0.189396 -0.052874
-0.014808 0.290436 -0.058147
-0.092225 0.287039 -0.062691
0.001511 0.283940 -0.055325
-0.004347 0.278191 -0.053035
-0.126986 0.274082 -0.062943
-0.073285 0.275026 -0.055600
-0.114367 0.256260 -0.053989
-0.083198 0.251012 -0.047737
-0.050909 0.236170 -0.039626
-0.119866 0.229345 -0.045650
-0.141694 0.217602 -0.045974
-0.102072 0.218278 -0.039413
-0.151985 0.214370 -0.047120
-0.014332 0.209478 -0.029730
-0.205414 0.297991 -0.092224
-0.204845 0.280570 -0.084504
-0.248526 0.256598 -0.089679
-0.272694 0.247655 -0.095773
-0.225771 0.247251 -0.078152
-0.214965 0.229369 -0.068426
-0.249079 0.200715 -0.070980
-0.207536 0.202038 -0.057658
-0.302210 -0.004340 -0.063017
-0.276514 -0.076254 -0.056503
-0.275690 0.006090 -0.052064
-0.270248 -0.016633 -0.050128
-0.263505 -0.123724 -0.058268
-0.252094 -0.040960 -0.044429
-0.245029 -0.151457 -0.057006
-0.210669 -0.147810 -0.045131
-0.325505 -0.168812 -0.094832
-0.308815 -0.234924 -0.107120
-0.292528 -0.235199 -0.099718
-0.280058 -0.202098 -0.083459
-0.259916 -0.249833 -0.091456
-0.247319 -0.216711 -0.075227
-0.233383 -0.168022 -0.056807
-0.208678 -0.285146 -0.087618
0.122646 -0.310261 -0.077561
0.012994 -0.299385 -0.061901
0.080417 -0.293307 -0.063844
0.128783 -0.290912 -0.070169
0.135209 -0.289421 -0.070775
0.027320 -0.284426 -0.056053
0.142668 -0.278098 -0.067607
0.119672 -0.274591 -0.061844
0.093843 -0.274713 -0.057933
0.001467 -0.275269 -0.051874
0.088380 -0.271875 -0.056112
0.097662 -0.271322 -0.057131
0.100627 -0.270418 -0.057202
0.134751 -0.268084 -0.062064
0.032630 -0.269508 -0.050402
0.033015 -0.264210 -0.048420
0.079335 -0.260491 -0.050722
0.040397 -0.254238 -0.045159
0.076833 -0.248028 -0.045970
0.085788 -0.243148 -0.045308
0.121601 -0.239195 -0.049201
0.009286 -0.232020 -0.036529
0.216998 -0.283168 -0.089428
0.244335 -0.274384 -0.095237
0.225278 -0.238285 -0.074786
0.230672 -0.228735 -0.073320
0.157228 -0.201645 -0.044535
0.171380 0.025585 -0.020118
0.130862 0.039912 -0.012477
0.126085 0.112791 -0.019163
0.118148 0.000848 -0.009286
0.115941 0.153195 -0.024809
0.103027 0.032418 -0.007752
0.045168 0.084590 -0.006104
0.042626 0.042054 -0.002374
0.175298 0.170656 -0.040662
0.163440 0.215872 -0.050129
0.157147 0.243971 -0.057892
0.158273 0.214905 -0.048659
0.153816 0.246408 -0.058006
0.149096 0.302532 -0.079369
0.142334 0.292247 -0.073421
0.128483 0.206431 -0.040152
0.121067 0.287586 -0.067368
0.114048 0.278243 -0.062352
0.102308 0.264567 -0.055209
0.100459 0.221369 -0.040134
0.088968 0.307075 -0.070895
0.092510 0.170592 -0.025321
0.073243 0.212153 -0.034070
0.065233 0.288261 -0.060139
0.050377 0.191377 -0.026350
0.045841 0.307458 -0.066837
0.046086 0.192455 -0.026350
0.039716 0.307101 -0.066298
0.036776 0.167418 -0.019680
0.032236 0.251047 -0.043610
0.030873 0.281808 -0.055143
-0.031848 0.175937 -0.021438
-0.115657 0.173013 -0.029196
-0.099384 0.167399 -0.025485
-0.083211 0.158056 -0.021396
-0.040042 0.154127 -0.016955
0.005229 0.146276 -0.014299
-0.042431 0.119304 -0.010675
-0.045868 0.098241 -0.007812
-0.121177 0.084646 -0.014585
0.007346 0.073844 -0.003649
-0.012505 0.068981 -0.003256
-0.081351 0.065633 -0.007258
-0.068399 0.029284 -0.003669
-0.041408 0.025581 -0.001568
-0.284627 0.162226 -0.074640
-0.177355 0.167374 -0.040394
-0.210888 0.124551 -0.040756
-0.223847 0.122261 -0.044306
-0.235112 0.115638 -0.046835
-0.271648 0.101826 -0.057852
-0.299483 0.081743 -0.066649
-0.280976 0.079516 -0.058647
-0.207914 0.077506 -0.033282
-0.294952 0.052884 -0.061896
-0.205988 0.040872 -0.029741
-0.285629 0.039491 -0.057124
-0.249989 0.022099 -0.042852
-0.178177 0.005823 -0.021311
-0.174293 -0.153790 -0.036605
-0.166505 -0.144863 -0.032918
-0.165843 0.006712 -0.018438
-0.161090 -0.134210 -0.029645
-0.156575 -0.109545 -0.024539
-0.127712 -0.040509 -0.011962
-0.118518 -0.054049 -0.011302
-0.114018 -0.120732 -0.018456
-0.112700 -0.148125 -0.023260
-0.113102 0.005422 -0.008524
-0.097793 -0.052516 -0.008190
-0.082729 -0.002550 -0.004543
-0.063561 -0.048682 -0.004250
-0.029542 -0.149041 -0.015420
-0.028417 -0.104321 -0.007768
-0.180842 -0.164430 -0.040584
-0.180444 -0.188460 -0.046432
-0.178715 -0.211121 -0.052397
-0.169649 -0.190328 -0.044271
-0.166913 -0.210580 -0.049344
-0.152117 -0.245197 -0.057208
-0.134029 -0.297206 -0.073881
-0.140014 -0.164293 -0.031459
-0.131422 -0.265651 -0.060492
-0.118985 -0.293987 -0.069711
-0.120867 -0.227689 -0.045287
-0.116529 -0.181975 -0.031527
-0.110042 -0.218897 -0.040783
-0.104033 -0.271673 -0.058187
-0.094163 -0.254774 -0.050458
-0.096375 -0.175663 -0.027023
-0.092560 -0.203823 -0.033888
-0.090690 -0.187392 -0.029217
-0.085774 -0.209880 -0.034786
-0.069114 -0.245829 -0.044414
-0.061382 -0.250254 -0.045248
-0.062423 -0.180516 -0.024516
-0.057192 -0.248867 -0.044412
-0.052798 -0.301133 -0.064547
-0.040797 -0.280594 -0.055163
-0.033662 -0.271204 -0.051101
-0.031511 -0.304036 -0.064520
-0.026822 -0.261695 -0.047225
-0.026204 -0.303776 -0.064185
0.132043 -0.172849 -0.031953
0.069106 -0.167133 -0.021943
0.147612 -0.139957 -0.027868
0.112493 -0.123160 -0.018623
0.100317 -0.101407 -0.013573
0.141881 -0.087499 -0.018598
0.143072 -0.059233 -0.016022
0.080259 -0.053614 -0.006184
0.028947 -0.026925 -0.001034
0.185417 -0.172825 -0.043740
0.190385 -0.166619 -0.043572
0.217905 -0.157788 -0.049469
0.244934 -0.148231 -0.056282
0.274215 -0.146081 -0.066766
0.249611 -0.130754 -0.054454
0.233719 -0.109195 -0.045356
0.206271 -0.097659 -0.035255
0.167983 -0.077708 -0.022997
0.234020 -0.048245 -0.038737
0.255323 -0.032685 -0.045151
0.224632 -0.032232 -0.034849
0.198650 -0.028434 -0.027109
0.229260 -0.027976 -0.036128
0.345973 0.269285 -0.140037
0.377405 0.255779 -0.152865
0.360750 0.233643 -0.133996
0.391940 0.171429 -0.132612
-0.204053 0.414597 -0.157582
-0.180869 0.435270 -0.164846
-0.187368 0.355897 -0.115815
-0.449406 -0.229212 -0.192839
0.190738 -0.437799 -0.169833
0.203584 -0.359170 -0.122627
0.185588 -0.417574 -0.153655
0.174948 -0.390704 -0.132814
0.165634 -0.355544 -0.109659
0.378797 0.117027 -0.112244
0.383704 0.043957 -0.106046
0.364511 0.012652 -0.093757
-0.089858 0.391476 -0.115470
-0.084521 0.367825 -0.100898
-0.085700 0.357978 -0.095620
-0.048521 0.382626 -0.105735
-0.034447 0.397865 -0.114032
-0.033134 0.359034 -0.091478
-0.029264 0.374305 -0.099771
-0.403483 -0.008648 -0.116677
-0.426711 -0.002365 -0.131877
0.108689 -0.439088 -0.150181
0.096189 -0.454064 -0.159170
0.094169 -0.397441 -0.119775
0.066198 -0.370575 -0.100340
0.050915 -0.367936 -0.097497
0.050869 -0.361024 -0.093680
0.033395 -0.448607 -0.148330
0.031275 -0.391609 -0.110038
0.010858 -0.360670 -0.091627
0.009390 -0.457873 -0.154423
0.005285 -0.394100 -0.110817
0.173295 0.401234 -0.139071
0.260121 0.348805 -0.137702
0.250374 0.348356 -0.133442
0.290367 0.321952 -0.136602
0.182202 0.319917 -0.095659
0.110340 0.406469 -0.128128
0.057645 0.376956 -0.103175
0.041845 0.360671 -0.092857
0.136033 0.346572 -0.097989
0.026982 0.338073 -0.080305
0.041007 0.336225 -0.080088
0.033852 0.335086 -0.079128
-0.378198 0.274479 -0.161641
-0.378353 0.177689 -0.126009
-0.326050 0.253205 -0.122604
-0.321437 0.182927 -0.096598
-0.385743 0.058880 -0.108437
-0.329976 0.030548 -0.076467
-0.328072 0.026148 -0.075363
-0.326604 0.047487 -0.075811
-0.325558 0.051529 -0.075604
-0.313334 0.172985 -0.090050
-0.317107 0.046204 -0.071246
-0.222031 -0.390052 -0.147569
-0.193776 -0.393289 -0.140048
-0.199315 -0.324190 -0.102721
-0.042079 -0.419785 -0.128605
-0.060739 -0.383785 -0.107446
-0.096164 -0.368693 -0.102994
-0.160285 -0.350897 -0.105784
-0.084002 -0.335467 -0.083696
0.395274 -0.171982 -0.134873
0.347921 -0.282659 -0.147165
0.355994 -0.237400 -0.132681
0.305964 -0.267941 -0.118660
0.303300 -0.266107 -0.116623
0.308595 -0.181721 -0.090164
0.361782 -0.032975 -0.092962
0.359305 -0.043266 -0.092208
0.351514 -0.026596 -0.087180
0.350123 -0.055720 -0.088243
0.340693 -0.144948 -0.096824
0.326720 -0.097653 -0.081238
0.325014 -0.040458 -0.074596
0.319747 -0.072107 -0.074719
0.317619 -0.097317 -0.076860
FRAME 115 438
0.328383 0.047198 -0.076647
0.315496 0.091120 -0.075014
0.298230 0.093620 -0.067617
0.284697 0.130160 -0.067826
0.285869 0.069398 -0.059555
0.280297 0.115844 -0.063476
0.281820 -0.002618 -0.054473
0.272819 0.064501 -0.053876
0.264022 0.112285 -0.056532
0.252446 0.035011 -0.044236
0.252236 0.040875 -0.044474
0.246618 0.073121 -0.045088
0.238565 0.095126 -0.044944
0.236951 0.001214 -0.038078
0.236730 0.010957 -0.038088
0.230304 0.105693 -0.043714
0.224442 0.121554 -0.044373
0.223076 0.112291 -0.042425
0.216131 0.070883 -0.035014
0.214994 -0.007506 -0.031241
0.206909 0.049517 -0.030541
0.323102 0.170816 -0.094169
0.290365 0.181163 -0.081868
0.282772 0.197257 -0.083158
0.249406 0.210616 -0.074077
0.244247 0.255290 -0.087599
0.237623 0.214400 -0.071057
0.221069 0.209653 -0.064083
0.194828 0.245094 -0.067851
-0.005399 0.334189 -0.077861
-0.015100 0.330086 -0.076002
-0.088944 0.327202 -0.080268
-0.101422 0.312817 -0.075235
0.005714 0.310648 -0.066767
-0.137452 0.306904 -0.078873
-0.021442 0.299339 -0.062090
-0.012773 0.293515 -0.059395
-0.050473 0.287085 -0.058428
-0.009249 0.285342 -0.055954
-0.043278 0.280773 -0.055384
-0.006889 0.276966 -0.052572
-0.021623 0.265722 -0.048547
-0.094044 0.250377 -0.048870
-0.022696 0.242960 -0.040447
-0.013223 0.236625 -0.038091
-0.119860 0.229314 -0.045639
-0.004785 0.230298 -0.035932
-0.079509 0.227915 -0.039555
-0.071204 0.222060 -0.036849
-0.141702 0.217601 -0.045976
-0.079387 0.206266 -0.033014
-0.138192 0.203034 -0.040989
-0.260126 0.298964 -0.112137
-0.189679 0.293336 -0.085505
-0.263402 0.261537 -0.097355
-0.180500 0.269157 -0.072952
-0.189743 0.236970 -0.063600
-0.218666 0.205024 -0.061936
-0.207537 0.202022 -0.057654
-0.264777 0.194597 -0.075113
-0.310593 -0.100190 -0.074036
-0.308074 -0.032917 -0.066374
-0.298231 0.003194 -0.061290
-0.294221 -0.033764 -0.060394
-0.265627 -0.099217 -0.055166
-0.264444 -0.010302 -0.047813
-0.252087 -0.040935 -0.044425
-0.249246 -0.091450 -0.048131
-0.248814 -0.078789 -0.046459
-0.246379 -0.026975 -0.041765
-0.243357 -0.059004 -0.042657
-0.242446 -0.048883 -0.041583
-0.235084 -0.065073 -0.040415
-0.233976 0.002760 -0.037107
-0.228777 -0.092322 -0.041368
-0.227036 -0.014429 -0.035026
-0.220279 -0.004424 -0.032803
-0.210668 -0.147834 -0.045136
-0.307006 -0.243129 -0.109286
-0.283090 -0.229454 -0.093577
-0.282414 -0.159721 -0.073130
-0.270291 -0.241593 -0.092548
-0.264835 -0.279306 -0.105269
-0.248036 -0.242637 -0.084291
-0.233374 -0.168046 -0.056809
-0.008164 -0.332206 -0.076916
0.097960 -0.307346 -0.072244
0.005968 -0.306844 -0.065068
-0.000584 -0.291779 -0.058550
0.140032 -0.286666 -0.070586
0.093545 -0.288762 -0.063583
0.129350 -0.282668 -0.066838
0.116388 -0.281503 -0.064057
0.097630 -0.271309 -0.057122
0.100602 -0.270420 -0.057199
0.032638 -0.269500 -0.050400
0.079335 -0.260491 -0.050722
0.066119 -0.260139 -0.049231
0.020199 -0.260067 -0.046407
0.000882 -0.258425 -0.045521
0.105092 -0.253006 -0.051364
0.040397 -0.254230 -0.045156
0.144016 -0.246750 -0.056040
0.096656 -0.247174 -0.048096
0.085789 -0.243133 -0.045303
0.015117 -0.242344 -0.040038
0.070733 -0.238337 -0.042029
0.030556 -0.234919 -0.038059
0.024651 -0.230681 -0.036461
0.028741 -0.212269 -0.030969
0.061917 -0.211668 -0.032869
-0.006473 -0.212398 -0.030466
0.253643 -0.301601 -0.110782
0.242678 -0.295724 -0.103885
0.182160 -0.300354 -0.086527
0.243021 -0.290839 -0.101820
0.259968 -0.288249 -0.107208
0.232283 -0.289594 -0.097383
0.168728 -0.294997 -0.080653
0.186674 -0.278655 -0.078439
0.158211 -0.281002 -0.072196
0.268615 -0.255146 -0.096954
0.270727 -0.243854 -0.093554
0.250230 -0.242643 -0.085107
0.240925 -0.236193 -0.079426
0.153792 -0.232420 -0.053222
0.264770 -0.216198 -0.081655
0.283297 -0.212178 -0.087933
0.260783 -0.207841 -0.077489
0.201890 -0.211486 -0.058801
0.232625 -0.199395 -0.064839
0.173406 0.102084 -0.027260
0.152283 0.151479 -0.031142
0.147349 0.052384 -0.016345
0.143187 0.003839 -0.013688
0.124467 0.131997 -0.022083
0.115590 0.029821 -0.009480
0.100184 0.052383 -0.008497
0.096525 0.041628 -0.007341
0.093129 0.068855 -0.008921
0.092036 0.117513 -0.014876
0.055380 0.004679 -0.002045
0.031138 -0.005832 -0.000664
0.157422 0.299161 -0.079756
0.156435 0.301257 -0.080457
0.158588 0.259007 -0.063656
0.153340 0.301986 -0.080074
0.157162 0.243977 -0.057898
0.153825 0.246400 -0.058005
0.148667 0.225215 -0.049783
0.136630 0.297451 -0.074504
0.135015 0.212933 -0.043264
0.128994 0.162475 -0.029009
0.114596 0.260070 -0.055428
0.108348 0.295687 -0.068681
0.096176 0.235190 -0.043962
0.097730 0.167490 -0.025283
0.085819 0.210345 -0.034926
0.080287 0.260862 -0.050966
0.078097 0.275008 -0.056113
0.051483 0.234431 -0.039096
0.051909 0.206824 -0.030683
0.029818 0.215734 -0.032035
-0.030186 0.180644 -0.022511
-0.104271 0.168548 -0.026431
-0.133299 0.165643 -0.030501
-0.126498 0.163893 -0.028888
-0.061334 0.158192 -0.019277
-0.092169 0.144749 -0.019725
-0.145739 0.133814 -0.026338
-0.144164 0.131309 -0.025571
-0.006869 0.131332 -0.011522
-0.130030 0.128459 -0.022420
0.001888 0.127030 -0.010747
-0.152232 0.099419 -0.022181
-0.042847 0.098568 -0.007676
-0.090534 0.097503 -0.011796
0.000715 0.078404 -0.004075
-0.124111 0.063598 -0.012969
-0.102795 0.063070 -0.009677
0.007727 0.061905 -0.002577
-0.093943 0.057064 -0.008030
-0.105640 0.041990 -0.008592
-0.040023 0.027821 -0.001572
-0.258990 0.167146 -0.065665
-0.247775 0.161306 -0.060183
-0.173263 0.145567 -0.034649
-0.207555 0.141388 -0.042913
-0.210983 0.131363 -0.042003
-0.220360 0.126907 -0.044032
-0.223839 0.122254 -0.044303
-0.271607 0.101780 -0.057830
-0.242286 0.097935 -0.046584
-0.208450 0.083838 -0.034144
-0.291139 0.065923 -0.061402
-0.204574 0.047146 -0.029721
-0.223262 0.039204 -0.034769
-0.160649 0.037420 -0.018207
-0.234681 0.024037 -0.037734
-0.213924 0.022446 -0.031233
-0.178787 -0.129139 -0.032872
-0.177423 -0.060821 -0.023626
-0.170827 -0.008458 -0.019594
-0.156871 -0.040530 -0.017559
-0.145590 -0.134951 -0.026518
-0.095743 -0.032146 -0.006774
-0.094137 -0.100582 -0.012653
-0.091008 -0.081093 -0.009888
-0.076429 -0.023823 -0.004249
-0.073927 -0.002887 -0.003627
-0.070741 -0.139478 -0.016346
-0.065577 -0.087600 -0.007958
-0.058511 -0.025289 -0.002691
-0.053885 -0.151980 -0.017390
-0.047763 -0.159668 -0.018591
-0.044537 -0.157633 -0.017952
-0.036427 -0.074805 -0.004591
-0.180434 -0.188484 -0.046436
-0.169650 -0.190320 -0.044269
-0.166012 -0.225090 -0.053616
-0.156462 -0.250359 -0.060002
-0.145138 -0.276058 -0.067303
-0.148944 -0.195112 -0.040942
-0.144690 -0.243749 -0.055129
-0.134950 -0.249233 -0.055114
-0.131416 -0.217190 -0.043876
-0.129353 -0.166130 -0.029899
-0.128139 -0.176668 -0.032174
-0.120793 -0.227540 -0.045227
-0.107821 -0.236464 -0.046054
-0.101864 -0.274066 -0.058803
-0.088686 -0.199060 -0.032076
-0.085575 -0.266701 -0.053777
-0.083705 -0.175502 -0.025422
-0.079021 -0.224337 -0.038373
-0.069003 -0.245900 -0.044428
-0.067542 -0.250069 -0.045741
-0.065388 -0.278061 -0.056017
-0.061382 -0.250254 -0.045248
-0.057242 -0.248903 -0.044429
-0.053518 -0.262707 -0.049115
-0.050912 -0.210812 -0.031761
-0.050770 -0.220686 -0.034698
-0.047318 -0.179143 -0.023048
-0.043370 -0.309925 -0.067783
-0.037155 -0.255833 -0.045554
-0.038050 -0.185314 -0.024043
-0.035012 -0.243943 -0.041278
-0.028036 -0.291966 -0.059192
0.015205 -0.172113 -0.020001
0.018306 -0.170363 -0.019665
0.070692 -0.167439 -0.022163
0.046454 -0.163377 -0.019320
0.085029 -0.162654 -0.022608
0.019554 -0.159776 -0.017328
0.136300 -0.152693 -0.028222
0.143455 -0.146275 -0.028279
0.054811 -0.144592 -0.015977
0.060859 -0.141804 -0.015910
0.003322 -0.136991 -0.012518
0.119605 -0.130891 -0.021078
0.018966 -0.110745 -0.008392
0.138901 -0.106289 -0.020502
0.074439 -0.105979 -0.011171
0.098573 -0.095467 -0.012553
0.009152 -0.094723 -0.006011
0.122702 -0.084835 -0.014857
0.009141 -0.084811 -0.004826
-0.008052 -0.072781 -0.003553
0.080562 -0.054212 -0.006260
0.104745 -0.043525 -0.008554
0.099795 -0.026648 -0.007087
0.190500 -0.175921 -0.045841
0.256835 -0.138357 -0.058529
0.230056 -0.138683 -0.049312
0.293890 -0.128686 -0.071421
0.195594 -0.116725 -0.035115
0.219063 -0.114349 -0.041509
0.282746 -0.108891 -0.063344
0.233750 -0.109194 -0.045365
0.254558 -0.091111 -0.049979
0.208523 -0.088766 -0.034754
0.198096 -0.064391 -0.029250
0.229649 -0.061443 -0.038333
0.288368 -0.057261 -0.059482
0.163600 -0.048646 -0.019511
0.242807 -0.035408 -0.040911
0.250345 -0.032950 -0.043396
0.255307 -0.032710 -0.045147
0.300705 -0.022852 -0.062726
0.454717 0.163172 -0.174408
0.348903 0.247944 -0.132776
0.384369 0.218054 -0.142538
0.364084 0.158208 -0.112558
-0.247830 0.352879 -0.134972
-0.249837 0.343549 -0.130563
-0.182172 0.400417 -0.141100
-0.170492 0.433166 -0.160237
-0.160564 0.410319 -0.141606
-0.369175 -0.259151 -0.149223
-0.364936 -0.249233 -0.142544
-0.378393 -0.202296 -0.133495
-0.403375 -0.175976 -0.141229
-0.428983 -0.170222 -0.157143
-0.386234 -0.157217 -0.125350
0.185234 -0.454013 -0.180494
0.255881 -0.350914 -0.137127
0.254219 -0.340407 -0.130611
0.217246 -0.388565 -0.144898
0.217300 -0.377693 -0.138141
0.204192 -0.362780 -0.124883
0.201081 -0.351190 -0.117377
0.190442 -0.358709 -0.118295
0.170555 -0.388058 -0.129951
0.377045 0.095202 -0.107636
0.363039 0.077436 -0.097363
0.380529 0.055894 -0.105098
0.454679 0.028193 -0.152592
0.416194 0.016961 -0.125042
0.374964 0.006210 -0.099524
0.396396 -0.003332 -0.112212
-0.025392 0.475117 -0.168413
-0.088295 0.384610 -0.111110
-0.076245 0.362004 -0.096656
-0.056937 0.360491 -0.093884
-0.052318 0.381207 -0.105197
-0.045922 0.421116 -0.129767
-0.037692 0.368736 -0.097055
-0.033891 0.384546 -0.105941
-0.013858 0.408260 -0.119807
-0.005564 0.456076 -0.153013
-0.000935 0.365445 -0.094152
0.003477 0.376868 -0.100595
-0.364812 -0.108047 -0.102672
-0.393209 -0.055438 -0.112635
-0.358747 -0.042623 -0.091865
-0.391463 -0.040123 -0.110438
-0.404493 -0.020280 -0.117578
-0.383013 0.004397 -0.104171
0.019688 -0.477123 -0.169821
0.016206 -0.467840 -0.162284
0.016236 -0.466583 -0.161298
0.127666 -0.413523 -0.136065
0.103711 -0.375474 -0.108030
0.102074 -0.364731 -0.101668
0.079606 -0.364594 -0.098482
0.065475 -0.369429 -0.099622
0.062489 -0.360315 -0.094289
0.055174 -0.358467 -0.092637
0.050835 -0.368770 -0.097957
0.046558 -0.359662 -0.092624
0.040142 -0.364682 -0.094948
0.026369 -0.370369 -0.097420
0.023981 -0.412071 -0.122570
0.020639 -0.361776 -0.092460
0.015315 -0.384473 -0.105196
0.011285 -0.407222 -0.119092
0.008367 -0.407557 -0.119261
0.008538 -0.396822 -0.112522
0.007598 -0.418421 -0.126334
0.006676 -0.428880 -0.133396
0.003775 -0.359602 -0.090971
0.303954 0.419099 -0.204974
-0.476554 0.285397 -0.243038
-0.376947 0.317169 -0.182447
-0.309306 0.359337 -0.167065
-0.310851 0.366257 -0.172160
-0.281221 0.416960 -0.191454
-0.363269 -0.307157 -0.168353
0.046357 0.468086 -0.164068
0.126288 0.444823 -0.157822
-0.428166 0.214454 -0.170915
0.291015 0.359162 -0.157715
0.270702 0.351473 -0.143782
0.214013 0.357313 -0.125018
0.221592 0.331795 -0.113805
0.202376 0.331242 -0.107213
0.292725 0.312977 -0.133123
0.286254 0.314168 -0.130722
0.288466 0.312286 -0.130795
0.208128 0.308058 -0.097685
0.153769 0.418987 -0.145730
0.090791 0.411343 -0.128172
0.072346 0.406367 -0.122562
0.025144 0.393707 -0.111045
0.048705 0.384832 -0.107052
0.148656 0.370302 -0.113829
0.142370 0.348136 -0.100158
0.054974 0.352550 -0.089459
0.073823 0.350539 -0.090219
0.038894 0.351404 -0.087724
0.024734 0.346970 -0.084742
0.050383 0.338791 -0.082006
0.033764 0.338294 -0.080720
0.137735 0.326492 -0.088151
-0.328975 0.211591 -0.109001
-0.315806 0.266644 -0.122929
-0.301092 0.301288 -0.131351
-0.398866 0.055246 -0.116109
-0.391580 0.153034 -0.127622
-0.398482 0.032502 -0.114313
-0.395999 0.065512 -0.115298
-0.390204 0.116913 -0.119069
-0.364296 0.041841 -0.094841
-0.349331 0.032832 -0.086315
-0.345868 0.033720 -0.084564
-0.340766 0.042213 -0.082440
-0.318094 0.119712 -0.080670
-0.317868 0.063862 -0.073019
-0.214316 -0.400227 -0.151421
-0.260619 -0.348802 -0.137910
-0.215670 -0.348233 -0.120524
-0.214471 -0.336298 -0.113730
-0.241146 -0.331332 -0.120644
-0.135152 -0.373517 -0.112708
-0.025087 -0.351880 -0.087314
-0.150095 -0.338335 -0.096761
-0.078867 -0.343327 -0.087048
-0.029421 -0.344762 -0.083794
-0.120572 -0.336032 -0.089565
-0.060677 -0.338991 -0.082955
-0.158157 -0.320175 -0.089618
0.314946 -0.234762 -0.110013
0.311542 -0.206206 -0.098720
0.417219 -0.051997 -0.127638
0.406385 -0.028903 -0.119113
0.385747 -0.046483 -0.107432
0.353318 -0.149805 -0.104598
0.347634 -0.053503 -0.086764
0.345544 -0.076723 -0.087941
0.345808 -0.031037 -0.084404
0.346145 -0.028261 -0.084455
0.345242 -0.041724 -0.084692
0.340789 -0.085264 -0.086536
0.342600 -0.027117 -0.082593
0.331379 -0.168330 -0.097632
0.327995 -0.120092 -0.085489
0.328216 -0.093465 -0.081371
FRAME 116 554
0.319271 0.109760 -0.079536
0.315380 0.141259 -0.083565
0.312833 0.000840 -0.067733
0.295154 0.132544 -0.072702
0.283479 0.099524 -0.062236
0.273981 0.098621 -0.058304
0.269332 0.057366 -0.051914
0.267519 0.063064 -0.051710
0.264671 0.125902 -0.059100
0.264229 0.059008 -0.050119
0.257188 0.102072 -0.052435
0.256090 0.099818 -0.051712
0.256557 0.103731 -0.052447
0.252417 0.034994 -0.044225
0.252236 0.040875 -0.044474
0.252604 -0.006182 -0.043458
0.251735 0.011573 -0.043218
0.250131 0.061012 -0.045173
0.247280 0.080241 -0.046086
0.238558 0.095127 -0.044941
0.236789 0.125847 -0.049134
0.224442 0.121554 -0.044373
0.223072 0.083744 -0.038515
0.209756 0.125709 -0.040626
0.209339 0.025110 -0.029983
0.209043 0.028903 -0.030039
0.208131 0.046391 -0.030683
0.312774 0.252745 -0.115766
0.299854 0.212561 -0.095319
0.292401 0.239281 -0.101138
0.262310 0.220139 -0.081968
0.252617 0.282394 -0.101755
0.257355 0.153861 -0.061976
0.239416 0.277984 -0.094941
0.240240 0.159341 -0.057097
0.229339 0.230588 -0.073494
0.223147 0.276668 -0.088729
0.226234 0.223244 -0.070027
0.223057 0.252907 -0.079340
0.227540 0.155719 -0.052050
0.206521 0.233966 -0.067388
0.195981 0.293578 -0.087425
0.206762 0.170198 -0.049001
-0.029551 0.330478 -0.076667
-0.096356 0.328100 -0.081721
-0.060434 0.322446 -0.074855
-0.090892 0.319797 -0.076992
-0.007493 0.313709 -0.068172
-0.015406 0.313012 -0.067986
-0.058782 0.312099 -0.069911
-0.024699 0.306133 -0.065168
-0.069384 0.297579 -0.064474
-0.040656 0.285483 -0.057131
-0.001168 0.283805 -0.055270
-0.080615 0.277561 -0.057407
-0.119987 0.273972 -0.061654
-0.077546 0.272158 -0.054939
0.006518 0.271393 -0.050401
-0.136607 0.264168 -0.060927
-0.092676 0.265879 -0.054367
-0.096570 0.264637 -0.054423
-0.086313 0.246745 -0.046612
-0.030680 0.247105 -0.042166
-0.002105 0.246238 -0.041211
-0.091609 0.239270 -0.044719
-0.008097 0.239480 -0.038962
-0.095541 0.237887 -0.044772
-0.119832 0.229377 -0.045655
-0.129815 0.220485 -0.044594
-0.121283 0.218664 -0.042530
-0.141693 0.217609 -0.045977
-0.023652 0.216660 -0.032084
-0.120738 0.214187 -0.041082
-0.108436 0.212506 -0.038614
-0.098641 0.206641 -0.035495
-0.041550 0.206033 -0.029792
-0.150985 0.305165 -0.080971
-0.241482 0.289657 -0.100727
-0.276019 0.272738 -0.107132
-0.280561 0.267363 -0.106844
-0.150660 0.279613 -0.069926
-0.284522 0.263423 -0.106957
-0.221769 0.264173 -0.083231
-0.257520 0.246688 -0.089352
-0.290158 0.230657 -0.097061
-0.225413 0.234106 -0.073384
-0.171496 0.235727 -0.058438
-0.228785 0.231017 -0.073454
-0.174929 0.233472 -0.058531
-0.235891 0.221976 -0.072873
-0.160060 0.218419 -0.050138
-0.247134 0.202118 -0.070688
-0.207536 0.202038 -0.057658
-0.170907 0.203039 -0.048094
-0.330181 -0.137570 -0.089933
-0.329936 -0.067169 -0.079084
-0.322472 -0.124499 -0.083617
-0.326353 -0.014900 -0.074199
-0.322559 0.004677 -0.072250
-0.321956 -0.039950 -0.073117
-0.321636 -0.013230 -0.071927
-0.318328 -0.111974 -0.079454
-0.320432 -0.025447 -0.071708
-0.315902 0.006184 -0.069162
-0.310799 -0.000925 -0.066812
-0.302827 -0.060286 -0.065900
-0.291070 -0.079345 -0.062778
-0.283477 -0.080877 -0.059816
-0.278487 -0.002286 -0.053143
-0.277300 -0.020175 -0.052959
-0.271186 -0.117153 -0.060079
-0.266610 -0.073542 -0.052382
-0.263100 -0.138242 -0.060845
-0.262798 -0.104432 -0.054858
-0.257111 -0.121381 -0.055478
-0.251810 -0.132848 -0.055634
-0.255219 -0.054890 -0.046483
-0.252553 -0.076013 -0.047478
-0.252110 -0.040943 -0.044433
-0.243417 -0.121422 -0.050612
-0.242740 -0.051292 -0.041852
-0.239362 -0.030810 -0.039539
-0.238907 -0.045318 -0.040158
-0.214251 -0.059609 -0.033435
-0.210669 -0.147810 -0.045131
-0.213572 0.000173 -0.030781
-0.211932 -0.035765 -0.031182
-0.211889 -0.053151 -0.032237
-0.299248 -0.282295 -0.121673
-0.306803 -0.213587 -0.098848
-0.293663 -0.274734 -0.115773
-0.282851 -0.238878 -0.096812
-0.285954 -0.156111 -0.073768
-0.270128 -0.204615 -0.080168
-0.256220 -0.170970 -0.065568
-0.237173 -0.196782 -0.065636
-0.234926 -0.167584 -0.057218
-0.233381 -0.168046 -0.056812
-0.229831 -0.180644 -0.058779
-0.229172 -0.170103 -0.055918
-0.214239 -0.290950 -0.091890
-0.217792 -0.207261 -0.062326
-0.209801 -0.195693 -0.056530
-0.209114 -0.184554 -0.053305
-0.206101 -0.164533 -0.047469
0.125086 -0.332146 -0.088450
0.047676 -0.334304 -0.079574
0.144110 -0.308614 -0.081037
0.005093 -0.307933 -0.065546
0.114016 -0.302884 -0.072741
0.118378 -0.302072 -0.073124
0.062160 -0.304614 -0.066853
0.092758 -0.301339 -0.068854
0.118368 -0.299227 -0.071871
0.033101 -0.294727 -0.060577
0.037407 -0.291035 -0.059242
0.103235 -0.280638 -0.061624
0.139884 -0.274845 -0.065733
0.143543 -0.272998 -0.065751
0.097613 -0.271339 -0.057131
0.100618 -0.270426 -0.057203
0.131468 -0.268811 -0.061716
0.012607 -0.270300 -0.050064
0.032646 -0.269507 -0.050403
0.037949 -0.269122 -0.050522
0.087258 -0.267548 -0.054307
0.064248 -0.267837 -0.051938
0.091868 -0.266058 -0.054328
0.127503 -0.263148 -0.058814
-0.007612 -0.265080 -0.048017
0.115441 -0.261839 -0.056226
0.079344 -0.260490 -0.050722
0.040397 -0.254238 -0.045159
0.091982 -0.248872 -0.048068
0.025554 -0.247596 -0.042134
0.085780 -0.243133 -0.045302
0.010710 -0.243495 -0.040349
0.015541 -0.216251 -0.031742
0.021350 -0.214267 -0.031301
0.178501 -0.317637 -0.093552
0.196533 -0.278203 -0.081045
0.270098 -0.261578 -0.100088
0.273390 -0.258024 -0.100044
0.175880 -0.243476 -0.062199
0.253883 -0.233147 -0.083116
0.221584 -0.232166 -0.071472
0.265096 -0.226241 -0.085085
0.195378 -0.224520 -0.061024
0.217148 -0.208929 -0.062625
0.208081 -0.206232 -0.059047
0.221122 -0.204929 -0.062687
0.179389 -0.206316 -0.051145
0.177753 0.116714 -0.030510
0.156946 0.134969 -0.028879
0.139427 0.086771 -0.018045
0.135839 0.009466 -0.012359
0.130101 0.021462 -0.011583
0.129027 0.068779 -0.014268
0.125746 0.105610 -0.018042
0.112510 0.151890 -0.024002
0.113588 0.055176 -0.010617
0.108871 0.120760 -0.017684
0.100461 0.120410 -0.016436
0.100249 0.080687 -0.011029
0.098298 0.122220 -0.016442
0.089263 0.067072 -0.008287
0.086441 0.008253 -0.005001
0.077073 0.039832 -0.004993
0.067744 0.029983 -0.003637
0.067082 0.034011 -0.003749
0.062958 0.073019 -0.006170
0.056390 0.065175 -0.004927
0.050161 0.056230 -0.003763
0.048134 0.059036 -0.003846
0.044668 0.051389 -0.003071
0.024117 0.054888 -0.002380
0.174851 0.203523 -0.049196
0.170465 0.261697 -0.067499
0.168704 0.240333 -0.059328
0.156476 0.301220 -0.080451
0.160284 0.214726 -0.049057
0.153708 0.302109 -0.080212
0.157154 0.243978 -0.057896
0.151832 0.294280 -0.076347
0.158262 0.190865 -0.041798
0.153840 0.246406 -0.058011
0.150912 0.211693 -0.046087
0.147736 0.220322 -0.048047
0.139507 0.282960 -0.068941
0.143444 0.223433 -0.048139
0.141111 0.239833 -0.053052
0.128306 0.270971 -0.061964
0.124714 0.293684 -0.070598
0.129529 0.175135 -0.032049
0.121776 0.239430 -0.049310
0.112717 0.239567 -0.047856
0.094340 0.303417 -0.069985
0.095966 0.209635 -0.035999
0.091296 0.289873 -0.063747
0.092168 0.211259 -0.035977
0.087858 0.305132 -0.069885
0.090087 0.238287 -0.044195
0.086194 0.291379 -0.063726
0.087436 0.177623 -0.026372
0.079065 0.304840 -0.068687
0.073889 0.233155 -0.040640
0.068387 0.182917 -0.025647
0.055216 0.264164 -0.049788
0.054200 0.245534 -0.043022
0.047302 0.281039 -0.055750
0.038159 0.288751 -0.058334
0.036577 0.285819 -0.057043
-0.077638 0.177335 -0.025195
-0.147863 0.165140 -0.033213
-0.067779 0.165696 -0.021493
-0.141738 0.162086 -0.031297
-0.153565 0.149016 -0.030902
-0.112793 0.148658 -0.023382
-0.115720 0.146512 -0.023406
-0.005986 0.132264 -0.011679
-0.012748 0.127351 -0.010908
-0.032754 0.115207 -0.009544
-0.140049 0.109326 -0.021165
-0.115925 0.106297 -0.016535
-0.049464 0.102115 -0.008560
-0.108674 0.094139 -0.013792
-0.009312 0.088527 -0.005257
-0.132392 0.083976 -0.016428
-0.129522 0.075829 -0.015042
-0.066300 0.051488 -0.004673
-0.126493 0.043570 -0.011927
-0.081972 0.041732 -0.005614
-0.111285 0.037540 -0.009175
-0.098780 0.036714 -0.007378
-0.002012 0.036136 -0.000866
0.010873 0.033953 -0.000841
-0.001640 0.025812 -0.000442
-0.197555 0.168537 -0.045978
-0.227097 0.162172 -0.053365
-0.161886 0.160422 -0.035157
-0.303153 0.126734 -0.075104
-0.170511 0.125818 -0.030293
-0.194878 0.123888 -0.036116
-0.223846 0.122270 -0.044308
-0.276018 0.119185 -0.062326
-0.294432 0.114407 -0.069124
-0.163235 0.113003 -0.026523
-0.271636 0.101787 -0.057842
-0.206950 0.099434 -0.035693
-0.242966 0.094796 -0.046391
-0.215778 0.075021 -0.035327
-0.277808 0.066429 -0.056014
-0.189804 0.064830 -0.027080
-0.262518 0.060346 -0.049594
-0.290109 0.059434 -0.060387
-0.233242 0.052196 -0.038760
-0.217469 0.051264 -0.033756
-0.243201 0.044877 -0.041577
-0.243377 0.041133 -0.041411
-0.162826 0.036395 -0.018633
-0.249483 0.028847 -0.042916
-0.237686 0.025463 -0.038771
-0.243087 0.022677 -0.040489
-0.184659 -0.046333 -0.024354
-0.178649 -0.137123 -0.034308
-0.172917 -0.094140 -0.026076
-0.169721 -0.133457 -0.031473
-0.158688 -0.033389 -0.017589
-0.156120 -0.114378 -0.025182
-0.154152 -0.116949 -0.025171
-0.153964 -0.118944 -0.025453
-0.143384 0.001710 -0.013718
-0.138418 -0.038053 -0.013749
-0.135008 -0.135303 -0.024551
-0.128332 -0.149600 -0.026135
-0.125631 -0.151335 -0.026023
-0.105415 -0.020999 -0.007677
-0.103634 -0.076038 -0.011003
-0.099791 -0.004015 -0.006623
-0.094288 -0.129564 -0.017170
-0.081086 -0.153280 -0.020148
-0.080087 0.004573 -0.004266
-0.079021 -0.013138 -0.004254
-0.076994 0.007528 -0.003967
-0.075797 -0.110862 -0.012019
-0.070564 -0.042119 -0.004478
-0.064384 0.002257 -0.002749
-0.064553 -0.101700 -0.009654
-0.051550 -0.067825 -0.004813
-0.049863 -0.065604 -0.004502
-0.046937 -0.128492 -0.012474
-0.038981 -0.109338 -0.008961
-0.037919 0.007073 -0.000984
-0.037106 -0.010170 -0.000979
-0.036415 -0.028468 -0.001414
-0.035181 -0.145306 -0.014924
-0.174822 -0.255894 -0.066412
-0.174482 -0.160943 -0.038217
-0.171665 -0.179539 -0.041956
-0.169648 -0.190351 -0.044277
-0.167885 -0.187621 -0.043136
-0.151824 -0.294959 -0.076639
-0.152124 -0.245204 -0.057212
-0.151650 -0.248894 -0.058414
-0.152867 -0.196048 -0.042026
-0.152036 -0.162154 -0.033402
-0.145298 -0.256669 -0.059880
-0.148865 -0.192340 -0.040175
-0.144117 -0.170444 -0.033687
-0.140576 -0.213189 -0.044416
-0.134746 -0.250276 -0.055446
-0.131310 -0.203454 -0.039813
-0.125811 -0.248118 -0.053022
-0.124335 -0.277299 -0.063742
-0.121422 -0.275844 -0.062645
-0.120867 -0.227697 -0.045290
-0.113728 -0.239336 -0.047939
-0.105316 -0.298968 -0.069629
-0.107856 -0.230784 -0.044193
-0.098167 -0.301963 -0.069880
-0.099757 -0.204754 -0.035111
-0.092074 -0.303827 -0.069858
-0.086433 -0.238153 -0.043697
-0.085287 -0.265266 -0.053199
-0.076520 -0.277126 -0.056774
-0.074892 -0.225308 -0.038235
-0.069004 -0.245877 -0.044420
-0.068072 -0.273197 -0.054360
-0.066440 -0.293240 -0.062336
-0.064297 -0.236161 -0.040700
-0.062102 -0.251020 -0.045580
-0.057218 -0.248836 -0.044403
-0.044798 -0.281479 -0.055762
-0.043083 -0.281745 -0.055762
-0.040192 -0.282105 -0.055735
-0.037867 -0.252665 -0.044460
-0.027341 -0.181850 -0.022697
0.105252 -0.179654 -0.029226
0.014423 -0.177323 -0.021223
0.142034 -0.167584 -0.032607
0.138713 -0.165316 -0.031442
0.058585 -0.154030 -0.018172
0.061606 -0.136290 -0.014937
0.078295 -0.118980 -0.013533
-0.007001 -0.102291 -0.006982
0.110708 -0.093447 -0.014005
0.015630 -0.090706 -0.005622
0.095717 -0.087262 -0.011174
0.026316 -0.080668 -0.004775
0.073118 -0.063837 -0.006254
0.058905 -0.059941 -0.004684
0.107330 -0.047220 -0.009145
0.022402 -0.046052 -0.001736
0.118609 -0.041727 -0.010525
0.000126 -0.040568 -0.001089
0.054916 -0.033641 -0.002747
0.009485 -0.031170 -0.000702
0.010918 -0.027189 -0.000568
0.019388 -0.026158 -0.000701
0.191027 -0.173867 -0.045477
0.194161 -0.163436 -0.043853
0.169623 -0.164639 -0.037890
0.267862 -0.153020 -0.065775
0.260795 -0.136395 -0.059613
0.286088 -0.115665 -0.065818
0.183328 -0.117013 -0.031946
0.233720 -0.109179 -0.045353
0.250622 -0.108379 -0.051011
0.270168 -0.104815 -0.057720
0.242498 -0.104174 -0.047546
0.303086 -0.087783 -0.068969
0.172665 -0.093160 -0.025891
0.276901 -0.080647 -0.057149
0.257538 -0.072168 -0.048871
0.206470 -0.074340 -0.032536
0.226593 -0.070180 -0.038163
0.249511 -0.066246 -0.045423
0.263195 -0.055057 -0.049414
0.232639 -0.053344 -0.038649
0.268685 -0.038716 -0.050396
0.293406 -0.036857 -0.060207
0.238238 -0.036523 -0.039433
0.302260 -0.034714 -0.063895
0.255323 -0.032693 -0.045152
0.268126 -0.032462 -0.049869
0.283394 -0.029709 -0.055732
0.364548 0.267753 -0.150161
-0.217010 0.365443 -0.130721
-0.207929 0.386395 -0.140301
-0.179176 0.352000 -0.111332
-0.164250 0.438523 -0.162405
-0.174901 0.370156 -0.120387
-0.159688 0.386169 -0.125931
-0.156365 0.364912 -0.112576
-0.381330 -0.187008 -0.130515
0.173012 -0.421711 -0.152795
0.167222 -0.400549 -0.136955
0.163334 -0.407786 -0.140651
0.363220 0.049154 -0.094752
-0.124220 0.419791 -0.139586
-0.122386 0.420192 -0.139492
-0.116567 0.356474 -0.099544
-0.102156 0.408482 -0.128050
-0.084306 0.442840 -0.149030
-0.089052 0.382248 -0.109812
-0.072823 0.373574 -0.102748
-0.063787 0.363210 -0.095997
-0.049359 0.448922 -0.149650
-0.046925 0.377432 -0.102592
-0.031626 0.414892 -0.124750
-0.014286 0.360238 -0.091458
-0.010392 0.379368 -0.102112
0.005615 0.386196 -0.106060
-0.373041 -0.132461 -0.111873
-0.380149 -0.110367 -0.111865
-0.366342 -0.095847 -0.101626
-0.372136 -0.067564 -0.101364
-0.360528 -0.053534 -0.093620
-0.381123 -0.042243 -0.104417
-0.393525 -0.021238 -0.110794
-0.369077 0.000190 -0.096169
0.108063 -0.408710 -0.129188
0.088683 -0.454311 -0.158196
0.088876 -0.430419 -0.140806
0.088822 -0.375961 -0.106104
0.077505 -0.373324 -0.103144
0.078075 -0.358381 -0.094894
0.067045 -0.376367 -0.103733
0.066537 -0.364037 -0.096724
0.048644 -0.376248 -0.102035
0.041602 -0.432351 -0.137161
0.040891 -0.377657 -0.102317
0.036288 -0.376875 -0.101595
0.034149 -0.405462 -0.118785
0.032236 -0.384153 -0.105625
0.030565 -0.393087 -0.110901
0.024608 -0.359893 -0.091573
0.015855 -0.378909 -0.101955
0.009308 -0.379038 -0.101904
0.006623 -0.397755 -0.113075
0.184474 0.454208 -0.180404
-0.454256 0.170347 -0.176106
-0.446582 0.026283 -0.146493
-0.170022 -0.480578 -0.197614
-0.037447 -0.472832 -0.167216
0.188136 0.400630 -0.143037
0.237143 0.362766 -0.136497
0.243731 0.358390 -0.136507
0.186724 0.358728 -0.117207
0.270468 0.341415 -0.138017
0.254472 0.337231 -0.128996
0.246248 0.322817 -0.118223
0.178418 0.311909 -0.090815
0.102153 0.397625 -0.121123
0.043940 0.389033 -0.109219
0.058220 0.387245 -0.109274
0.106441 0.365039 -0.102536
0.025399 0.366608 -0.095283
0.112823 0.362977 -0.102458
0.114735 0.347139 -0.094242
0.026371 0.348199 -0.085441
0.090750 0.344213 -0.089013
0.139241 0.339104 -0.094778
0.087025 0.336604 -0.084649
0.047517 0.329993 -0.077450
0.048889 0.327234 -0.076213
-0.367950 0.255514 -0.146942
-0.328224 0.215534 -0.109921
-0.309555 0.226620 -0.104525
-0.306380 0.231211 -0.104637
-0.416940 0.024742 -0.125792
-0.347453 0.143323 -0.100003
-0.343420 0.055565 -0.084760
-0.337780 0.071761 -0.083436
-0.331842 0.143130 -0.091932
-0.333976 0.097672 -0.084801
-0.332042 0.088604 -0.082588
-0.328534 0.099345 -0.082366
-0.194696 -0.384562 -0.134853
-0.231909 -0.361636 -0.133862
-0.296979 -0.346313 -0.153090
-0.177656 -0.350557 -0.110127
-0.235406 -0.341733 -0.124007
-0.202125 -0.333730 -0.108410
-0.227941 -0.328885 -0.114530
-0.174650 -0.333449 -0.100328
-0.184257 -0.322403 -0.097440
-0.179021 -0.312724 -0.091359
-0.140263 -0.417217 -0.141281
-0.119472 -0.404565 -0.128570
-0.044658 -0.387719 -0.108480
-0.146858 -0.378697 -0.118325
-0.142735 -0.361697 -0.107614
-0.114637 -0.363793 -0.103227
-0.071202 -0.364683 -0.097569
-0.125997 -0.340369 -0.092776
-0.146978 -0.333098 -0.093402
-0.151487 -0.331082 -0.093407
-0.055613 -0.334877 -0.080463
0.372244 -0.212956 -0.133343
0.351301 -0.281749 -0.148684
0.347696 -0.286110 -0.148649
0.324097 -0.228452 -0.112280
0.321148 -0.232563 -0.112274
0.314018 -0.222292 -0.105170
0.384460 -0.028467 -0.105631
0.368840 -0.068904 -0.099641
0.329688 -0.035856 -0.076586
0.326954 -0.067491 -0.077672
0.323954 -0.056060 -0.075197
0.322913 -0.068483 -0.075838
0.322963 -0.048210 -0.074126
0.321833 -0.057347 -0.074299
0.317841 -0.106173 -0.078292
FRAME 117 470
0.333184 0.116495 -0.087414
0.324218 0.086699 -0.078542
0.312436 0.018754 -0.067807
0.309905 0.060974 -0.069109
0.307791 0.087401 -0.071014
0.301966 0.101716 -0.070399
0.288391 0.007301 -0.057181
0.286553 0.079640 -0.060933
0.281992 0.132707 -0.067199
0.280946 0.010214 -0.054192
0.277883 -0.005204 -0.052919
0.267009 0.144598 -0.063633
0.260354 0.054110 -0.048290
0.256258 0.123184 -0.055481
0.257800 0.061102 -0.047925
0.254769 0.008898 -0.044258
0.253212 0.020688 -0.043948
0.252424 0.034986 -0.044227
0.252236 0.040875 -0.044474
0.251194 0.030103 -0.043569
0.239194 0.137015 -0.052025
0.238557 0.095135 -0.044942
0.237927 0.068840 -0.041708
0.235353 0.070581 -0.041026
0.234050 0.042806 -0.038401
0.227022 0.149191 -0.050472
0.224442 0.121562 -0.044374
0.225791 0.037718 -0.035477
0.216761 0.123165 -0.042273
0.217469 0.100380 -0.038929
0.207357 0.097248 -0.035511
0.278028 0.271571 -0.107501
0.274250 0.233692 -0.091345
0.279678 0.181639 -0.077494
0.267304 0.196311 -0.076593
0.260046 0.166381 -0.065877
0.239887 0.266741 -0.090497
0.239683 0.201849 -0.067969
0.235156 0.169281 -0.057704
0.220049 0.221867 -0.067574
0.207662 0.258267 -0.076473
0.202816 0.243968 -0.069761
-0.115984 0.334215 -0.087840
-0.052518 0.335581 -0.080565
-0.102174 0.333241 -0.085106
-0.061254 0.319601 -0.073590
-0.122998 0.310349 -0.077665
-0.081186 0.311351 -0.071859
-0.095314 0.303678 -0.070235
-0.014115 0.291998 -0.058784
-0.065225 0.280978 -0.057167
-0.129923 0.277115 -0.064695
-0.092867 0.262303 -0.053048
-0.005430 0.252416 -0.043386
-0.018156 0.247162 -0.041757
-0.076111 0.236856 -0.042089
-0.124560 0.232565 -0.047506
-0.119867 0.229337 -0.045648
-0.015057 0.226486 -0.034866
-0.111376 0.224878 -0.042847
-0.110961 0.222341 -0.041987
-0.141693 0.217609 -0.045977
-0.027355 0.218184 -0.032672
-0.074813 0.215676 -0.035275
-0.049242 0.214177 -0.032633
-0.097496 0.211783 -0.036833
-0.085198 0.208690 -0.034372
-0.162474 0.309467 -0.085611
-0.274093 0.296594 -0.116850
-0.179894 0.307068 -0.088963
-0.276904 0.279109 -0.110225
-0.159909 0.284819 -0.074172
-0.283307 0.267458 -0.108076
-0.266634 0.253661 -0.095578
-0.162486 0.252479 -0.062151
-0.220013 0.230381 -0.070363
-0.181514 0.229274 -0.058821
-0.249605 0.223286 -0.078191
-0.240038 0.216821 -0.072662
-0.209793 0.206917 -0.059764
-0.157599 0.209294 -0.046829
-0.174541 0.208875 -0.050682
-0.207543 0.202045 -0.057662
-0.322065 -0.063461 -0.074950
-0.310385 -0.096421 -0.073398
-0.311236 -0.059744 -0.069602
-0.308225 -0.107689 -0.074104
-0.299675 -0.124122 -0.073088
-0.290534 -0.086912 -0.063460
-0.277502 -0.105431 -0.060694
-0.271990 -0.037581 -0.051602
-0.267874 -0.092942 -0.055161
-0.266494 -0.045425 -0.049966
-0.262021 -0.063540 -0.049690
-0.259100 -0.119369 -0.055865
-0.252354 -0.041048 -0.044526
-0.245480 -0.048577 -0.042598
-0.241284 -0.141326 -0.053591
-0.241253 -0.086174 -0.044709
-0.241078 -0.058216 -0.041819
-0.229422 -0.029646 -0.036247
-0.225825 -0.115386 -0.043784
-0.218860 0.007440 -0.032397
-0.212739 -0.145277 -0.045226
-0.210699 -0.147832 -0.045145
-0.213878 -0.081197 -0.035430
-0.302377 -0.225587 -0.100808
-0.291361 -0.193400 -0.085706
-0.275658 -0.288014 -0.113609
-0.287846 -0.152323 -0.073707
-0.269457 -0.226261 -0.086831
-0.265170 -0.238805 -0.089481
-0.254551 -0.189847 -0.069894
-0.227960 -0.235320 -0.074648
-0.219863 -0.294996 -0.095522
-0.233374 -0.168046 -0.056809
-0.224396 -0.199063 -0.062030
-0.219140 -0.175678 -0.054086
-0.214683 -0.203788 -0.060332
0.039809 -0.327465 -0.075732
0.015638 -0.318132 -0.070342
0.072463 -0.309028 -0.069830
0.134880 -0.292560 -0.072044
0.049512 -0.294249 -0.061349
0.067642 -0.289777 -0.060998
0.039742 -0.289416 -0.058697
0.032776 -0.288503 -0.057957
0.142764 -0.282263 -0.069323
0.009826 -0.273975 -0.051437
0.097630 -0.271316 -0.057125
0.100611 -0.270412 -0.057197
0.032638 -0.269500 -0.050400
0.092386 -0.262562 -0.053081
0.079344 -0.260483 -0.050720
0.128683 -0.256870 -0.056694
0.107759 -0.256632 -0.053080
0.040405 -0.254237 -0.045159
0.103179 -0.250865 -0.050318
0.115804 -0.245489 -0.050386
0.006772 -0.246239 -0.041240
0.085780 -0.243133 -0.045302
0.106744 -0.241680 -0.047648
-0.007100 -0.243407 -0.040274
0.028796 -0.241028 -0.040013
0.080273 -0.235989 -0.042258
0.135408 -0.232600 -0.049510
0.115130 -0.231719 -0.045637
0.141248 -0.229007 -0.049480
0.138902 -0.223336 -0.047204
0.068009 -0.223397 -0.036954
0.040610 -0.215319 -0.032436
0.145271 -0.210592 -0.044586
0.150291 -0.204377 -0.043816
0.178934 -0.323309 -0.096418
0.155274 -0.323917 -0.090749
0.252112 -0.298633 -0.108806
0.160065 -0.298493 -0.080081
0.219712 -0.286744 -0.091849
0.151906 -0.288163 -0.073748
0.278793 -0.262337 -0.104039
0.208410 -0.267679 -0.080354
0.170495 -0.265891 -0.069115
0.175357 -0.256301 -0.066699
0.212659 -0.239252 -0.071081
0.199855 -0.240082 -0.067526
0.225418 -0.237551 -0.074577
0.166324 -0.236167 -0.057335
0.284307 -0.218060 -0.090259
0.206838 -0.225917 -0.064801
0.271899 -0.215684 -0.084331
0.272635 -0.210174 -0.082885
0.200800 -0.208722 -0.057655
0.210266 -0.208604 -0.060410
0.171137 -0.204537 -0.048580
0.177133 0.100196 -0.027894
0.166766 0.153109 -0.034679
0.167821 0.072920 -0.022469
0.151851 0.067351 -0.018469
0.142546 0.141825 -0.027221
0.130645 0.115225 -0.020335
0.123031 0.062537 -0.012699
0.113743 0.120892 -0.018440
0.096809 0.126548 -0.016974
0.089041 0.037953 -0.006219
0.081113 0.078813 -0.008504
0.068359 0.026123 -0.003549
0.054306 0.030609 -0.002574
0.025821 0.110096 -0.008502
0.024746 0.080298 -0.004682
0.177036 0.174754 -0.042080
0.170607 0.216839 -0.052124
0.170803 0.198587 -0.046807
0.167268 0.204557 -0.047662
0.167187 0.178889 -0.040732
0.163617 0.220004 -0.051447
0.159548 0.254182 -0.062091
0.157155 0.243963 -0.057891
0.155781 0.220339 -0.049778
0.153824 0.246415 -0.058010
0.152806 0.220568 -0.049200
0.139135 0.256695 -0.058633
0.139208 0.163181 -0.031053
0.113607 0.177451 -0.029943
0.103235 0.274906 -0.059335
0.106017 0.168045 -0.026566
0.092056 0.237401 -0.044151
0.091882 0.235061 -0.043352
0.089293 0.225892 -0.040067
0.079134 0.286856 -0.061000
0.075330 0.272074 -0.054665
0.075315 0.180025 -0.025609
0.064978 0.273646 -0.054242
0.067106 0.183465 -0.025665
0.058140 0.240126 -0.041493
0.047582 0.275000 -0.053376
0.047551 0.177283 -0.022611
0.027219 0.285547 -0.056505
0.025362 0.186315 -0.023747
-0.106434 0.175291 -0.028334
-0.003332 0.170415 -0.019457
-0.037751 0.157841 -0.017618
-0.085769 0.155561 -0.021157
-0.006881 0.125133 -0.010455
-0.102420 0.120891 -0.016783
0.008122 0.121037 -0.009792
-0.009229 0.120489 -0.009716
0.000174 0.114916 -0.008781
-0.079229 0.108862 -0.012081
-0.094694 0.107421 -0.013680
-0.132663 0.096580 -0.018016
-0.123517 0.091586 -0.015796
-0.023410 0.090579 -0.005809
-0.015819 0.089436 -0.005473
-0.129902 0.080157 -0.015564
0.005920 0.077335 -0.003988
-0.085596 0.077184 -0.008834
-0.005692 0.068483 -0.003128
-0.032916 0.065638 -0.003573
-0.084718 0.054446 -0.006735
-0.003217 0.052954 -0.001863
-0.088471 0.052344 -0.007018
-0.145667 0.049593 -0.015819
-0.060353 0.049066 -0.004010
-0.097795 0.039398 -0.007385
-0.045890 0.032719 -0.002103
-0.056841 0.027528 -0.002642
-0.208003 0.172154 -0.049838
-0.227416 0.169682 -0.055244
-0.174173 0.156931 -0.037255
-0.191688 0.156167 -0.041557
-0.209379 0.154814 -0.046241
-0.157211 0.157314 -0.033440
-0.285748 0.123887 -0.067104
-0.190452 0.123927 -0.034940
-0.223861 0.122285 -0.044315
-0.293555 0.107765 -0.067676
-0.271630 0.101746 -0.057834
-0.203436 0.103342 -0.035242
-0.268806 0.099006 -0.056349
-0.288374 0.085188 -0.062345
-0.169046 0.088429 -0.024457
-0.243229 0.078156 -0.044456
-0.197731 0.079960 -0.030698
-0.274375 0.076405 -0.055678
-0.284400 0.075976 -0.059640
-0.286143 0.073360 -0.060074
-0.283208 0.070112 -0.058541
-0.250497 0.069046 -0.046036
-0.229728 0.067812 -0.038932
-0.305880 0.062544 -0.067449
-0.216146 0.057183 -0.033803
-0.205264 0.049964 -0.030104
-0.276261 0.045413 -0.053728
-0.275206 0.040095 -0.052990
-0.289175 0.034307 -0.058309
-0.300427 0.031074 -0.062925
-0.224530 0.022214 -0.034439
-0.174535 -0.137540 -0.033382
-0.161050 -0.066283 -0.020325
-0.143466 -0.028649 -0.014285
-0.139290 -0.018700 -0.013172
-0.137518 -0.124150 -0.023043
-0.112006 -0.064230 -0.011103
-0.110649 0.000158 -0.008138
-0.108325 -0.007386 -0.007834
-0.106051 -0.089991 -0.012899
-0.105489 -0.096680 -0.013660
-0.100023 -0.154734 -0.022786
-0.096371 -0.143141 -0.019949
-0.077855 -0.026811 -0.004496
-0.066178 -0.033266 -0.003636
-0.061624 -0.038821 -0.003515
-0.053161 -0.130083 -0.013170
-0.040145 -0.057000 -0.003220
-0.038046 -0.033366 -0.001695
-0.030019 -0.024387 -0.000990
-0.169650 -0.190320 -0.044269
-0.168250 -0.182933 -0.042005
-0.156837 -0.280059 -0.071494
-0.152124 -0.245204 -0.057212
-0.148518 -0.182475 -0.037527
-0.143854 -0.194677 -0.039783
-0.120867 -0.227697 -0.045290
-0.113543 -0.246326 -0.050310
-0.111070 -0.286709 -0.065321
-0.111469 -0.179352 -0.030079
-0.110849 -0.198831 -0.035073
-0.088740 -0.228261 -0.040750
-0.078713 -0.213605 -0.035074
-0.074510 -0.225173 -0.038153
-0.070148 -0.236795 -0.041459
-0.069020 -0.245892 -0.044427
-0.068872 -0.168900 -0.022325
-0.061373 -0.250255 -0.045247
-0.057227 -0.248836 -0.044404
-0.054442 -0.308006 -0.067708
-0.049781 -0.275080 -0.053560
-0.043082 -0.281752 -0.055765
-0.042996 -0.176706 -0.022191
-0.041079 -0.257360 -0.046322
-0.038779 -0.188352 -0.024856
-0.034419 -0.200004 -0.027737
-0.027629 -0.192990 -0.025560
0.036359 -0.156288 -0.017218
0.143656 -0.144255 -0.027916
0.058070 -0.141498 -0.015627
0.029504 -0.140814 -0.013810
0.005808 -0.133546 -0.011907
0.052723 -0.090737 -0.007316
0.138832 -0.088263 -0.018109
0.071261 -0.085243 -0.008206
0.043039 -0.084377 -0.005955
-0.009375 -0.044044 -0.001342
0.021986 -0.033952 -0.001082
0.051380 -0.029397 -0.002320
0.067612 -0.029349 -0.003600
0.038935 -0.028506 -0.001541
0.206750 -0.174695 -0.050094
0.275646 -0.157523 -0.069862
0.297014 -0.143957 -0.075822
0.233707 -0.146373 -0.052066
0.275748 -0.141902 -0.066505
0.188451 -0.145380 -0.038427
0.207390 -0.137312 -0.042070
0.281842 -0.130254 -0.066670
0.184428 -0.133631 -0.035107
0.209708 -0.122295 -0.040020
0.180263 -0.122032 -0.032005
0.231839 -0.113704 -0.045447
0.233734 -0.109203 -0.045362
0.292005 -0.106710 -0.066853
0.176027 -0.110552 -0.029125
0.245221 -0.107788 -0.049025
0.299617 -0.103836 -0.069686
0.292840 -0.100867 -0.066328
0.227735 -0.095662 -0.041474
0.198756 -0.080498 -0.031037
0.264155 -0.076935 -0.051819
0.250883 -0.071045 -0.046370
0.266110 -0.048494 -0.050025
0.233755 -0.042331 -0.038277
0.247364 -0.039709 -0.042701
0.255345 -0.032718 -0.045161
0.195984 -0.032572 -0.026561
0.208623 -0.032503 -0.030070
0.354932 0.257060 -0.139911
0.354306 0.200150 -0.118806
0.394460 0.172182 -0.134411
0.357250 0.166646 -0.110860
-0.244194 0.401229 -0.163530
-0.217823 0.357464 -0.126408
-0.175566 0.374482 -0.123109
-0.167032 0.361367 -0.113256
-0.155461 0.396028 -0.131012
-0.360548 -0.194788 -0.120647
-0.401159 -0.167033 -0.137299
0.190624 -0.370992 -0.125413
0.160210 -0.447250 -0.167834
0.153534 -0.415324 -0.143173
0.411885 0.041436 -0.123350
0.379750 0.030971 -0.102984
0.374887 0.024725 -0.099916
0.386207 0.023202 -0.106456
-0.127887 0.362678 -0.105070
-0.120160 0.409714 -0.132051
-0.118425 0.376862 -0.111364
-0.088028 0.360035 -0.097045
-0.084332 0.389935 -0.113782
-0.076627 0.410445 -0.125702
-0.036618 0.391663 -0.110351
-0.019749 0.407027 -0.119173
-0.004295 0.362074 -0.092316
-0.368428 -0.117452 -0.106333
-0.381843 -0.106056 -0.112142
-0.375091 -0.104421 -0.107922
-0.383189 -0.093581 -0.111009
-0.381342 -0.025132 -0.103661
-0.404156 -0.015241 -0.117225
-0.405249 -0.013475 -0.117878
0.085717 -0.368105 -0.101211
0.066467 -0.448416 -0.150910
0.061385 -0.389717 -0.111053
0.055656 -0.366606 -0.097139
0.041398 -0.387742 -0.108277
0.042639 -0.364095 -0.094781
0.042436 -0.359742 -0.092391
0.028431 -0.382624 -0.104547
0.341578 0.413053 -0.222723
0.367917 0.304118 -0.169664
-0.351222 -0.400657 -0.219542
-0.325028 -0.336870 -0.162274
-0.378225 -0.293876 -0.171001
-0.266976 0.463146 -0.221313
0.036972 0.445833 -0.146499
-0.060643 -0.454184 -0.154610
0.169280 0.386844 -0.128855
0.216279 0.373598 -0.135302
0.214716 0.360494 -0.127069
0.233428 0.344654 -0.124860
0.209052 0.322898 -0.105128
0.021802 0.424140 -0.130503
0.066866 0.417218 -0.129044
0.116913 0.357714 -0.100279
0.146381 0.343520 -0.098609
0.053927 0.340618 -0.083201
0.051013 0.323959 -0.074803
0.096915 0.320097 -0.077967
0.030550 0.322435 -0.072858
0.082698 0.320194 -0.076133
-0.339557 0.262429 -0.133545
-0.349979 0.184010 -0.111594
-0.300285 0.287621 -0.124561
-0.303444 0.234385 -0.104398
-0.404312 0.137547 -0.132118
-0.365224 0.091685 -0.100406
-0.363660 0.048368 -0.094936
-0.360460 0.087006 -0.097142
-0.358876 0.037152 -0.091606
-0.352810 0.137834 -0.101687
-0.349850 0.090878 -0.091968
-0.346361 0.039240 -0.085118
-0.342370 0.081940 -0.086928
-0.329860 0.128588 -0.087983
-0.319864 0.065371 -0.074094
-0.318325 0.063705 -0.073218
-0.227059 -0.365189 -0.134148
-0.197765 -0.353221 -0.117461
-0.179786 -0.324167 -0.097071
-0.239610 -0.307037 -0.107989
-0.047115 -0.382684 -0.105666
-0.057945 -0.367696 -0.097944
-0.046516 -0.348828 -0.086863
-0.071306 -0.338470 -0.083734
-0.127762 -0.333995 -0.089881
0.392056 -0.235416 -0.153919
0.329403 -0.214511 -0.110181
0.320563 -0.252660 -0.119595
0.311198 -0.298125 -0.134795
0.308028 -0.262140 -0.117244
0.410542 -0.071618 -0.125176
0.408073 -0.023292 -0.119963
0.392924 -0.089305 -0.116279
0.384163 -0.050694 -0.106808
0.379944 -0.085679 -0.108000
0.369845 -0.029384 -0.097253
0.363410 -0.120366 -0.104045
0.343969 -0.024726 -0.083199
0.328130 -0.159514 -0.093822
0.325311 -0.042393 -0.074856
0.313621 -0.143818 -0.083285
FRAME 118 318
0.318028 0.127686 -0.082100
0.296801 0.098826 -0.067727
0.283700 -0.006492 -0.055256
0.276823 0.084914 -0.057623
0.272711 0.091520 -0.056841
0.264897 0.110673 -0.056606
0.260868 0.026526 -0.046910
0.254530 0.011971 -0.044218
0.250435 0.122698 -0.053294
0.252431 0.035011 -0.044231
0.252236 0.040875 -0.044474
0.242055 0.018062 -0.040009
0.238550 0.095127 -0.044939
0.224441 0.121570 -0.044375
0.203108 0.142307 -0.041817
0.300667 0.254645 -0.110741
0.270615 0.235398 -0.090458
0.266006 0.269502 -0.101624
0.250516 0.201614 -0.071768
0.225301 0.294297 -0.097043
0.224504 0.250089 -0.078772
0.230244 0.182257 -0.059335
0.212457 0.197994 -0.057980
0.209747 0.190377 -0.055049
-0.111028 0.320144 -0.080156
0.005809 0.273686 -0.051281
-0.030366 0.267143 -0.049403
-0.076164 0.255370 -0.048504
-0.030266 0.237506 -0.038899
-0.119899 0.229343 -0.045655
-0.141693 0.217609 -0.045977
-0.024596 0.217034 -0.032227
-0.022035 0.216634 -0.032025
-0.052790 0.215474 -0.033269
-0.082718 0.207475 -0.033734
-0.136740 0.204274 -0.041063
-0.192414 0.317389 -0.097337
-0.252254 0.266799 -0.095106
-0.207534 0.202053 -0.057662
-0.273848 -0.043826 -0.052683
-0.256430 -0.008399 -0.044848
-0.252297 -0.027485 -0.043853
-0.252087 -0.040943 -0.044425
-0.248438 -0.089659 -0.047618
-0.233814 -0.118201 -0.046829
-0.214205 -0.085805 -0.036061
-0.210692 -0.147808 -0.045138
-0.213777 -0.017260 -0.031047
-0.330493 -0.155069 -0.093941
-0.319688 -0.172405 -0.092925
-0.308109 -0.186175 -0.091170
-0.305964 -0.153632 -0.081931
-0.293229 -0.255398 -0.107625
-0.256573 -0.168157 -0.065009
-0.247496 -0.226613 -0.078522
-0.238856 -0.273556 -0.092896
0.119945 -0.321621 -0.082383
-0.001894 -0.307593 -0.065378
-0.007161 -0.291880 -0.058629
0.025086 -0.274058 -0.051848
0.097622 -0.271310 -0.057121
0.100587 -0.270413 -0.057194
0.032630 -0.269500 -0.050400
0.059250 -0.268213 -0.051643
0.079344 -0.260483 -0.050720
0.040405 -0.254230 -0.045157
0.085779 -0.243164 -0.045312
0.004698 -0.232637 -0.036683
0.147206 -0.225115 -0.049445
0.149667 -0.223380 -0.049411
0.106398 -0.216259 -0.039431
0.028058 -0.211005 -0.030573
0.061600 -0.209466 -0.032201
0.164850 -0.320507 -0.091401
0.199092 -0.292483 -0.087864
0.186793 -0.289739 -0.083135
0.209741 -0.245921 -0.072544
0.212293 -0.243852 -0.072591
0.205066 -0.241944 -0.069713
0.174181 -0.212927 -0.051805
0.176592 0.137064 -0.033791
0.177432 0.106171 -0.028814
0.162628 0.115943 -0.026849
0.161969 0.093933 -0.023543
0.158374 0.144538 -0.031030
0.155149 0.039671 -0.017149
0.124094 0.131477 -0.021927
0.118694 0.109307 -0.017413
0.109147 0.096313 -0.014141
0.093805 0.054200 -0.007800
0.091352 -0.009084 -0.005592
0.081025 0.081079 -0.008737
0.080356 0.098643 -0.010779
0.074136 0.153088 -0.019376
0.070621 0.047192 -0.004785
0.070402 0.019019 -0.003524
0.059598 0.092457 -0.008042
0.051908 0.080161 -0.006054
0.043845 0.110716 -0.009434
0.039135 0.105999 -0.008488
0.035286 0.052883 -0.002677
0.170804 0.193670 -0.045450
0.159359 0.302308 -0.081611
0.157147 0.243971 -0.057892
0.153824 0.246407 -0.058008
0.153560 0.221748 -0.049732
0.125681 0.216000 -0.042480
0.103288 0.219693 -0.040020
0.099105 0.219183 -0.039273
0.092893 0.192797 -0.030910
0.086001 0.295071 -0.065266
0.078640 0.199293 -0.030981
0.061350 0.229889 -0.038402
0.049363 0.198372 -0.028150
0.043972 0.215612 -0.032720
0.033103 0.249488 -0.043103
0.025305 0.192367 -0.025311
-0.028740 0.180461 -0.022408
-0.036595 0.173551 -0.021092
-0.025709 0.170043 -0.019812
-0.141266 0.156930 -0.030072
-0.078594 0.152467 -0.019709
-0.142166 0.133009 -0.025487
-0.116088 0.111139 -0.017272
-0.097336 0.099910 -0.012974
-0.056498 0.092063 -0.007753
-0.072922 0.079218 -0.007703
-0.057673 0.076763 -0.006119
-0.148275 0.071226 -0.018105
-0.093653 0.058272 -0.008087
-0.089420 0.053703 -0.007227
-0.033254 0.048563 -0.002294
-0.126252 0.039183 -0.011642
-0.069295 0.025538 -0.003614
-0.199427 0.172339 -0.047415
-0.214650 0.164711 -0.050052
-0.291396 0.157775 -0.076457
-0.169826 0.157911 -0.036430
-0.171947 0.148880 -0.035010
-0.275674 0.137781 -0.065640
-0.223846 0.122278 -0.044309
-0.198336 0.114513 -0.035509
-0.209997 0.113341 -0.038634
-0.170950 0.112788 -0.028258
-0.217474 0.109843 -0.040318
-0.252013 0.106734 -0.051256
-0.187566 0.106736 -0.031444
-0.271638 0.101730 -0.057835
-0.207345 0.097670 -0.035565
-0.273673 0.094734 -0.057645
-0.237584 0.091200 -0.044102
-0.281890 0.076085 -0.058633
-0.185208 0.048603 -0.024640
-0.215578 0.041589 -0.032569
-0.283147 0.025864 -0.055480
-0.192976 0.026074 -0.025499
-0.159390 -0.075948 -0.020898
-0.154098 -0.114698 -0.024803
-0.130375 -0.058784 -0.013645
-0.118492 -0.012665 -0.009447
-0.118311 -0.016198 -0.009487
-0.078078 -0.101797 -0.010960
-0.070518 -0.049205 -0.004904
-0.068434 -0.061378 -0.005607
-0.058212 -0.096838 -0.008487
-0.045489 -0.140317 -0.014524
-0.041549 -0.042734 -0.002352
-0.038366 -0.057796 -0.003188
-0.030287 -0.068769 -0.003742
-0.028640 -0.001696 -0.000544
-0.169649 -0.190328 -0.044271
-0.150971 -0.241190 -0.055568
-0.142774 -0.199589 -0.040919
-0.129581 -0.283624 -0.067274
-0.120858 -0.227713 -0.045293
-0.121705 -0.233541 -0.047331
-0.119824 -0.206688 -0.038726
-0.112103 -0.257679 -0.054143
-0.106653 -0.190953 -0.032316
-0.094907 -0.268709 -0.055744
-0.081878 -0.235847 -0.042393
-0.078016 -0.252627 -0.047722
-0.074595 -0.269270 -0.053506
-0.069036 -0.245899 -0.044431
-0.066265 -0.298845 -0.064714
-0.067237 -0.171405 -0.022754
-0.065816 -0.241487 -0.042618
-0.061341 -0.250233 -0.045237
-0.057201 -0.248866 -0.044412
-0.051343 -0.265665 -0.050059
-0.044407 -0.267768 -0.050383
-0.039083 -0.283751 -0.056337
0.102130 -0.177240 -0.028189
0.104246 -0.164232 -0.025444
0.072203 -0.143311 -0.017221
-0.002115 -0.137110 -0.012535
0.143878 -0.134268 -0.026053
0.110838 -0.117484 -0.017448
0.126017 -0.115025 -0.019497
0.134980 -0.112618 -0.020713
0.133871 -0.089534 -0.017347
0.063817 -0.077392 -0.006682
0.093251 -0.076600 -0.009690
0.095926 -0.071888 -0.009560
0.122427 -0.061962 -0.012551
0.032585 -0.060852 -0.003157
0.115986 -0.058169 -0.011214
0.098762 -0.050431 -0.008174
0.154544 -0.038313 -0.016950
0.104143 -0.035668 -0.008054
0.009425 -0.027234 -0.000549
0.257545 -0.169626 -0.065729
0.290649 -0.153314 -0.075118
0.186884 -0.158693 -0.040841
0.287013 -0.149462 -0.072725
0.226733 -0.143714 -0.049243
0.169497 -0.141045 -0.032859
0.203441 -0.132543 -0.040036
0.254492 -0.125169 -0.055189
0.233043 -0.125564 -0.047840
0.233759 -0.109160 -0.045363
0.200001 -0.110322 -0.035315
0.213931 -0.096996 -0.037401
0.266138 -0.091558 -0.054319
0.294570 -0.087812 -0.065280
0.167051 -0.082221 -0.023276
0.209239 -0.078419 -0.033763
0.243462 -0.068185 -0.043512
0.238754 -0.054879 -0.040776
0.290980 -0.052002 -0.060156
0.249444 -0.040829 -0.043488
0.255315 -0.032693 -0.045149
0.366259 0.192048 -0.123084
-0.194040 0.376625 -0.129807
-0.171903 0.401507 -0.138860
-0.406228 -0.226453 -0.159903
-0.345298 -0.199373 -0.113641
-0.354313 -0.190810 -0.115953
0.237423 -0.340648 -0.124176
0.167691 -0.384097 -0.126744
0.163740 -0.387276 -0.127653
0.438143 0.126204 -0.152897
0.388145 0.126494 -0.119642
0.386046 0.124777 -0.118028
0.376711 0.079356 -0.105314
0.417583 0.059230 -0.128520
0.453598 0.027501 -0.151747
0.367375 -0.004794 -0.095238
-0.096666 0.461395 -0.164893
-0.069709 0.475212 -0.172086
-0.123139 0.374366 -0.110794
-0.093716 0.366932 -0.101648
-0.043034 0.388090 -0.108592
-0.015162 0.365364 -0.094280
-0.004354 0.395711 -0.111797
-0.403615 -0.064134 -0.119926
-0.404547 -0.009464 -0.117361
-0.373342 0.003449 -0.098581
0.132529 -0.376173 -0.113711
0.114224 -0.398046 -0.123447
0.112772 -0.358911 -0.100208
0.106160 -0.376072 -0.108773
0.104556 -0.360232 -0.099572
0.088872 -0.410371 -0.127262
0.077448 -0.368570 -0.100442
0.069827 -0.374199 -0.102778
0.064074 -0.395143 -0.114624
0.063871 -0.385671 -0.108867
0.064333 -0.369786 -0.099710
0.003519 -0.380287 -0.102572
0.001093 -0.398043 -0.113220
-0.006052 -0.410380 -0.121050
0.137944 0.456790 -0.169524
0.056755 0.454371 -0.154372
0.136892 0.439129 -0.155952
0.063362 0.442012 -0.145889
-0.087827 -0.444730 -0.150914
0.187928 0.412932 -0.151187
0.193116 0.402683 -0.145936
0.198757 0.392293 -0.141001
0.257670 0.337605 -0.130504
0.235282 0.325354 -0.115380
0.211533 0.323644 -0.106301
0.197241 0.325123 -0.102556
0.183987 0.314200 -0.093414
0.065105 0.386357 -0.109399
0.072329 0.342831 -0.086057
0.076385 0.340458 -0.085297
0.119966 0.337316 -0.090104
-0.376827 0.185113 -0.127233
-0.366034 0.175574 -0.118190
-0.323390 0.231567 -0.113037
-0.304619 0.241914 -0.107705
-0.411191 0.127467 -0.134475
-0.355880 0.036981 -0.089987
-0.350304 0.072125 -0.089910
-0.340979 0.055672 -0.083526
-0.316640 0.046219 -0.071031
-0.282819 -0.388970 -0.172598
-0.215130 -0.348400 -0.120432
-0.236843 -0.324146 -0.115343
-0.106472 -0.422625 -0.138203
-0.150388 -0.390209 -0.126132
-0.065752 -0.368089 -0.098898
-0.078247 -0.362499 -0.097162
-0.111200 -0.359938 -0.100503
-0.146401 -0.350679 -0.102403
-0.032152 -0.355407 -0.089484
-0.053461 -0.339714 -0.082708
0.365118 -0.184026 -0.120050
0.353807 -0.237635 -0.131527
0.325831 -0.228032 -0.113006
0.299494 -0.278048 -0.119916
0.303858 -0.236818 -0.105471
0.391467 -0.032852 -0.110030
0.364399 -0.057439 -0.096069
0.350551 -0.098049 -0.093359
0.337127 -0.068186 -0.082737
FRAME 119 363
0.317770 0.023588 -0.070402
0.316887 0.039790 -0.070742
0.307558 0.134342 -0.078546
0.298013 0.069931 -0.064716
0.289277 0.087331 -0.062987
0.278176 0.131811 -0.065478
0.280053 0.003957 -0.053772
0.266205 0.048831 -0.050084
0.258101 0.115020 -0.054770
0.254049 0.127728 -0.055490
0.252417 0.034994 -0.044225
0.252236 0.040875 -0.044474
0.245621 0.110766 -0.049624
0.246103 0.020351 -0.041451
0.238565 0.095135 -0.044945
0.230582 -0.007342 -0.036044
0.224442 0.121554 -0.044373
0.222148 0.054846 -0.035445
0.210118 0.082630 -0.034488
0.320915 0.165070 -0.091652
0.290461 0.205278 -0.088854
0.294417 0.151080 -0.076238
0.290481 0.162506 -0.077180
0.231073 0.289987 -0.097131
0.209530 0.235551 -0.068838
0.205791 0.265114 -0.078542
0.198937 0.273716 -0.079917
0.201845 0.183803 -0.050988
0.004995 0.324435 -0.073140
-0.017211 0.312634 -0.067856
-0.134493 0.308813 -0.079147
-0.008521 0.294111 -0.059582
-0.077259 0.290352 -0.062242
-0.059439 0.288321 -0.059645
-0.089279 0.278329 -0.058767
-0.015436 0.279008 -0.053515
-0.064626 0.271815 -0.053498
-0.051225 0.265803 -0.050102
-0.124205 0.253657 -0.054715
-0.033445 0.242632 -0.040757
-0.073709 0.236331 -0.041664
-0.020013 0.236746 -0.038288
-0.140873 0.230332 -0.049835
-0.102593 0.230571 -0.043347
-0.119835 0.229315 -0.045635
-0.133579 0.218288 -0.044614
-0.141685 0.217610 -0.045975
-0.115254 0.217044 -0.041039
-0.080085 0.210992 -0.034456
-0.115049 0.205374 -0.037568
-0.150922 0.202447 -0.043399
-0.197460 0.315826 -0.098079
-0.206740 0.294584 -0.091116
-0.217530 0.262353 -0.081139
-0.172926 0.260465 -0.067645
-0.184434 0.252999 -0.067848
-0.155637 0.226073 -0.051560
-0.207543 0.202045 -0.057662
-0.337067 -0.099212 -0.086573
-0.323089 -0.079893 -0.077167
-0.307521 -0.104895 -0.073352
-0.297153 -0.075639 -0.064947
-0.289080 -0.066823 -0.060629
-0.284941 -0.003954 -0.055741
-0.280893 -0.058222 -0.056515
-0.270802 -0.102907 -0.057682
-0.272302 -0.049195 -0.052438
-0.260778 -0.131011 -0.058574
-0.252826 -0.122337 -0.054087
-0.251560 -0.125381 -0.054169
-0.252095 -0.040935 -0.044427
-0.239038 -0.119859 -0.048850
-0.236812 -0.058931 -0.040452
-0.228381 -0.096192 -0.041752
-0.228480 -0.021022 -0.035644
-0.222762 0.000833 -0.033551
-0.222049 -0.063941 -0.036164
-0.210677 -0.147809 -0.045133
-0.260371 -0.239304 -0.087771
-0.245738 -0.243860 -0.083889
-0.226462 -0.254474 -0.081060
-0.233404 -0.168044 -0.056819
-0.212997 -0.278677 -0.086254
-0.218334 -0.163540 -0.050910
-0.203309 -0.298960 -0.092012
0.011515 -0.332190 -0.076956
0.104722 -0.323952 -0.080964
0.088248 -0.302392 -0.068723
0.043806 -0.291456 -0.059791
0.136308 -0.284872 -0.069089
0.020811 -0.286818 -0.056805
0.074488 -0.279733 -0.057593
0.050069 -0.278529 -0.054941
0.018389 -0.279103 -0.053624
0.097600 -0.271426 -0.057163
0.100626 -0.270426 -0.057204
-0.002832 -0.273467 -0.051177
0.032638 -0.269515 -0.050406
0.051817 -0.266820 -0.050529
0.022248 -0.263769 -0.047836
0.079336 -0.260483 -0.050719
0.107690 -0.258110 -0.053610
-0.006184 -0.260338 -0.046247
0.111817 -0.256785 -0.053770
0.059914 -0.256986 -0.047527
0.119307 -0.253759 -0.053902
0.040397 -0.254238 -0.045159
0.145372 -0.245590 -0.055912
0.073285 -0.243847 -0.044150
0.085780 -0.243141 -0.045305
0.036759 -0.244541 -0.041570
-0.008490 -0.240812 -0.039412
0.117474 -0.232154 -0.046163
-0.007793 -0.217011 -0.031845
0.052149 -0.212144 -0.032238
0.157733 -0.328164 -0.093413
0.177654 -0.293412 -0.082253
0.266282 -0.282008 -0.107026
0.207749 -0.285246 -0.087371
0.163281 -0.284394 -0.074794
0.175692 -0.273608 -0.073467
0.150997 -0.274998 -0.068139
0.162249 -0.272463 -0.069692
0.152400 -0.257454 -0.061691
0.245774 -0.241949 -0.083212
0.169252 -0.225198 -0.054424
0.271481 -0.215382 -0.084065
0.156156 -0.221968 -0.050371
0.205781 -0.212870 -0.060361
0.162438 -0.209377 -0.047946
0.180780 -0.208088 -0.052021
0.181252 0.024640 -0.022454
0.175449 0.142574 -0.034580
0.158245 0.145278 -0.031150
0.129594 0.076034 -0.015075
0.108578 0.011823 -0.007928
0.104391 0.029529 -0.007821
0.093234 0.059151 -0.008103
0.090370 0.011117 -0.005501
0.081897 0.130185 -0.015804
0.064045 0.005649 -0.002738
0.059618 0.155052 -0.018469
0.041450 0.095104 -0.007149
0.160261 0.299884 -0.080743
0.156136 0.296585 -0.078326
0.160639 0.191782 -0.042574
0.157155 0.243963 -0.057891
0.153816 0.246415 -0.058009
0.142387 0.285746 -0.070687
0.145189 0.186478 -0.037874
0.130931 0.304097 -0.076320
0.116145 0.254383 -0.053598
0.107602 0.277420 -0.060994
0.110680 0.203272 -0.036286
0.108759 0.209449 -0.037765
0.091515 0.206189 -0.034427
0.082239 0.213142 -0.035330
0.069673 0.268982 -0.052891
0.067919 0.171023 -0.022728
0.057124 0.286325 -0.058629
0.050176 0.270954 -0.051987
0.048746 0.190806 -0.026090
0.028257 0.234366 -0.037785
0.026104 0.298794 -0.062015
-0.062437 0.176575 -0.023557
-0.098518 0.170697 -0.026131
-0.086783 0.146247 -0.019367
-0.126146 0.142987 -0.024431
-0.055803 0.134900 -0.014223
-0.041011 0.126386 -0.011764
-0.101734 0.122379 -0.016933
-0.096732 0.115809 -0.015205
-0.022042 0.086379 -0.005272
-0.101536 0.079749 -0.011102
-0.091406 0.070263 -0.008839
-0.001709 0.052848 -0.001851
-0.128768 0.040916 -0.012167
-0.011926 0.029856 -0.000684
-0.052012 0.022265 -0.002119
-0.169900 0.151871 -0.035149
-0.163347 0.142501 -0.031730
-0.275415 0.124336 -0.062991
-0.223839 0.122270 -0.044305
-0.203292 0.115976 -0.037126
-0.168176 0.106247 -0.026630
-0.271638 0.101746 -0.057837
-0.220600 0.094133 -0.039038
-0.213143 0.089579 -0.036206
-0.183946 0.080426 -0.027132
-0.279882 0.066352 -0.056833
-0.177654 0.068531 -0.024362
-0.250372 0.065719 -0.045677
-0.233768 0.055440 -0.039175
-0.286325 0.039022 -0.057383
-0.196153 0.036384 -0.026786
-0.269495 0.034767 -0.050500
-0.254026 0.033976 -0.044748
-0.212098 0.024340 -0.030757
-0.177109 -0.125073 -0.031745
-0.177555 -0.117847 -0.030644
-0.162494 -0.105241 -0.025198
-0.148441 -0.074037 -0.018415
-0.146152 -0.001160 -0.014257
-0.135461 -0.062465 -0.014857
-0.134347 -0.030011 -0.012633
-0.120186 -0.090306 -0.015092
-0.077111 -0.074438 -0.007633
-0.072375 -0.144509 -0.017471
-0.060620 -0.149551 -0.017416
-0.046909 -0.109226 -0.009400
-0.031981 -0.098934 -0.007181
-0.175574 -0.172462 -0.041163
-0.165144 -0.286741 -0.076228
-0.170664 -0.213647 -0.051162
-0.169658 -0.190319 -0.044271
-0.152158 -0.245172 -0.057209
-0.154976 -0.171090 -0.036091
-0.146195 -0.173654 -0.034870
-0.144187 -0.220533 -0.047382
-0.135940 -0.188252 -0.036528
-0.132628 -0.251221 -0.055380
-0.120874 -0.227712 -0.045296
-0.117098 -0.228896 -0.045044
-0.113673 -0.289817 -0.067043
-0.111962 -0.278180 -0.061987
-0.111259 -0.272130 -0.059481
-0.082326 -0.223317 -0.038427
-0.069679 -0.304552 -0.067545
-0.070225 -0.228356 -0.038726
-0.069019 -0.245907 -0.044432
-0.065722 -0.269816 -0.052830
-0.066071 -0.206190 -0.031655
-0.064002 -0.179366 -0.024370
-0.061373 -0.250255 -0.045247
-0.057226 -0.248866 -0.044414
-0.055561 -0.285553 -0.058186
-0.048554 -0.275816 -0.053763
-0.042784 -0.213869 -0.032132
-0.032432 -0.206528 -0.029468
0.040443 -0.178073 -0.022376
0.113231 -0.170866 -0.028307
0.115896 -0.168961 -0.028282
0.002262 -0.164969 -0.018215
0.145870 -0.148051 -0.029118
0.069706 -0.144384 -0.017189
0.011289 -0.137573 -0.012703
0.111011 -0.131401 -0.019822
0.108154 -0.116649 -0.016918
0.072725 -0.099683 -0.010134
0.128045 -0.088276 -0.016164
0.118871 -0.081064 -0.013812
0.136001 -0.071333 -0.015756
0.000541 -0.064950 -0.002794
-0.001303 -0.053108 -0.001868
0.070317 -0.030637 -0.003899
0.126317 -0.027267 -0.011122
0.217905 -0.171190 -0.052594
0.278015 -0.162079 -0.071882
0.194985 -0.145749 -0.040249
0.194317 -0.118964 -0.035135
0.292248 -0.113051 -0.067968
0.233743 -0.109186 -0.045362
0.265654 -0.107496 -0.056398
0.162096 -0.103668 -0.024885
0.251624 -0.099283 -0.050029
0.164853 -0.070567 -0.021566
0.211158 -0.055166 -0.032174
0.233341 -0.052483 -0.038813
0.265402 -0.047089 -0.049664
0.238097 -0.043135 -0.039753
0.276179 -0.041708 -0.053466
0.182923 -0.039604 -0.023524
0.193548 -0.034833 -0.026015
0.255323 -0.032685 -0.045151
0.235437 -0.031164 -0.038255
0.209722 -0.028589 -0.030222
-0.174216 0.349235 -0.108477
-0.145717 0.442646 -0.160630
-0.355531 -0.196481 -0.118347
-0.399917 -0.178568 -0.139720
0.185099 -0.472558 -0.195569
0.221928 -0.366844 -0.133271
0.198071 -0.353915 -0.117940
0.169549 -0.357557 -0.111787
0.167672 -0.367345 -0.116820
0.353885 0.128588 -0.100387
0.447523 0.033867 -0.147557
0.390133 0.020659 -0.108719
-0.039894 0.471935 -0.166658
-0.110975 0.380776 -0.112339
-0.086064 0.402892 -0.122059
-0.074461 0.399740 -0.118605
-0.073516 0.402567 -0.120276
-0.062771 0.395457 -0.114689
-0.395537 -0.074610 -0.116007
-0.360445 -0.018660 -0.091678
0.094869 -0.461327 -0.164549
0.014428 -0.468826 -0.163016
0.097992 -0.358770 -0.097762
0.058510 -0.378765 -0.104299
0.056961 -0.362331 -0.094890
0.051031 -0.364047 -0.095349
0.044009 -0.363671 -0.094637
0.037814 -0.368624 -0.096999
0.006095 -0.376506 -0.100406
0.004488 -0.416171 -0.124816
-0.001613 -0.388011 -0.107119
-0.063617 -0.442436 -0.146222
0.180679 0.392049 -0.135298
0.183572 0.387896 -0.133541
0.059057 0.370747 -0.099756
0.081402 0.353354 -0.092594
0.109116 0.348682 -0.094102
0.033511 0.346835 -0.085052
0.152618 0.334671 -0.095472
0.122736 0.334142 -0.089010
0.048693 0.332514 -0.078765
0.073048 0.330079 -0.079763
0.041235 0.329110 -0.076611
0.128078 0.319449 -0.082847
-0.354061 0.287780 -0.153130
-0.348849 0.200610 -0.115948
-0.335602 0.201592 -0.109212
-0.310421 0.231807 -0.106766
-0.295816 0.280602 -0.119317
-0.407462 0.119022 -0.130361
-0.393275 0.095085 -0.117328
-0.355864 0.035410 -0.089894
-0.346771 0.167763 -0.105457
-0.346566 0.029754 -0.084737
-0.344109 0.025063 -0.083283
-0.341704 0.059918 -0.084259
-0.332568 0.025679 -0.077529
-0.321825 0.088719 -0.077663
-0.229804 -0.351853 -0.127507
-0.192874 -0.311095 -0.094477
-0.030330 -0.427331 -0.133035
-0.140081 -0.393990 -0.126109
-0.162664 -0.372160 -0.118312
-0.049608 -0.362160 -0.094205
-0.028683 -0.350026 -0.086487
-0.133714 -0.343588 -0.095953
-0.036615 -0.348560 -0.086109
-0.150034 -0.328415 -0.091752
-0.094121 -0.332088 -0.083359
-0.069858 -0.325207 -0.077072
-0.058735 -0.324060 -0.075473
0.376105 -0.214864 -0.136324
0.340896 -0.189375 -0.108289
0.325611 -0.269364 -0.129075
0.321022 -0.257860 -0.121915
0.310217 -0.227763 -0.105239
0.358524 -0.144199 -0.106178
0.362803 -0.034682 -0.093607
0.354804 -0.131443 -0.101451
0.356759 -0.096797 -0.096494
0.353393 -0.053013 -0.089746
0.344571 -0.145788 -0.099027
0.342575 -0.086665 -0.087628
0.342081 -0.073014 -0.085748
0.333304 -0.047711 -0.079083
0.329192 -0.081618 -0.080310
0.327381 -0.037660 -0.075570
